INSERT INTO USUARIO (ID, NOME, NASCIMENTO, SCORE)
             VALUES (1, 'CONFIDENCIAL_1', NULL, 0);
INSERT INTO USUARIO (ID, NOME, NASCIMENTO, SCORE)
             VALUES (2, 'CONFIDENCIAL_2', NULL, 0);
INSERT INTO USUARIO (ID, NOME, NASCIMENTO, SCORE)
             VALUES (3, 'CONFIDENCIAL_3', NULL, 0);
INSERT INTO USUARIO (ID, NOME, NASCIMENTO, SCORE)
             VALUES (4, 'CONFIDENCIAL_4', NULL, 0);
INSERT INTO USUARIO (ID, NOME, NASCIMENTO, SCORE)
             VALUES (5, 'CONFIDENCIAL_5', NULL, 0);
INSERT INTO USUARIO (ID, NOME, NASCIMENTO, SCORE)
             VALUES (6, 'CONFIDENCIAL_6', NULL, 0);
INSERT INTO USUARIO (ID, NOME, NASCIMENTO, SCORE)
             VALUES (7, 'CONFIDENCIAL_7', NULL, 0);
INSERT INTO USUARIO (ID, NOME, NASCIMENTO, SCORE)
             VALUES (8, 'CONFIDENCIAL_8', NULL, 0);
INSERT INTO USUARIO (ID, NOME, NASCIMENTO, SCORE)
             VALUES (9, 'CONFIDENCIAL_9', NULL, 0);
INSERT INTO USUARIO (ID, NOME, NASCIMENTO, SCORE)
             VALUES (10, 'CONFIDENCIAL_10', NULL, 0);
INSERT INTO USUARIO (ID, NOME, NASCIMENTO, SCORE)
             VALUES (11, 'CONFIDENCIAL_11', NULL, 0);
INSERT INTO USUARIO (ID, NOME, NASCIMENTO, SCORE)
             VALUES (12, 'CONFIDENCIAL_12', NULL, 0);
INSERT INTO USUARIO (ID, NOME, NASCIMENTO, SCORE)
             VALUES (13, 'CONFIDENCIAL_13', NULL, 0);
INSERT INTO USUARIO (ID, NOME, NASCIMENTO, SCORE)
             VALUES (14, 'CONFIDENCIAL_14', NULL, 0);
INSERT INTO USUARIO (ID, NOME, NASCIMENTO, SCORE)
             VALUES (15, 'CONFIDENCIAL_15', NULL, 0);
INSERT INTO USUARIO (ID, NOME, NASCIMENTO, SCORE)
             VALUES (16, 'CONFIDENCIAL_16', NULL, 0);
INSERT INTO USUARIO (ID, NOME, NASCIMENTO, SCORE)
             VALUES (17, 'CONFIDENCIAL_17', NULL, 0);
INSERT INTO USUARIO (ID, NOME, NASCIMENTO, SCORE)
             VALUES (18, 'CONFIDENCIAL_18', NULL, 0);
INSERT INTO USUARIO (ID, NOME, NASCIMENTO, SCORE)
             VALUES (19, 'CONFIDENCIAL_19', NULL, 0);
INSERT INTO USUARIO (ID, NOME, NASCIMENTO, SCORE)
             VALUES (20, 'CONFIDENCIAL_20', NULL, 0);
INSERT INTO USUARIO (ID, NOME, NASCIMENTO, SCORE)
             VALUES (21, 'CONFIDENCIAL_21', NULL, 0);
INSERT INTO USUARIO (ID, NOME, NASCIMENTO, SCORE)
             VALUES (22, 'CONFIDENCIAL_22', NULL, 0);
INSERT INTO USUARIO (ID, NOME, NASCIMENTO, SCORE)
             VALUES (23, 'CONFIDENCIAL_23', NULL, 0);
INSERT INTO USUARIO (ID, NOME, NASCIMENTO, SCORE)
             VALUES (24, 'CONFIDENCIAL_24', NULL, 0);
INSERT INTO USUARIO (ID, NOME, NASCIMENTO, SCORE)
             VALUES (25, 'CONFIDENCIAL_25', NULL, 0);
INSERT INTO USUARIO (ID, NOME, NASCIMENTO, SCORE)
             VALUES (26, 'CONFIDENCIAL_26', NULL, 0);
INSERT INTO USUARIO (ID, NOME, NASCIMENTO, SCORE)
             VALUES (27, 'CONFIDENCIAL_27', NULL, 0);
INSERT INTO USUARIO (ID, NOME, NASCIMENTO, SCORE)
             VALUES (28, 'CONFIDENCIAL_28', NULL, 0);
INSERT INTO USUARIO (ID, NOME, NASCIMENTO, SCORE)
             VALUES (29, 'CONFIDENCIAL_29', NULL, 0);
INSERT INTO USUARIO (ID, NOME, NASCIMENTO, SCORE)
             VALUES (30, 'CONFIDENCIAL_30', NULL, 0);
INSERT INTO USUARIO (ID, NOME, NASCIMENTO, SCORE)
             VALUES (31, 'CONFIDENCIAL_31', NULL, 0);
INSERT INTO USUARIO (ID, NOME, NASCIMENTO, SCORE)
             VALUES (32, 'CONFIDENCIAL_32', NULL, 0);
INSERT INTO USUARIO (ID, NOME, NASCIMENTO, SCORE)
             VALUES (33, 'CONFIDENCIAL_33', NULL, 0);
INSERT INTO USUARIO (ID, NOME, NASCIMENTO, SCORE)
             VALUES (34, 'CONFIDENCIAL_34', NULL, 0);
INSERT INTO USUARIO (ID, NOME, NASCIMENTO, SCORE)
             VALUES (35, 'CONFIDENCIAL_35', NULL, 0);
INSERT INTO USUARIO (ID, NOME, NASCIMENTO, SCORE)
             VALUES (36, 'CONFIDENCIAL_36', NULL, 0);
INSERT INTO USUARIO (ID, NOME, NASCIMENTO, SCORE)
             VALUES (37, 'CONFIDENCIAL_37', NULL, 0);
INSERT INTO USUARIO (ID, NOME, NASCIMENTO, SCORE)
             VALUES (38, 'CONFIDENCIAL_38', NULL, 0);
INSERT INTO USUARIO (ID, NOME, NASCIMENTO, SCORE)
             VALUES (39, 'CONFIDENCIAL_39', NULL, 0);
INSERT INTO USUARIO (ID, NOME, NASCIMENTO, SCORE)
             VALUES (40, 'CONFIDENCIAL_40', NULL, 0);
INSERT INTO USUARIO (ID, NOME, NASCIMENTO, SCORE)
             VALUES (41, 'CONFIDENCIAL_41', NULL, 0);
INSERT INTO USUARIO (ID, NOME, NASCIMENTO, SCORE)
             VALUES (42, 'CONFIDENCIAL_42', NULL, 0);
INSERT INTO USUARIO (ID, NOME, NASCIMENTO, SCORE)
             VALUES (43, 'CONFIDENCIAL_43', NULL, 0);
INSERT INTO USUARIO (ID, NOME, NASCIMENTO, SCORE)
             VALUES (44, 'CONFIDENCIAL_44', NULL, 0);
INSERT INTO USUARIO (ID, NOME, NASCIMENTO, SCORE)
             VALUES (45, 'CONFIDENCIAL_45', NULL, 0);
INSERT INTO USUARIO (ID, NOME, NASCIMENTO, SCORE)
             VALUES (46, 'CONFIDENCIAL_46', NULL, 0);
INSERT INTO USUARIO (ID, NOME, NASCIMENTO, SCORE)
             VALUES (47, 'CONFIDENCIAL_47', NULL, 0);
INSERT INTO USUARIO (ID, NOME, NASCIMENTO, SCORE)
             VALUES (48, 'CONFIDENCIAL_48', NULL, 0);
INSERT INTO USUARIO (ID, NOME, NASCIMENTO, SCORE)
             VALUES (49, 'CONFIDENCIAL_49', NULL, 0);
INSERT INTO USUARIO (ID, NOME, NASCIMENTO, SCORE)
             VALUES (50, 'CONFIDENCIAL_50', NULL, 0);
COMMIT WORK;

INSERT INTO TECNOLOGIA (ID, DESCRICAO, RELEVANCIA)
                VALUES (1, 'Delphi', 0);
INSERT INTO TECNOLOGIA (ID, DESCRICAO, RELEVANCIA)
                VALUES (2, 'C#.Net', 0);
INSERT INTO TECNOLOGIA (ID, DESCRICAO, RELEVANCIA)
                VALUES (3, 'VB.Net', 0);
INSERT INTO TECNOLOGIA (ID, DESCRICAO, RELEVANCIA)
                VALUES (4, 'Java', 0);
INSERT INTO TECNOLOGIA (ID, DESCRICAO, RELEVANCIA)
                VALUES (5, 'Oracle', 0);
INSERT INTO TECNOLOGIA (ID, DESCRICAO, RELEVANCIA)
                VALUES (6, 'Informix', 0);
INSERT INTO TECNOLOGIA (ID, DESCRICAO, RELEVANCIA)
                VALUES (7, 'Laravel', 0);
INSERT INTO TECNOLOGIA (ID, DESCRICAO, RELEVANCIA)
                VALUES (8, 'AngularJS', 0);
INSERT INTO TECNOLOGIA (ID, DESCRICAO, RELEVANCIA)
                VALUES (9, 'HTML5/CSS', 0);
INSERT INTO TECNOLOGIA (ID, DESCRICAO, RELEVANCIA)
                VALUES (10, 'JavaScript', 0);
INSERT INTO TECNOLOGIA (ID, DESCRICAO, RELEVANCIA)
                VALUES (11, 'Android (Java)', 0);
INSERT INTO TECNOLOGIA (ID, DESCRICAO, RELEVANCIA)
                VALUES (12, 'iOS', 0);
INSERT INTO TECNOLOGIA (ID, DESCRICAO, RELEVANCIA)
                VALUES (13, 'PHP', 0);
INSERT INTO TECNOLOGIA (ID, DESCRICAO, RELEVANCIA)
                VALUES (14, 'VB', 0);
INSERT INTO TECNOLOGIA (ID, DESCRICAO, RELEVANCIA)
                VALUES (15, 'Android (Delphi)', 0);
INSERT INTO TECNOLOGIA (ID, DESCRICAO, RELEVANCIA)
                VALUES (16, 'SQL Server', 0);
INSERT INTO TECNOLOGIA (ID, DESCRICAO, RELEVANCIA)
                VALUES (17, 'Firebird', 0);
INSERT INTO TECNOLOGIA (ID, DESCRICAO, RELEVANCIA)
                VALUES (18, 'Interbase', 0);
INSERT INTO TECNOLOGIA (ID, DESCRICAO, RELEVANCIA)
                VALUES (19, 'Vaadin', 0);
INSERT INTO TECNOLOGIA (ID, DESCRICAO, RELEVANCIA)
                VALUES (20, 'Symphony', 0);
INSERT INTO TECNOLOGIA (ID, DESCRICAO, RELEVANCIA)
                VALUES (21, 'AWS', 0);
INSERT INTO TECNOLOGIA (ID, DESCRICAO, RELEVANCIA)
                VALUES (22, 'Java WEB', 0);
INSERT INTO TECNOLOGIA (ID, DESCRICAO, RELEVANCIA)
                VALUES (23, 'Struts', 0);
INSERT INTO TECNOLOGIA (ID, DESCRICAO, RELEVANCIA)
                VALUES (24, 'Hibernate', 0);
INSERT INTO TECNOLOGIA (ID, DESCRICAO, RELEVANCIA)
                VALUES (25, 'HQL', 0);
INSERT INTO TECNOLOGIA (ID, DESCRICAO, RELEVANCIA)
                VALUES (26, 'PL/SQL', 0);
INSERT INTO TECNOLOGIA (ID, DESCRICAO, RELEVANCIA)
                VALUES (27, 'Ajax', 0);
INSERT INTO TECNOLOGIA (ID, DESCRICAO, RELEVANCIA)
                VALUES (28, 'DB2', 0);
INSERT INTO TECNOLOGIA (ID, DESCRICAO, RELEVANCIA)
                VALUES (29, 'JSP', 0);
INSERT INTO TECNOLOGIA (ID, DESCRICAO, RELEVANCIA)
                VALUES (30, 'Servlets', 0);
INSERT INTO TECNOLOGIA (ID, DESCRICAO, RELEVANCIA)
                VALUES (31, 'EJB', 0);
INSERT INTO TECNOLOGIA (ID, DESCRICAO, RELEVANCIA)
                VALUES (32, 'Postgre', 0);
INSERT INTO TECNOLOGIA (ID, DESCRICAO, RELEVANCIA)
                VALUES (33, 'C++', 0);
INSERT INTO TECNOLOGIA (ID, DESCRICAO, RELEVANCIA)
                VALUES (34, 'MySQL', 0);
INSERT INTO TECNOLOGIA (ID, DESCRICAO, RELEVANCIA)
                VALUES (35, 'MongoDB', 0);
INSERT INTO TECNOLOGIA (ID, DESCRICAO, RELEVANCIA)
                VALUES (36, 'JQuery', 0);
INSERT INTO TECNOLOGIA (ID, DESCRICAO, RELEVANCIA)
                VALUES (37, 'WCF', 0);
INSERT INTO TECNOLOGIA (ID, DESCRICAO, RELEVANCIA)
                VALUES (38, 'MVC', 0);
INSERT INTO TECNOLOGIA (ID, DESCRICAO, RELEVANCIA)
                VALUES (39, 'JSF', 0);
INSERT INTO TECNOLOGIA (ID, DESCRICAO, RELEVANCIA)
                VALUES (40, 'MS Access', 0);
INSERT INTO TECNOLOGIA (ID, DESCRICAO, RELEVANCIA)
                VALUES (41, 'JBoss', 0);
INSERT INTO TECNOLOGIA (ID, DESCRICAO, RELEVANCIA)
                VALUES (42, 'ANT', 0);
INSERT INTO TECNOLOGIA (ID, DESCRICAO, RELEVANCIA)
                VALUES (43, 'JPA', 0);
INSERT INTO TECNOLOGIA (ID, DESCRICAO, RELEVANCIA)
                VALUES (44, 'Flex', 0);
INSERT INTO TECNOLOGIA (ID, DESCRICAO, RELEVANCIA)
                VALUES (45, 'EmberJS', 0);
INSERT INTO TECNOLOGIA (ID, DESCRICAO, RELEVANCIA)
                VALUES (46, 'Grunt', 0);
INSERT INTO TECNOLOGIA (ID, DESCRICAO, RELEVANCIA)
                VALUES (47, 'Scriptcase', 0);
INSERT INTO TECNOLOGIA (ID, DESCRICAO, RELEVANCIA)
                VALUES (48, 'XSEED', 0);
INSERT INTO TECNOLOGIA (ID, DESCRICAO, RELEVANCIA)
                VALUES (49, 'Lua', 0);
INSERT INTO TECNOLOGIA (ID, DESCRICAO, RELEVANCIA)
                VALUES (50, 'Telium', 0);
INSERT INTO TECNOLOGIA (ID, DESCRICAO, RELEVANCIA)
                VALUES (51, 'NodeJS', 0);
INSERT INTO TECNOLOGIA (ID, DESCRICAO, RELEVANCIA)
                VALUES (52, 'Groove', 0);
INSERT INTO TECNOLOGIA (ID, DESCRICAO, RELEVANCIA)
                VALUES (53, 'Robotium', 0);
INSERT INTO TECNOLOGIA (ID, DESCRICAO, RELEVANCIA)
                VALUES (54, 'TCL/TK', 0);
INSERT INTO TECNOLOGIA (ID, DESCRICAO, RELEVANCIA)
                VALUES (55, 'Centura', 0);
INSERT INTO TECNOLOGIA (ID, DESCRICAO, RELEVANCIA)
                VALUES (56, 'Zend', 0);
INSERT INTO TECNOLOGIA (ID, DESCRICAO, RELEVANCIA)
                VALUES (57, 'Forms & Reports', 0);
INSERT INTO TECNOLOGIA (ID, DESCRICAO, RELEVANCIA)
                VALUES (58, 'Spring', 0);
INSERT INTO TECNOLOGIA (ID, DESCRICAO, RELEVANCIA)
                VALUES (59, 'Richfaces', 0);
INSERT INTO TECNOLOGIA (ID, DESCRICAO, RELEVANCIA)
                VALUES (60, 'ActionScript', 0);
INSERT INTO TECNOLOGIA (ID, DESCRICAO, RELEVANCIA)
                VALUES (61, 'Websphere', 0);
INSERT INTO TECNOLOGIA (ID, DESCRICAO, RELEVANCIA)
                VALUES (62, 'IBM RAD', 0);
INSERT INTO TECNOLOGIA (ID, DESCRICAO, RELEVANCIA)
                VALUES (63, 'ISO 8583', 0);
INSERT INTO TECNOLOGIA (ID, DESCRICAO, RELEVANCIA)
                VALUES (64, 'BADA', 0);
INSERT INTO TECNOLOGIA (ID, DESCRICAO, RELEVANCIA)
                VALUES (65, 'SWT', 0);
INSERT INTO TECNOLOGIA (ID, DESCRICAO, RELEVANCIA)
                VALUES (66, 'DWR', 0);
INSERT INTO TECNOLOGIA (ID, DESCRICAO, RELEVANCIA)
                VALUES (67, 'ASP', 0);
INSERT INTO TECNOLOGIA (ID, DESCRICAO, RELEVANCIA)
                VALUES (68, 'ProC', 0);
INSERT INTO TECNOLOGIA (ID, DESCRICAO, RELEVANCIA)
                VALUES (69, 'SOA', 0);
INSERT INTO TECNOLOGIA (ID, DESCRICAO, RELEVANCIA)
                VALUES (70, 'OSB', 0);
INSERT INTO TECNOLOGIA (ID, DESCRICAO, RELEVANCIA)
                VALUES (71, 'Sybase', 0);
INSERT INTO TECNOLOGIA (ID, DESCRICAO, RELEVANCIA)
                VALUES (72, 'JUnit', 0);
INSERT INTO TECNOLOGIA (ID, DESCRICAO, RELEVANCIA)
                VALUES (73, 'Mockito', 0);
INSERT INTO TECNOLOGIA (ID, DESCRICAO, RELEVANCIA)
                VALUES (74, 'Maven', 0);
INSERT INTO TECNOLOGIA (ID, DESCRICAO, RELEVANCIA)
                VALUES (75, 'Lombok', 0);
INSERT INTO TECNOLOGIA (ID, DESCRICAO, RELEVANCIA)
                VALUES (76, 'Primefaces', 0);
INSERT INTO TECNOLOGIA (ID, DESCRICAO, RELEVANCIA)
                VALUES (77, 'CDI', 0);
INSERT INTO TECNOLOGIA (ID, DESCRICAO, RELEVANCIA)
                VALUES (78, 'Clear Quest', 0);
INSERT INTO TECNOLOGIA (ID, DESCRICAO, RELEVANCIA)
                VALUES (79, 'Jenkins', 0);
INSERT INTO TECNOLOGIA (ID, DESCRICAO, RELEVANCIA)
                VALUES (80, 'SVN', 0);
INSERT INTO TECNOLOGIA (ID, DESCRICAO, RELEVANCIA)
                VALUES (81, 'nHibernate', 0);
INSERT INTO TECNOLOGIA (ID, DESCRICAO, RELEVANCIA)
                VALUES (82, '4GL', 0);
INSERT INTO TECNOLOGIA (ID, DESCRICAO, RELEVANCIA)
                VALUES (83, 'Clipper', 0);
INSERT INTO TECNOLOGIA (ID, DESCRICAO, RELEVANCIA)
                VALUES (84, 'Cordova', 0);
INSERT INTO TECNOLOGIA (ID, DESCRICAO, RELEVANCIA)
                VALUES (85, 'EF', 0);
INSERT INTO TECNOLOGIA (ID, DESCRICAO, RELEVANCIA)
                VALUES (86, 'Paradox', 0);
INSERT INTO TECNOLOGIA (ID, DESCRICAO, RELEVANCIA)
                VALUES (87, 'Arduino', 0);
COMMIT WORK;

INSERT INTO TECNOLOGIA_USUARIO (ID_USUARIO, ID_TECNOLOGIA, INOVATIVIDADE, CONHECE_DESDE, ESTUDA_DESDE, ESTUDOU_ATE)
                        VALUES (21, 43, 0, '2015-02-01', '2015-02-01', NULL);
INSERT INTO TECNOLOGIA_USUARIO (ID_USUARIO, ID_TECNOLOGIA, INOVATIVIDADE, CONHECE_DESDE, ESTUDA_DESDE, ESTUDOU_ATE)
                        VALUES (39, 8, 0, '2015-03-01', '2016-05-01', NULL);
INSERT INTO TECNOLOGIA_USUARIO (ID_USUARIO, ID_TECNOLOGIA, INOVATIVIDADE, CONHECE_DESDE, ESTUDA_DESDE, ESTUDOU_ATE)
                        VALUES (39, 10, 0, '2004-08-01', '2016-05-01', NULL);
INSERT INTO TECNOLOGIA_USUARIO (ID_USUARIO, ID_TECNOLOGIA, INOVATIVIDADE, CONHECE_DESDE, ESTUDA_DESDE, ESTUDOU_ATE)
                        VALUES (39, 9, 0, '2004-08-01', '2016-05-01', NULL);
INSERT INTO TECNOLOGIA_USUARIO (ID_USUARIO, ID_TECNOLOGIA, INOVATIVIDADE, CONHECE_DESDE, ESTUDA_DESDE, ESTUDOU_ATE)
                        VALUES (1, 1, 0, '2003-02-01', NULL, NULL);
INSERT INTO TECNOLOGIA_USUARIO (ID_USUARIO, ID_TECNOLOGIA, INOVATIVIDADE, CONHECE_DESDE, ESTUDA_DESDE, ESTUDOU_ATE)
                        VALUES (1, 4, 0, '2008-07-01', NULL, NULL);
INSERT INTO TECNOLOGIA_USUARIO (ID_USUARIO, ID_TECNOLOGIA, INOVATIVIDADE, CONHECE_DESDE, ESTUDA_DESDE, ESTUDOU_ATE)
                        VALUES (1, 5, 0, '2009-06-01', NULL, NULL);
INSERT INTO TECNOLOGIA_USUARIO (ID_USUARIO, ID_TECNOLOGIA, INOVATIVIDADE, CONHECE_DESDE, ESTUDA_DESDE, ESTUDOU_ATE)
                        VALUES (1, 6, 0, '2011-10-01', NULL, NULL);
INSERT INTO TECNOLOGIA_USUARIO (ID_USUARIO, ID_TECNOLOGIA, INOVATIVIDADE, CONHECE_DESDE, ESTUDA_DESDE, ESTUDOU_ATE)
                        VALUES (1, 9, 0, '2014-01-01', '2016-05-01', NULL);
INSERT INTO TECNOLOGIA_USUARIO (ID_USUARIO, ID_TECNOLOGIA, INOVATIVIDADE, CONHECE_DESDE, ESTUDA_DESDE, ESTUDOU_ATE)
                        VALUES (1, 10, 0, '2014-01-01', '2016-05-01', NULL);
INSERT INTO TECNOLOGIA_USUARIO (ID_USUARIO, ID_TECNOLOGIA, INOVATIVIDADE, CONHECE_DESDE, ESTUDA_DESDE, ESTUDOU_ATE)
                        VALUES (1, 13, 0, '2014-01-01', '2015-09-01', NULL);
INSERT INTO TECNOLOGIA_USUARIO (ID_USUARIO, ID_TECNOLOGIA, INOVATIVIDADE, CONHECE_DESDE, ESTUDA_DESDE, ESTUDOU_ATE)
                        VALUES (1, 17, 0, '2003-01-01', NULL, NULL);
INSERT INTO TECNOLOGIA_USUARIO (ID_USUARIO, ID_TECNOLOGIA, INOVATIVIDADE, CONHECE_DESDE, ESTUDA_DESDE, ESTUDOU_ATE)
                        VALUES (1, 34, 0, '2014-01-01', NULL, NULL);
INSERT INTO TECNOLOGIA_USUARIO (ID_USUARIO, ID_TECNOLOGIA, INOVATIVIDADE, CONHECE_DESDE, ESTUDA_DESDE, ESTUDOU_ATE)
                        VALUES (1, 47, 0.23, '2014-01-01', NULL, NULL);
INSERT INTO TECNOLOGIA_USUARIO (ID_USUARIO, ID_TECNOLOGIA, INOVATIVIDADE, CONHECE_DESDE, ESTUDA_DESDE, ESTUDOU_ATE)
                        VALUES (1, 48, 0, '2009-06-01', NULL, NULL);
INSERT INTO TECNOLOGIA_USUARIO (ID_USUARIO, ID_TECNOLOGIA, INOVATIVIDADE, CONHECE_DESDE, ESTUDA_DESDE, ESTUDOU_ATE)
                        VALUES (2, 1, 0, '2005-01-01', NULL, NULL);
INSERT INTO TECNOLOGIA_USUARIO (ID_USUARIO, ID_TECNOLOGIA, INOVATIVIDADE, CONHECE_DESDE, ESTUDA_DESDE, ESTUDOU_ATE)
                        VALUES (2, 4, 0, '2005-01-01', NULL, NULL);
INSERT INTO TECNOLOGIA_USUARIO (ID_USUARIO, ID_TECNOLOGIA, INOVATIVIDADE, CONHECE_DESDE, ESTUDA_DESDE, ESTUDOU_ATE)
                        VALUES (2, 5, 0, '2005-01-01', NULL, NULL);
INSERT INTO TECNOLOGIA_USUARIO (ID_USUARIO, ID_TECNOLOGIA, INOVATIVIDADE, CONHECE_DESDE, ESTUDA_DESDE, ESTUDOU_ATE)
                        VALUES (2, 9, 0, '2010-01-01', NULL, NULL);
INSERT INTO TECNOLOGIA_USUARIO (ID_USUARIO, ID_TECNOLOGIA, INOVATIVIDADE, CONHECE_DESDE, ESTUDA_DESDE, ESTUDOU_ATE)
                        VALUES (2, 10, 0, '2010-01-01', NULL, NULL);
INSERT INTO TECNOLOGIA_USUARIO (ID_USUARIO, ID_TECNOLOGIA, INOVATIVIDADE, CONHECE_DESDE, ESTUDA_DESDE, ESTUDOU_ATE)
                        VALUES (2, 19, 0, '2014-04-01', NULL, NULL);
INSERT INTO TECNOLOGIA_USUARIO (ID_USUARIO, ID_TECNOLOGIA, INOVATIVIDADE, CONHECE_DESDE, ESTUDA_DESDE, ESTUDOU_ATE)
                        VALUES (2, 26, 0, '2005-01-01', NULL, NULL);
INSERT INTO TECNOLOGIA_USUARIO (ID_USUARIO, ID_TECNOLOGIA, INOVATIVIDADE, CONHECE_DESDE, ESTUDA_DESDE, ESTUDOU_ATE)
                        VALUES (2, 33, 1, '2002-03-01', NULL, NULL);
INSERT INTO TECNOLOGIA_USUARIO (ID_USUARIO, ID_TECNOLOGIA, INOVATIVIDADE, CONHECE_DESDE, ESTUDA_DESDE, ESTUDOU_ATE)
                        VALUES (2, 34, 03, '2010-01-01', NULL, NULL);
INSERT INTO TECNOLOGIA_USUARIO (ID_USUARIO, ID_TECNOLOGIA, INOVATIVIDADE, CONHECE_DESDE, ESTUDA_DESDE, ESTUDOU_ATE)
                        VALUES (2, 50, 1, '2011-01-01', NULL, NULL);
INSERT INTO TECNOLOGIA_USUARIO (ID_USUARIO, ID_TECNOLOGIA, INOVATIVIDADE, CONHECE_DESDE, ESTUDA_DESDE, ESTUDOU_ATE)
                        VALUES (2, 51, 1, '2012-01-01', NULL, NULL);
INSERT INTO TECNOLOGIA_USUARIO (ID_USUARIO, ID_TECNOLOGIA, INOVATIVIDADE, CONHECE_DESDE, ESTUDA_DESDE, ESTUDOU_ATE)
                        VALUES (2, 52, 1, '2010-01-01', NULL, NULL);
INSERT INTO TECNOLOGIA_USUARIO (ID_USUARIO, ID_TECNOLOGIA, INOVATIVIDADE, CONHECE_DESDE, ESTUDA_DESDE, ESTUDOU_ATE)
                        VALUES (2, 53, 1, '2012-01-01', NULL, NULL);
INSERT INTO TECNOLOGIA_USUARIO (ID_USUARIO, ID_TECNOLOGIA, INOVATIVIDADE, CONHECE_DESDE, ESTUDA_DESDE, ESTUDOU_ATE)
                        VALUES (2, 54, 1, '2010-01-01', NULL, NULL);
INSERT INTO TECNOLOGIA_USUARIO (ID_USUARIO, ID_TECNOLOGIA, INOVATIVIDADE, CONHECE_DESDE, ESTUDA_DESDE, ESTUDOU_ATE)
                        VALUES (3, 1, 0.3, '2011-10-01', NULL, NULL);
INSERT INTO TECNOLOGIA_USUARIO (ID_USUARIO, ID_TECNOLOGIA, INOVATIVIDADE, CONHECE_DESDE, ESTUDA_DESDE, ESTUDOU_ATE)
                        VALUES (3, 6, 0.23, '2013-11-01', NULL, NULL);
INSERT INTO TECNOLOGIA_USUARIO (ID_USUARIO, ID_TECNOLOGIA, INOVATIVIDADE, CONHECE_DESDE, ESTUDA_DESDE, ESTUDOU_ATE)
                        VALUES (3, 9, 0, '2010-05-01', NULL, NULL);
INSERT INTO TECNOLOGIA_USUARIO (ID_USUARIO, ID_TECNOLOGIA, INOVATIVIDADE, CONHECE_DESDE, ESTUDA_DESDE, ESTUDOU_ATE)
                        VALUES (3, 10, 0.44, '2010-05-01', NULL, NULL);
INSERT INTO TECNOLOGIA_USUARIO (ID_USUARIO, ID_TECNOLOGIA, INOVATIVIDADE, CONHECE_DESDE, ESTUDA_DESDE, ESTUDOU_ATE)
                        VALUES (3, 13, 01, '2010-05-01', NULL, NULL);
INSERT INTO TECNOLOGIA_USUARIO (ID_USUARIO, ID_TECNOLOGIA, INOVATIVIDADE, CONHECE_DESDE, ESTUDA_DESDE, ESTUDOU_ATE)
                        VALUES (3, 16, 0.25, '2012-12-01', NULL, NULL);
INSERT INTO TECNOLOGIA_USUARIO (ID_USUARIO, ID_TECNOLOGIA, INOVATIVIDADE, CONHECE_DESDE, ESTUDA_DESDE, ESTUDOU_ATE)
                        VALUES (3, 34, 0.47, '2010-10-01', NULL, NULL);
INSERT INTO TECNOLOGIA_USUARIO (ID_USUARIO, ID_TECNOLOGIA, INOVATIVIDADE, CONHECE_DESDE, ESTUDA_DESDE, ESTUDOU_ATE)
                        VALUES (4, 1, 0, '2006-01-01', NULL, NULL);
INSERT INTO TECNOLOGIA_USUARIO (ID_USUARIO, ID_TECNOLOGIA, INOVATIVIDADE, CONHECE_DESDE, ESTUDA_DESDE, ESTUDOU_ATE)
                        VALUES (4, 4, 0, '2005-01-01', NULL, NULL);
INSERT INTO TECNOLOGIA_USUARIO (ID_USUARIO, ID_TECNOLOGIA, INOVATIVIDADE, CONHECE_DESDE, ESTUDA_DESDE, ESTUDOU_ATE)
                        VALUES (4, 5, 0.47, '2009-01-01', NULL, NULL);
INSERT INTO TECNOLOGIA_USUARIO (ID_USUARIO, ID_TECNOLOGIA, INOVATIVIDADE, CONHECE_DESDE, ESTUDA_DESDE, ESTUDOU_ATE)
                        VALUES (4, 6, 03, '2010-01-01', NULL, NULL);
INSERT INTO TECNOLOGIA_USUARIO (ID_USUARIO, ID_TECNOLOGIA, INOVATIVIDADE, CONHECE_DESDE, ESTUDA_DESDE, ESTUDOU_ATE)
                        VALUES (4, 9, 0, '2014-01-01', NULL, NULL);
INSERT INTO TECNOLOGIA_USUARIO (ID_USUARIO, ID_TECNOLOGIA, INOVATIVIDADE, CONHECE_DESDE, ESTUDA_DESDE, ESTUDOU_ATE)
                        VALUES (4, 10, 0, '2006-01-01', NULL, NULL);
INSERT INTO TECNOLOGIA_USUARIO (ID_USUARIO, ID_TECNOLOGIA, INOVATIVIDADE, CONHECE_DESDE, ESTUDA_DESDE, ESTUDOU_ATE)
                        VALUES (4, 13, 0, '2008-01-01', NULL, NULL);
INSERT INTO TECNOLOGIA_USUARIO (ID_USUARIO, ID_TECNOLOGIA, INOVATIVIDADE, CONHECE_DESDE, ESTUDA_DESDE, ESTUDOU_ATE)
                        VALUES (4, 18, 0, '2006-01-01', NULL, NULL);
INSERT INTO TECNOLOGIA_USUARIO (ID_USUARIO, ID_TECNOLOGIA, INOVATIVIDADE, CONHECE_DESDE, ESTUDA_DESDE, ESTUDOU_ATE)
                        VALUES (4, 19, 0, '2014-04-01', NULL, NULL);
INSERT INTO TECNOLOGIA_USUARIO (ID_USUARIO, ID_TECNOLOGIA, INOVATIVIDADE, CONHECE_DESDE, ESTUDA_DESDE, ESTUDOU_ATE)
                        VALUES (4, 26, 0.47, '2009-01-01', NULL, NULL);
INSERT INTO TECNOLOGIA_USUARIO (ID_USUARIO, ID_TECNOLOGIA, INOVATIVIDADE, CONHECE_DESDE, ESTUDA_DESDE, ESTUDOU_ATE)
                        VALUES (4, 34, 0, '2008-01-01', NULL, NULL);
INSERT INTO TECNOLOGIA_USUARIO (ID_USUARIO, ID_TECNOLOGIA, INOVATIVIDADE, CONHECE_DESDE, ESTUDA_DESDE, ESTUDOU_ATE)
                        VALUES (5, 1, 0.47, '2009-01-01', NULL, NULL);
INSERT INTO TECNOLOGIA_USUARIO (ID_USUARIO, ID_TECNOLOGIA, INOVATIVIDADE, CONHECE_DESDE, ESTUDA_DESDE, ESTUDOU_ATE)
                        VALUES (5, 2, 0, '2010-07-01', NULL, NULL);
INSERT INTO TECNOLOGIA_USUARIO (ID_USUARIO, ID_TECNOLOGIA, INOVATIVIDADE, CONHECE_DESDE, ESTUDA_DESDE, ESTUDOU_ATE)
                        VALUES (5, 6, 0.49, '2010-07-01', NULL, NULL);
INSERT INTO TECNOLOGIA_USUARIO (ID_USUARIO, ID_TECNOLOGIA, INOVATIVIDADE, CONHECE_DESDE, ESTUDA_DESDE, ESTUDOU_ATE)
                        VALUES (5, 17, 0.49, '2009-01-01', NULL, NULL);
INSERT INTO TECNOLOGIA_USUARIO (ID_USUARIO, ID_TECNOLOGIA, INOVATIVIDADE, CONHECE_DESDE, ESTUDA_DESDE, ESTUDOU_ATE)
                        VALUES (5, 26, 0, '2010-01-01', NULL, NULL);
INSERT INTO TECNOLOGIA_USUARIO (ID_USUARIO, ID_TECNOLOGIA, INOVATIVIDADE, CONHECE_DESDE, ESTUDA_DESDE, ESTUDOU_ATE)
                        VALUES (6, 1, 0, '2004-01-01', NULL, NULL);
INSERT INTO TECNOLOGIA_USUARIO (ID_USUARIO, ID_TECNOLOGIA, INOVATIVIDADE, CONHECE_DESDE, ESTUDA_DESDE, ESTUDOU_ATE)
                        VALUES (6, 5, 0, '2010-06-01', NULL, NULL);
INSERT INTO TECNOLOGIA_USUARIO (ID_USUARIO, ID_TECNOLOGIA, INOVATIVIDADE, CONHECE_DESDE, ESTUDA_DESDE, ESTUDOU_ATE)
                        VALUES (6, 6, 0, '2010-06-01', NULL, NULL);
INSERT INTO TECNOLOGIA_USUARIO (ID_USUARIO, ID_TECNOLOGIA, INOVATIVIDADE, CONHECE_DESDE, ESTUDA_DESDE, ESTUDOU_ATE)
                        VALUES (6, 9, 0.23, '2013-05-01', '2016-05-01', NULL);
INSERT INTO TECNOLOGIA_USUARIO (ID_USUARIO, ID_TECNOLOGIA, INOVATIVIDADE, CONHECE_DESDE, ESTUDA_DESDE, ESTUDOU_ATE)
                        VALUES (6, 10, 0.23, '2013-05-01', '2016-07-01', NULL);
INSERT INTO TECNOLOGIA_USUARIO (ID_USUARIO, ID_TECNOLOGIA, INOVATIVIDADE, CONHECE_DESDE, ESTUDA_DESDE, ESTUDOU_ATE)
                        VALUES (6, 13, 0, '2006-01-01', NULL, NULL);
INSERT INTO TECNOLOGIA_USUARIO (ID_USUARIO, ID_TECNOLOGIA, INOVATIVIDADE, CONHECE_DESDE, ESTUDA_DESDE, ESTUDOU_ATE)
                        VALUES (6, 17, 0, '2004-06-01', NULL, NULL);
INSERT INTO TECNOLOGIA_USUARIO (ID_USUARIO, ID_TECNOLOGIA, INOVATIVIDADE, CONHECE_DESDE, ESTUDA_DESDE, ESTUDOU_ATE)
                        VALUES (6, 33, 0, '2013-12-01', '2016-06-01', NULL);
INSERT INTO TECNOLOGIA_USUARIO (ID_USUARIO, ID_TECNOLOGIA, INOVATIVIDADE, CONHECE_DESDE, ESTUDA_DESDE, ESTUDOU_ATE)
                        VALUES (6, 34, 0.84, '2006-01-01', NULL, NULL);
INSERT INTO TECNOLOGIA_USUARIO (ID_USUARIO, ID_TECNOLOGIA, INOVATIVIDADE, CONHECE_DESDE, ESTUDA_DESDE, ESTUDOU_ATE)
                        VALUES (6, 47, 0.29, '2013-05-01', NULL, NULL);
INSERT INTO TECNOLOGIA_USUARIO (ID_USUARIO, ID_TECNOLOGIA, INOVATIVIDADE, CONHECE_DESDE, ESTUDA_DESDE, ESTUDOU_ATE)
                        VALUES (7, 1, 1, '2000-05-01', NULL, NULL);
INSERT INTO TECNOLOGIA_USUARIO (ID_USUARIO, ID_TECNOLOGIA, INOVATIVIDADE, CONHECE_DESDE, ESTUDA_DESDE, ESTUDOU_ATE)
                        VALUES (7, 5, 1, '2000-05-01', NULL, NULL);
INSERT INTO TECNOLOGIA_USUARIO (ID_USUARIO, ID_TECNOLOGIA, INOVATIVIDADE, CONHECE_DESDE, ESTUDA_DESDE, ESTUDOU_ATE)
                        VALUES (7, 6, 0, '2011-06-01', NULL, NULL);
INSERT INTO TECNOLOGIA_USUARIO (ID_USUARIO, ID_TECNOLOGIA, INOVATIVIDADE, CONHECE_DESDE, ESTUDA_DESDE, ESTUDOU_ATE)
                        VALUES (7, 17, 0.34, '2011-06-01', NULL, NULL);
INSERT INTO TECNOLOGIA_USUARIO (ID_USUARIO, ID_TECNOLOGIA, INOVATIVIDADE, CONHECE_DESDE, ESTUDA_DESDE, ESTUDOU_ATE)
                        VALUES (7, 26, 1, '2000-05-01', NULL, NULL);
INSERT INTO TECNOLOGIA_USUARIO (ID_USUARIO, ID_TECNOLOGIA, INOVATIVIDADE, CONHECE_DESDE, ESTUDA_DESDE, ESTUDOU_ATE)
                        VALUES (7, 55, 1, '2010-09-01', NULL, NULL);
INSERT INTO TECNOLOGIA_USUARIO (ID_USUARIO, ID_TECNOLOGIA, INOVATIVIDADE, CONHECE_DESDE, ESTUDA_DESDE, ESTUDOU_ATE)
                        VALUES (8, 1, 0, '2004-08-01', NULL, NULL);
INSERT INTO TECNOLOGIA_USUARIO (ID_USUARIO, ID_TECNOLOGIA, INOVATIVIDADE, CONHECE_DESDE, ESTUDA_DESDE, ESTUDOU_ATE)
                        VALUES (8, 2, 0, '2007-05-01', NULL, NULL);
INSERT INTO TECNOLOGIA_USUARIO (ID_USUARIO, ID_TECNOLOGIA, INOVATIVIDADE, CONHECE_DESDE, ESTUDA_DESDE, ESTUDOU_ATE)
                        VALUES (8, 4, 0, '2007-05-01', NULL, NULL);
INSERT INTO TECNOLOGIA_USUARIO (ID_USUARIO, ID_TECNOLOGIA, INOVATIVIDADE, CONHECE_DESDE, ESTUDA_DESDE, ESTUDOU_ATE)
                        VALUES (8, 5, 0.27, '2012-05-01', NULL, NULL);
INSERT INTO TECNOLOGIA_USUARIO (ID_USUARIO, ID_TECNOLOGIA, INOVATIVIDADE, CONHECE_DESDE, ESTUDA_DESDE, ESTUDOU_ATE)
                        VALUES (8, 6, 0.31, '2012-10-01', NULL, NULL);
INSERT INTO TECNOLOGIA_USUARIO (ID_USUARIO, ID_TECNOLOGIA, INOVATIVIDADE, CONHECE_DESDE, ESTUDA_DESDE, ESTUDOU_ATE)
                        VALUES (8, 9, 0, '2007-01-01', '2015-03-01', NULL);
INSERT INTO TECNOLOGIA_USUARIO (ID_USUARIO, ID_TECNOLOGIA, INOVATIVIDADE, CONHECE_DESDE, ESTUDA_DESDE, ESTUDOU_ATE)
                        VALUES (8, 10, 0, '2007-01-01', NULL, NULL);
INSERT INTO TECNOLOGIA_USUARIO (ID_USUARIO, ID_TECNOLOGIA, INOVATIVIDADE, CONHECE_DESDE, ESTUDA_DESDE, ESTUDOU_ATE)
                        VALUES (8, 11, 07, '2010-01-01', '2015-01-01', NULL);
INSERT INTO TECNOLOGIA_USUARIO (ID_USUARIO, ID_TECNOLOGIA, INOVATIVIDADE, CONHECE_DESDE, ESTUDA_DESDE, ESTUDOU_ATE)
                        VALUES (8, 16, 0, '2007-03-01', NULL, NULL);
INSERT INTO TECNOLOGIA_USUARIO (ID_USUARIO, ID_TECNOLOGIA, INOVATIVIDADE, CONHECE_DESDE, ESTUDA_DESDE, ESTUDOU_ATE)
                        VALUES (8, 17, 0, '2005-05-01', NULL, NULL);
INSERT INTO TECNOLOGIA_USUARIO (ID_USUARIO, ID_TECNOLOGIA, INOVATIVIDADE, CONHECE_DESDE, ESTUDA_DESDE, ESTUDOU_ATE)
                        VALUES (8, 21, 1, '2015-11-01', NULL, NULL);
INSERT INTO TECNOLOGIA_USUARIO (ID_USUARIO, ID_TECNOLOGIA, INOVATIVIDADE, CONHECE_DESDE, ESTUDA_DESDE, ESTUDOU_ATE)
                        VALUES (8, 26, 0.27, '2012-05-01', NULL, NULL);
INSERT INTO TECNOLOGIA_USUARIO (ID_USUARIO, ID_TECNOLOGIA, INOVATIVIDADE, CONHECE_DESDE, ESTUDA_DESDE, ESTUDOU_ATE)
                        VALUES (9, 1, 0.29, '2012-01-01', NULL, NULL);
INSERT INTO TECNOLOGIA_USUARIO (ID_USUARIO, ID_TECNOLOGIA, INOVATIVIDADE, CONHECE_DESDE, ESTUDA_DESDE, ESTUDOU_ATE)
                        VALUES (9, 4, 0, '2011-01-01', NULL, NULL);
INSERT INTO TECNOLOGIA_USUARIO (ID_USUARIO, ID_TECNOLOGIA, INOVATIVIDADE, CONHECE_DESDE, ESTUDA_DESDE, ESTUDOU_ATE)
                        VALUES (9, 5, 0.21, '2013-05-01', NULL, NULL);
INSERT INTO TECNOLOGIA_USUARIO (ID_USUARIO, ID_TECNOLOGIA, INOVATIVIDADE, CONHECE_DESDE, ESTUDA_DESDE, ESTUDOU_ATE)
                        VALUES (9, 6, 0.28, '2013-03-01', NULL, NULL);
INSERT INTO TECNOLOGIA_USUARIO (ID_USUARIO, ID_TECNOLOGIA, INOVATIVIDADE, CONHECE_DESDE, ESTUDA_DESDE, ESTUDOU_ATE)
                        VALUES (9, 16, 0, '2011-03-01', NULL, NULL);
INSERT INTO TECNOLOGIA_USUARIO (ID_USUARIO, ID_TECNOLOGIA, INOVATIVIDADE, CONHECE_DESDE, ESTUDA_DESDE, ESTUDOU_ATE)
                        VALUES (9, 19, 0.93, '2014-05-01', NULL, NULL);
INSERT INTO TECNOLOGIA_USUARIO (ID_USUARIO, ID_TECNOLOGIA, INOVATIVIDADE, CONHECE_DESDE, ESTUDA_DESDE, ESTUDOU_ATE)
                        VALUES (9, 26, 0.21, '2013-05-01', NULL, NULL);
INSERT INTO TECNOLOGIA_USUARIO (ID_USUARIO, ID_TECNOLOGIA, INOVATIVIDADE, CONHECE_DESDE, ESTUDA_DESDE, ESTUDOU_ATE)
                        VALUES (10, 1, 0, '2010-01-01', NULL, NULL);
INSERT INTO TECNOLOGIA_USUARIO (ID_USUARIO, ID_TECNOLOGIA, INOVATIVIDADE, CONHECE_DESDE, ESTUDA_DESDE, ESTUDOU_ATE)
                        VALUES (10, 2, 02, '2010-03-01', NULL, NULL);
INSERT INTO TECNOLOGIA_USUARIO (ID_USUARIO, ID_TECNOLOGIA, INOVATIVIDADE, CONHECE_DESDE, ESTUDA_DESDE, ESTUDOU_ATE)
                        VALUES (10, 4, 0.49, '2010-01-01', NULL, NULL);
INSERT INTO TECNOLOGIA_USUARIO (ID_USUARIO, ID_TECNOLOGIA, INOVATIVIDADE, CONHECE_DESDE, ESTUDA_DESDE, ESTUDOU_ATE)
                        VALUES (10, 5, 0, '2014-03-01', NULL, NULL);
INSERT INTO TECNOLOGIA_USUARIO (ID_USUARIO, ID_TECNOLOGIA, INOVATIVIDADE, CONHECE_DESDE, ESTUDA_DESDE, ESTUDOU_ATE)
                        VALUES (10, 10, 0, '2010-01-01', NULL, NULL);
INSERT INTO TECNOLOGIA_USUARIO (ID_USUARIO, ID_TECNOLOGIA, INOVATIVIDADE, CONHECE_DESDE, ESTUDA_DESDE, ESTUDOU_ATE)
                        VALUES (10, 13, 03, '2010-01-01', NULL, NULL);
INSERT INTO TECNOLOGIA_USUARIO (ID_USUARIO, ID_TECNOLOGIA, INOVATIVIDADE, CONHECE_DESDE, ESTUDA_DESDE, ESTUDOU_ATE)
                        VALUES (10, 16, 0.43, '2010-03-01', NULL, NULL);
INSERT INTO TECNOLOGIA_USUARIO (ID_USUARIO, ID_TECNOLOGIA, INOVATIVIDADE, CONHECE_DESDE, ESTUDA_DESDE, ESTUDOU_ATE)
                        VALUES (10, 17, 0.43, '2010-01-01', NULL, NULL);
INSERT INTO TECNOLOGIA_USUARIO (ID_USUARIO, ID_TECNOLOGIA, INOVATIVIDADE, CONHECE_DESDE, ESTUDA_DESDE, ESTUDOU_ATE)
                        VALUES (10, 19, 0.93, '2014-05-01', NULL, NULL);
INSERT INTO TECNOLOGIA_USUARIO (ID_USUARIO, ID_TECNOLOGIA, INOVATIVIDADE, CONHECE_DESDE, ESTUDA_DESDE, ESTUDOU_ATE)
                        VALUES (10, 26, 0, '2014-03-01', NULL, NULL);
INSERT INTO TECNOLOGIA_USUARIO (ID_USUARIO, ID_TECNOLOGIA, INOVATIVIDADE, CONHECE_DESDE, ESTUDA_DESDE, ESTUDOU_ATE)
                        VALUES (10, 34, 03, '2010-01-01', NULL, NULL);
INSERT INTO TECNOLOGIA_USUARIO (ID_USUARIO, ID_TECNOLOGIA, INOVATIVIDADE, CONHECE_DESDE, ESTUDA_DESDE, ESTUDOU_ATE)
                        VALUES (10, 36, 0, '2010-03-01', NULL, NULL);
INSERT INTO TECNOLOGIA_USUARIO (ID_USUARIO, ID_TECNOLOGIA, INOVATIVIDADE, CONHECE_DESDE, ESTUDA_DESDE, ESTUDOU_ATE)
                        VALUES (10, 44, 0.6, '2010-03-01', NULL, NULL);
INSERT INTO TECNOLOGIA_USUARIO (ID_USUARIO, ID_TECNOLOGIA, INOVATIVIDADE, CONHECE_DESDE, ESTUDA_DESDE, ESTUDOU_ATE)
                        VALUES (10, 56, 1, '2010-03-01', NULL, NULL);
INSERT INTO TECNOLOGIA_USUARIO (ID_USUARIO, ID_TECNOLOGIA, INOVATIVIDADE, CONHECE_DESDE, ESTUDA_DESDE, ESTUDOU_ATE)
                        VALUES (11, 1, 0, '2003-02-01', NULL, NULL);
INSERT INTO TECNOLOGIA_USUARIO (ID_USUARIO, ID_TECNOLOGIA, INOVATIVIDADE, CONHECE_DESDE, ESTUDA_DESDE, ESTUDOU_ATE)
                        VALUES (11, 2, 0, '2008-05-01', NULL, NULL);
INSERT INTO TECNOLOGIA_USUARIO (ID_USUARIO, ID_TECNOLOGIA, INOVATIVIDADE, CONHECE_DESDE, ESTUDA_DESDE, ESTUDOU_ATE)
                        VALUES (11, 4, 0.3, '2012-08-01', NULL, NULL);
INSERT INTO TECNOLOGIA_USUARIO (ID_USUARIO, ID_TECNOLOGIA, INOVATIVIDADE, CONHECE_DESDE, ESTUDA_DESDE, ESTUDOU_ATE)
                        VALUES (11, 5, 03, '2008-01-01', NULL, NULL);
INSERT INTO TECNOLOGIA_USUARIO (ID_USUARIO, ID_TECNOLOGIA, INOVATIVIDADE, CONHECE_DESDE, ESTUDA_DESDE, ESTUDOU_ATE)
                        VALUES (11, 9, 0, '2004-01-01', NULL, NULL);
INSERT INTO TECNOLOGIA_USUARIO (ID_USUARIO, ID_TECNOLOGIA, INOVATIVIDADE, CONHECE_DESDE, ESTUDA_DESDE, ESTUDOU_ATE)
                        VALUES (11, 13, 0, '2004-07-01', NULL, NULL);
INSERT INTO TECNOLOGIA_USUARIO (ID_USUARIO, ID_TECNOLOGIA, INOVATIVIDADE, CONHECE_DESDE, ESTUDA_DESDE, ESTUDOU_ATE)
                        VALUES (11, 16, 0.84, '2004-01-01', NULL, NULL);
INSERT INTO TECNOLOGIA_USUARIO (ID_USUARIO, ID_TECNOLOGIA, INOVATIVIDADE, CONHECE_DESDE, ESTUDA_DESDE, ESTUDOU_ATE)
                        VALUES (11, 17, 0, '2003-02-01', NULL, NULL);
INSERT INTO TECNOLOGIA_USUARIO (ID_USUARIO, ID_TECNOLOGIA, INOVATIVIDADE, CONHECE_DESDE, ESTUDA_DESDE, ESTUDOU_ATE)
                        VALUES (11, 26, 03, '2008-01-01', NULL, NULL);
INSERT INTO TECNOLOGIA_USUARIO (ID_USUARIO, ID_TECNOLOGIA, INOVATIVIDADE, CONHECE_DESDE, ESTUDA_DESDE, ESTUDOU_ATE)
                        VALUES (11, 34, 1, '2004-01-01', NULL, NULL);
INSERT INTO TECNOLOGIA_USUARIO (ID_USUARIO, ID_TECNOLOGIA, INOVATIVIDADE, CONHECE_DESDE, ESTUDA_DESDE, ESTUDOU_ATE)
                        VALUES (11, 44, 0.33, '2013-03-01', NULL, NULL);
INSERT INTO TECNOLOGIA_USUARIO (ID_USUARIO, ID_TECNOLOGIA, INOVATIVIDADE, CONHECE_DESDE, ESTUDA_DESDE, ESTUDOU_ATE)
                        VALUES (11, 47, 1, '2004-12-01', NULL, NULL);
INSERT INTO TECNOLOGIA_USUARIO (ID_USUARIO, ID_TECNOLOGIA, INOVATIVIDADE, CONHECE_DESDE, ESTUDA_DESDE, ESTUDOU_ATE)
                        VALUES (11, 57, 0.84, '2008-01-01', NULL, NULL);
INSERT INTO TECNOLOGIA_USUARIO (ID_USUARIO, ID_TECNOLOGIA, INOVATIVIDADE, CONHECE_DESDE, ESTUDA_DESDE, ESTUDOU_ATE)
                        VALUES (12, 2, 0.44, '2011-04-01', NULL, NULL);
INSERT INTO TECNOLOGIA_USUARIO (ID_USUARIO, ID_TECNOLOGIA, INOVATIVIDADE, CONHECE_DESDE, ESTUDA_DESDE, ESTUDOU_ATE)
                        VALUES (12, 3, 0.43, '2011-04-01', NULL, NULL);
INSERT INTO TECNOLOGIA_USUARIO (ID_USUARIO, ID_TECNOLOGIA, INOVATIVIDADE, CONHECE_DESDE, ESTUDA_DESDE, ESTUDOU_ATE)
                        VALUES (12, 5, 0.33, '2011-04-01', NULL, NULL);
INSERT INTO TECNOLOGIA_USUARIO (ID_USUARIO, ID_TECNOLOGIA, INOVATIVIDADE, CONHECE_DESDE, ESTUDA_DESDE, ESTUDOU_ATE)
                        VALUES (12, 9, 0.6, '2008-01-01', NULL, NULL);
INSERT INTO TECNOLOGIA_USUARIO (ID_USUARIO, ID_TECNOLOGIA, INOVATIVIDADE, CONHECE_DESDE, ESTUDA_DESDE, ESTUDOU_ATE)
                        VALUES (12, 10, 0.6, '2008-01-01', NULL, NULL);
INSERT INTO TECNOLOGIA_USUARIO (ID_USUARIO, ID_TECNOLOGIA, INOVATIVIDADE, CONHECE_DESDE, ESTUDA_DESDE, ESTUDOU_ATE)
                        VALUES (12, 13, 0, '2008-10-01', NULL, NULL);
INSERT INTO TECNOLOGIA_USUARIO (ID_USUARIO, ID_TECNOLOGIA, INOVATIVIDADE, CONHECE_DESDE, ESTUDA_DESDE, ESTUDOU_ATE)
                        VALUES (12, 14, 0.4, '2011-04-01', NULL, NULL);
INSERT INTO TECNOLOGIA_USUARIO (ID_USUARIO, ID_TECNOLOGIA, INOVATIVIDADE, CONHECE_DESDE, ESTUDA_DESDE, ESTUDOU_ATE)
                        VALUES (12, 16, 0, '2011-04-01', NULL, NULL);
INSERT INTO TECNOLOGIA_USUARIO (ID_USUARIO, ID_TECNOLOGIA, INOVATIVIDADE, CONHECE_DESDE, ESTUDA_DESDE, ESTUDOU_ATE)
                        VALUES (12, 26, 0.33, '2011-04-01', NULL, NULL);
INSERT INTO TECNOLOGIA_USUARIO (ID_USUARIO, ID_TECNOLOGIA, INOVATIVIDADE, CONHECE_DESDE, ESTUDA_DESDE, ESTUDOU_ATE)
                        VALUES (12, 27, 1, '2008-10-01', NULL, NULL);
INSERT INTO TECNOLOGIA_USUARIO (ID_USUARIO, ID_TECNOLOGIA, INOVATIVIDADE, CONHECE_DESDE, ESTUDA_DESDE, ESTUDOU_ATE)
                        VALUES (12, 34, 0, '2008-01-01', NULL, NULL);
INSERT INTO TECNOLOGIA_USUARIO (ID_USUARIO, ID_TECNOLOGIA, INOVATIVIDADE, CONHECE_DESDE, ESTUDA_DESDE, ESTUDOU_ATE)
                        VALUES (12, 36, 0, '2008-10-01', NULL, NULL);
INSERT INTO TECNOLOGIA_USUARIO (ID_USUARIO, ID_TECNOLOGIA, INOVATIVIDADE, CONHECE_DESDE, ESTUDA_DESDE, ESTUDOU_ATE)
                        VALUES (12, 37, 0.92, '2008-10-01', NULL, NULL);
INSERT INTO TECNOLOGIA_USUARIO (ID_USUARIO, ID_TECNOLOGIA, INOVATIVIDADE, CONHECE_DESDE, ESTUDA_DESDE, ESTUDOU_ATE)
                        VALUES (12, 38, 08, '2011-10-01', NULL, NULL);
INSERT INTO TECNOLOGIA_USUARIO (ID_USUARIO, ID_TECNOLOGIA, INOVATIVIDADE, CONHECE_DESDE, ESTUDA_DESDE, ESTUDOU_ATE)
                        VALUES (12, 40, 0.4, '2011-04-01', NULL, NULL);
INSERT INTO TECNOLOGIA_USUARIO (ID_USUARIO, ID_TECNOLOGIA, INOVATIVIDADE, CONHECE_DESDE, ESTUDA_DESDE, ESTUDOU_ATE)
                        VALUES (13, 1, 0, '2004-02-01', NULL, NULL);
INSERT INTO TECNOLOGIA_USUARIO (ID_USUARIO, ID_TECNOLOGIA, INOVATIVIDADE, CONHECE_DESDE, ESTUDA_DESDE, ESTUDOU_ATE)
                        VALUES (13, 5, 07, '2007-05-01', NULL, NULL);
INSERT INTO TECNOLOGIA_USUARIO (ID_USUARIO, ID_TECNOLOGIA, INOVATIVIDADE, CONHECE_DESDE, ESTUDA_DESDE, ESTUDOU_ATE)
                        VALUES (13, 17, 0, '2004-02-01', NULL, NULL);
INSERT INTO TECNOLOGIA_USUARIO (ID_USUARIO, ID_TECNOLOGIA, INOVATIVIDADE, CONHECE_DESDE, ESTUDA_DESDE, ESTUDOU_ATE)
                        VALUES (13, 26, 07, '2007-05-01', NULL, NULL);
INSERT INTO TECNOLOGIA_USUARIO (ID_USUARIO, ID_TECNOLOGIA, INOVATIVIDADE, CONHECE_DESDE, ESTUDA_DESDE, ESTUDOU_ATE)
                        VALUES (14, 1, 0, '2003-08-01', NULL, NULL);
INSERT INTO TECNOLOGIA_USUARIO (ID_USUARIO, ID_TECNOLOGIA, INOVATIVIDADE, CONHECE_DESDE, ESTUDA_DESDE, ESTUDOU_ATE)
                        VALUES (14, 4, 0.84, '2005-03-01', NULL, NULL);
INSERT INTO TECNOLOGIA_USUARIO (ID_USUARIO, ID_TECNOLOGIA, INOVATIVIDADE, CONHECE_DESDE, ESTUDA_DESDE, ESTUDOU_ATE)
                        VALUES (14, 5, 0, '2014-01-01', NULL, NULL);
INSERT INTO TECNOLOGIA_USUARIO (ID_USUARIO, ID_TECNOLOGIA, INOVATIVIDADE, CONHECE_DESDE, ESTUDA_DESDE, ESTUDOU_ATE)
                        VALUES (14, 9, 0.86, '2004-03-01', NULL, NULL);
INSERT INTO TECNOLOGIA_USUARIO (ID_USUARIO, ID_TECNOLOGIA, INOVATIVIDADE, CONHECE_DESDE, ESTUDA_DESDE, ESTUDOU_ATE)
                        VALUES (14, 10, 0.86, '2004-03-01', NULL, NULL);
INSERT INTO TECNOLOGIA_USUARIO (ID_USUARIO, ID_TECNOLOGIA, INOVATIVIDADE, CONHECE_DESDE, ESTUDA_DESDE, ESTUDOU_ATE)
                        VALUES (14, 16, 0, '2005-01-01', NULL, NULL);
INSERT INTO TECNOLOGIA_USUARIO (ID_USUARIO, ID_TECNOLOGIA, INOVATIVIDADE, CONHECE_DESDE, ESTUDA_DESDE, ESTUDOU_ATE)
                        VALUES (14, 17, 0.84, '2003-08-01', NULL, NULL);
INSERT INTO TECNOLOGIA_USUARIO (ID_USUARIO, ID_TECNOLOGIA, INOVATIVIDADE, CONHECE_DESDE, ESTUDA_DESDE, ESTUDOU_ATE)
                        VALUES (14, 18, 1, '2003-12-01', NULL, NULL);
INSERT INTO TECNOLOGIA_USUARIO (ID_USUARIO, ID_TECNOLOGIA, INOVATIVIDADE, CONHECE_DESDE, ESTUDA_DESDE, ESTUDOU_ATE)
                        VALUES (14, 24, 0.92, '2007-01-01', NULL, NULL);
INSERT INTO TECNOLOGIA_USUARIO (ID_USUARIO, ID_TECNOLOGIA, INOVATIVIDADE, CONHECE_DESDE, ESTUDA_DESDE, ESTUDOU_ATE)
                        VALUES (14, 26, 0, '2014-01-01', NULL, NULL);
INSERT INTO TECNOLOGIA_USUARIO (ID_USUARIO, ID_TECNOLOGIA, INOVATIVIDADE, CONHECE_DESDE, ESTUDA_DESDE, ESTUDOU_ATE)
                        VALUES (14, 28, 07, '2012-04-01', NULL, NULL);
INSERT INTO TECNOLOGIA_USUARIO (ID_USUARIO, ID_TECNOLOGIA, INOVATIVIDADE, CONHECE_DESDE, ESTUDA_DESDE, ESTUDOU_ATE)
                        VALUES (14, 29, 1, '2005-10-01', NULL, NULL);
INSERT INTO TECNOLOGIA_USUARIO (ID_USUARIO, ID_TECNOLOGIA, INOVATIVIDADE, CONHECE_DESDE, ESTUDA_DESDE, ESTUDOU_ATE)
                        VALUES (14, 36, 1, '2006-01-01', NULL, NULL);
INSERT INTO TECNOLOGIA_USUARIO (ID_USUARIO, ID_TECNOLOGIA, INOVATIVIDADE, CONHECE_DESDE, ESTUDA_DESDE, ESTUDOU_ATE)
                        VALUES (14, 38, 0.6, '2011-08-01', NULL, NULL);
INSERT INTO TECNOLOGIA_USUARIO (ID_USUARIO, ID_TECNOLOGIA, INOVATIVIDADE, CONHECE_DESDE, ESTUDA_DESDE, ESTUDOU_ATE)
                        VALUES (14, 39, 0.18, '2015-07-01', NULL, NULL);
INSERT INTO TECNOLOGIA_USUARIO (ID_USUARIO, ID_TECNOLOGIA, INOVATIVIDADE, CONHECE_DESDE, ESTUDA_DESDE, ESTUDOU_ATE)
                        VALUES (14, 43, 1, '2006-06-01', NULL, NULL);
INSERT INTO TECNOLOGIA_USUARIO (ID_USUARIO, ID_TECNOLOGIA, INOVATIVIDADE, CONHECE_DESDE, ESTUDA_DESDE, ESTUDOU_ATE)
                        VALUES (14, 44, 1, '2005-10-01', NULL, NULL);
INSERT INTO TECNOLOGIA_USUARIO (ID_USUARIO, ID_TECNOLOGIA, INOVATIVIDADE, CONHECE_DESDE, ESTUDA_DESDE, ESTUDOU_ATE)
                        VALUES (14, 49, 1, '2013-06-01', NULL, NULL);
INSERT INTO TECNOLOGIA_USUARIO (ID_USUARIO, ID_TECNOLOGIA, INOVATIVIDADE, CONHECE_DESDE, ESTUDA_DESDE, ESTUDOU_ATE)
                        VALUES (14, 58, 1, '2011-11-01', NULL, NULL);
INSERT INTO TECNOLOGIA_USUARIO (ID_USUARIO, ID_TECNOLOGIA, INOVATIVIDADE, CONHECE_DESDE, ESTUDA_DESDE, ESTUDOU_ATE)
                        VALUES (14, 59, 1, '2005-10-01', NULL, NULL);
INSERT INTO TECNOLOGIA_USUARIO (ID_USUARIO, ID_TECNOLOGIA, INOVATIVIDADE, CONHECE_DESDE, ESTUDA_DESDE, ESTUDOU_ATE)
                        VALUES (14, 60, 1, '2011-12-01', NULL, NULL);
INSERT INTO TECNOLOGIA_USUARIO (ID_USUARIO, ID_TECNOLOGIA, INOVATIVIDADE, CONHECE_DESDE, ESTUDA_DESDE, ESTUDOU_ATE)
                        VALUES (14, 61, 1, '2012-04-01', NULL, NULL);
INSERT INTO TECNOLOGIA_USUARIO (ID_USUARIO, ID_TECNOLOGIA, INOVATIVIDADE, CONHECE_DESDE, ESTUDA_DESDE, ESTUDOU_ATE)
                        VALUES (14, 62, 1, '2012-04-01', NULL, NULL);
INSERT INTO TECNOLOGIA_USUARIO (ID_USUARIO, ID_TECNOLOGIA, INOVATIVIDADE, CONHECE_DESDE, ESTUDA_DESDE, ESTUDOU_ATE)
                        VALUES (15, 2, 0.21, '2014-02-01', NULL, NULL);
INSERT INTO TECNOLOGIA_USUARIO (ID_USUARIO, ID_TECNOLOGIA, INOVATIVIDADE, CONHECE_DESDE, ESTUDA_DESDE, ESTUDOU_ATE)
                        VALUES (15, 4, 0.34, '2012-02-01', NULL, NULL);
INSERT INTO TECNOLOGIA_USUARIO (ID_USUARIO, ID_TECNOLOGIA, INOVATIVIDADE, CONHECE_DESDE, ESTUDA_DESDE, ESTUDOU_ATE)
                        VALUES (15, 5, 0, '2014-02-01', NULL, NULL);
INSERT INTO TECNOLOGIA_USUARIO (ID_USUARIO, ID_TECNOLOGIA, INOVATIVIDADE, CONHECE_DESDE, ESTUDA_DESDE, ESTUDOU_ATE)
                        VALUES (15, 24, 0.25, '2014-02-01', NULL, NULL);
INSERT INTO TECNOLOGIA_USUARIO (ID_USUARIO, ID_TECNOLOGIA, INOVATIVIDADE, CONHECE_DESDE, ESTUDA_DESDE, ESTUDOU_ATE)
                        VALUES (15, 28, 07, '2012-04-01', NULL, NULL);
INSERT INTO TECNOLOGIA_USUARIO (ID_USUARIO, ID_TECNOLOGIA, INOVATIVIDADE, CONHECE_DESDE, ESTUDA_DESDE, ESTUDOU_ATE)
                        VALUES (15, 43, 0.44, '2012-04-01', NULL, NULL);
INSERT INTO TECNOLOGIA_USUARIO (ID_USUARIO, ID_TECNOLOGIA, INOVATIVIDADE, CONHECE_DESDE, ESTUDA_DESDE, ESTUDOU_ATE)
                        VALUES (16, 1, 0, '2004-01-01', NULL, NULL);
INSERT INTO TECNOLOGIA_USUARIO (ID_USUARIO, ID_TECNOLOGIA, INOVATIVIDADE, CONHECE_DESDE, ESTUDA_DESDE, ESTUDOU_ATE)
                        VALUES (16, 2, 0, '2008-07-01', NULL, NULL);
INSERT INTO TECNOLOGIA_USUARIO (ID_USUARIO, ID_TECNOLOGIA, INOVATIVIDADE, CONHECE_DESDE, ESTUDA_DESDE, ESTUDOU_ATE)
                        VALUES (16, 5, 0, '2006-03-01', NULL, NULL);
INSERT INTO TECNOLOGIA_USUARIO (ID_USUARIO, ID_TECNOLOGIA, INOVATIVIDADE, CONHECE_DESDE, ESTUDA_DESDE, ESTUDOU_ATE)
                        VALUES (16, 6, 0, '2006-03-01', NULL, NULL);
INSERT INTO TECNOLOGIA_USUARIO (ID_USUARIO, ID_TECNOLOGIA, INOVATIVIDADE, CONHECE_DESDE, ESTUDA_DESDE, ESTUDOU_ATE)
                        VALUES (16, 13, 0, '2004-08-01', NULL, NULL);
INSERT INTO TECNOLOGIA_USUARIO (ID_USUARIO, ID_TECNOLOGIA, INOVATIVIDADE, CONHECE_DESDE, ESTUDA_DESDE, ESTUDOU_ATE)
                        VALUES (16, 16, 03, '2008-10-01', NULL, NULL);
INSERT INTO TECNOLOGIA_USUARIO (ID_USUARIO, ID_TECNOLOGIA, INOVATIVIDADE, CONHECE_DESDE, ESTUDA_DESDE, ESTUDOU_ATE)
                        VALUES (16, 26, 0, '2006-03-01', NULL, NULL);
INSERT INTO TECNOLOGIA_USUARIO (ID_USUARIO, ID_TECNOLOGIA, INOVATIVIDADE, CONHECE_DESDE, ESTUDA_DESDE, ESTUDOU_ATE)
                        VALUES (16, 32, 1, '2005-03-01', NULL, NULL);
INSERT INTO TECNOLOGIA_USUARIO (ID_USUARIO, ID_TECNOLOGIA, INOVATIVIDADE, CONHECE_DESDE, ESTUDA_DESDE, ESTUDOU_ATE)
                        VALUES (16, 33, 0.44, '2010-04-01', NULL, NULL);
INSERT INTO TECNOLOGIA_USUARIO (ID_USUARIO, ID_TECNOLOGIA, INOVATIVIDADE, CONHECE_DESDE, ESTUDA_DESDE, ESTUDOU_ATE)
                        VALUES (16, 34, 0.9, '2005-03-01', NULL, NULL);
INSERT INTO TECNOLOGIA_USUARIO (ID_USUARIO, ID_TECNOLOGIA, INOVATIVIDADE, CONHECE_DESDE, ESTUDA_DESDE, ESTUDOU_ATE)
                        VALUES (16, 38, 0, '2008-04-01', NULL, NULL);
INSERT INTO TECNOLOGIA_USUARIO (ID_USUARIO, ID_TECNOLOGIA, INOVATIVIDADE, CONHECE_DESDE, ESTUDA_DESDE, ESTUDOU_ATE)
                        VALUES (16, 63, 1, '2010-04-01', NULL, NULL);
INSERT INTO TECNOLOGIA_USUARIO (ID_USUARIO, ID_TECNOLOGIA, INOVATIVIDADE, CONHECE_DESDE, ESTUDA_DESDE, ESTUDOU_ATE)
                        VALUES (17, 1, 0, '2006-03-01', NULL, NULL);
INSERT INTO TECNOLOGIA_USUARIO (ID_USUARIO, ID_TECNOLOGIA, INOVATIVIDADE, CONHECE_DESDE, ESTUDA_DESDE, ESTUDOU_ATE)
                        VALUES (17, 4, 0, '2007-03-01', NULL, NULL);
INSERT INTO TECNOLOGIA_USUARIO (ID_USUARIO, ID_TECNOLOGIA, INOVATIVIDADE, CONHECE_DESDE, ESTUDA_DESDE, ESTUDOU_ATE)
                        VALUES (17, 5, 0, '2006-03-01', NULL, NULL);
INSERT INTO TECNOLOGIA_USUARIO (ID_USUARIO, ID_TECNOLOGIA, INOVATIVIDADE, CONHECE_DESDE, ESTUDA_DESDE, ESTUDOU_ATE)
                        VALUES (17, 26, 0, '2006-03-01', NULL, NULL);
INSERT INTO TECNOLOGIA_USUARIO (ID_USUARIO, ID_TECNOLOGIA, INOVATIVIDADE, CONHECE_DESDE, ESTUDA_DESDE, ESTUDOU_ATE)
                        VALUES (17, 44, 0.3, '2013-07-01', NULL, NULL);
INSERT INTO TECNOLOGIA_USUARIO (ID_USUARIO, ID_TECNOLOGIA, INOVATIVIDADE, CONHECE_DESDE, ESTUDA_DESDE, ESTUDOU_ATE)
                        VALUES (17, 57, 0.32, '2013-07-01', NULL, NULL);
INSERT INTO TECNOLOGIA_USUARIO (ID_USUARIO, ID_TECNOLOGIA, INOVATIVIDADE, CONHECE_DESDE, ESTUDA_DESDE, ESTUDOU_ATE)
                        VALUES (18, 2, 0, '2008-07-01', NULL, NULL);
INSERT INTO TECNOLOGIA_USUARIO (ID_USUARIO, ID_TECNOLOGIA, INOVATIVIDADE, CONHECE_DESDE, ESTUDA_DESDE, ESTUDOU_ATE)
                        VALUES (18, 4, 0.6, '2008-06-01', NULL, NULL);
INSERT INTO TECNOLOGIA_USUARIO (ID_USUARIO, ID_TECNOLOGIA, INOVATIVIDADE, CONHECE_DESDE, ESTUDA_DESDE, ESTUDOU_ATE)
                        VALUES (18, 5, 0, '2008-07-01', NULL, NULL);
INSERT INTO TECNOLOGIA_USUARIO (ID_USUARIO, ID_TECNOLOGIA, INOVATIVIDADE, CONHECE_DESDE, ESTUDA_DESDE, ESTUDOU_ATE)
                        VALUES (18, 8, 0.44, '2014-04-01', NULL, NULL);
INSERT INTO TECNOLOGIA_USUARIO (ID_USUARIO, ID_TECNOLOGIA, INOVATIVIDADE, CONHECE_DESDE, ESTUDA_DESDE, ESTUDOU_ATE)
                        VALUES (18, 9, 0, '2007-06-01', NULL, NULL);
INSERT INTO TECNOLOGIA_USUARIO (ID_USUARIO, ID_TECNOLOGIA, INOVATIVIDADE, CONHECE_DESDE, ESTUDA_DESDE, ESTUDOU_ATE)
                        VALUES (18, 10, 0, '2006-09-01', '2015-02-01', NULL);
INSERT INTO TECNOLOGIA_USUARIO (ID_USUARIO, ID_TECNOLOGIA, INOVATIVIDADE, CONHECE_DESDE, ESTUDA_DESDE, ESTUDOU_ATE)
                        VALUES (18, 11, 0, '2009-04-01', '2015-02-01', NULL);
INSERT INTO TECNOLOGIA_USUARIO (ID_USUARIO, ID_TECNOLOGIA, INOVATIVIDADE, CONHECE_DESDE, ESTUDA_DESDE, ESTUDOU_ATE)
                        VALUES (18, 12, 1, '2012-03-01', NULL, NULL);
INSERT INTO TECNOLOGIA_USUARIO (ID_USUARIO, ID_TECNOLOGIA, INOVATIVIDADE, CONHECE_DESDE, ESTUDA_DESDE, ESTUDOU_ATE)
                        VALUES (18, 13, 0, '2007-03-01', NULL, NULL);
INSERT INTO TECNOLOGIA_USUARIO (ID_USUARIO, ID_TECNOLOGIA, INOVATIVIDADE, CONHECE_DESDE, ESTUDA_DESDE, ESTUDOU_ATE)
                        VALUES (18, 32, 0, '2008-01-01', NULL, NULL);
INSERT INTO TECNOLOGIA_USUARIO (ID_USUARIO, ID_TECNOLOGIA, INOVATIVIDADE, CONHECE_DESDE, ESTUDA_DESDE, ESTUDOU_ATE)
                        VALUES (18, 33, 0.18, '2014-03-01', NULL, NULL);
INSERT INTO TECNOLOGIA_USUARIO (ID_USUARIO, ID_TECNOLOGIA, INOVATIVIDADE, CONHECE_DESDE, ESTUDA_DESDE, ESTUDOU_ATE)
                        VALUES (18, 34, 0, '2008-02-01', NULL, NULL);
INSERT INTO TECNOLOGIA_USUARIO (ID_USUARIO, ID_TECNOLOGIA, INOVATIVIDADE, CONHECE_DESDE, ESTUDA_DESDE, ESTUDOU_ATE)
                        VALUES (18, 36, 0.15, '2015-03-01', NULL, NULL);
INSERT INTO TECNOLOGIA_USUARIO (ID_USUARIO, ID_TECNOLOGIA, INOVATIVIDADE, CONHECE_DESDE, ESTUDA_DESDE, ESTUDOU_ATE)
                        VALUES (18, 45, 1, '2013-07-01', NULL, NULL);
INSERT INTO TECNOLOGIA_USUARIO (ID_USUARIO, ID_TECNOLOGIA, INOVATIVIDADE, CONHECE_DESDE, ESTUDA_DESDE, ESTUDOU_ATE)
                        VALUES (18, 64, 1, '2014-02-01', NULL, NULL);
INSERT INTO TECNOLOGIA_USUARIO (ID_USUARIO, ID_TECNOLOGIA, INOVATIVIDADE, CONHECE_DESDE, ESTUDA_DESDE, ESTUDOU_ATE)
                        VALUES (19, 4, 0.72, '2006-10-01', NULL, NULL);
INSERT INTO TECNOLOGIA_USUARIO (ID_USUARIO, ID_TECNOLOGIA, INOVATIVIDADE, CONHECE_DESDE, ESTUDA_DESDE, ESTUDOU_ATE)
                        VALUES (19, 16, 0.6, '2007-08-01', NULL, NULL);
INSERT INTO TECNOLOGIA_USUARIO (ID_USUARIO, ID_TECNOLOGIA, INOVATIVIDADE, CONHECE_DESDE, ESTUDA_DESDE, ESTUDOU_ATE)
                        VALUES (19, 23, 0.95, '2007-08-01', NULL, NULL);
INSERT INTO TECNOLOGIA_USUARIO (ID_USUARIO, ID_TECNOLOGIA, INOVATIVIDADE, CONHECE_DESDE, ESTUDA_DESDE, ESTUDOU_ATE)
                        VALUES (19, 24, 0.86, '2007-08-01', NULL, NULL);
INSERT INTO TECNOLOGIA_USUARIO (ID_USUARIO, ID_TECNOLOGIA, INOVATIVIDADE, CONHECE_DESDE, ESTUDA_DESDE, ESTUDOU_ATE)
                        VALUES (19, 29, 0, '2007-08-01', NULL, NULL);
INSERT INTO TECNOLOGIA_USUARIO (ID_USUARIO, ID_TECNOLOGIA, INOVATIVIDADE, CONHECE_DESDE, ESTUDA_DESDE, ESTUDOU_ATE)
                        VALUES (19, 43, 0, '2007-08-01', NULL, NULL);
INSERT INTO TECNOLOGIA_USUARIO (ID_USUARIO, ID_TECNOLOGIA, INOVATIVIDADE, CONHECE_DESDE, ESTUDA_DESDE, ESTUDOU_ATE)
                        VALUES (19, 44, 0, '2007-08-01', NULL, NULL);
INSERT INTO TECNOLOGIA_USUARIO (ID_USUARIO, ID_TECNOLOGIA, INOVATIVIDADE, CONHECE_DESDE, ESTUDA_DESDE, ESTUDOU_ATE)
                        VALUES (20, 1, 08, '2007-03-01', NULL, NULL);
INSERT INTO TECNOLOGIA_USUARIO (ID_USUARIO, ID_TECNOLOGIA, INOVATIVIDADE, CONHECE_DESDE, ESTUDA_DESDE, ESTUDOU_ATE)
                        VALUES (20, 4, 0, '2007-03-01', NULL, NULL);
INSERT INTO TECNOLOGIA_USUARIO (ID_USUARIO, ID_TECNOLOGIA, INOVATIVIDADE, CONHECE_DESDE, ESTUDA_DESDE, ESTUDOU_ATE)
                        VALUES (20, 5, 0.47, '2009-01-01', NULL, NULL);
INSERT INTO TECNOLOGIA_USUARIO (ID_USUARIO, ID_TECNOLOGIA, INOVATIVIDADE, CONHECE_DESDE, ESTUDA_DESDE, ESTUDOU_ATE)
                        VALUES (20, 9, 0.43, '2010-07-01', NULL, NULL);
INSERT INTO TECNOLOGIA_USUARIO (ID_USUARIO, ID_TECNOLOGIA, INOVATIVIDADE, CONHECE_DESDE, ESTUDA_DESDE, ESTUDOU_ATE)
                        VALUES (20, 10, 0.43, '2010-07-01', NULL, NULL);
INSERT INTO TECNOLOGIA_USUARIO (ID_USUARIO, ID_TECNOLOGIA, INOVATIVIDADE, CONHECE_DESDE, ESTUDA_DESDE, ESTUDOU_ATE)
                        VALUES (20, 14, 0, '2011-09-01', NULL, NULL);
INSERT INTO TECNOLOGIA_USUARIO (ID_USUARIO, ID_TECNOLOGIA, INOVATIVIDADE, CONHECE_DESDE, ESTUDA_DESDE, ESTUDOU_ATE)
                        VALUES (20, 16, 0.34, '2011-09-01', NULL, NULL);
INSERT INTO TECNOLOGIA_USUARIO (ID_USUARIO, ID_TECNOLOGIA, INOVATIVIDADE, CONHECE_DESDE, ESTUDA_DESDE, ESTUDOU_ATE)
                        VALUES (20, 23, 1, '2007-03-01', NULL, NULL);
INSERT INTO TECNOLOGIA_USUARIO (ID_USUARIO, ID_TECNOLOGIA, INOVATIVIDADE, CONHECE_DESDE, ESTUDA_DESDE, ESTUDOU_ATE)
                        VALUES (20, 24, 0.9, '2007-03-01', NULL, NULL);
INSERT INTO TECNOLOGIA_USUARIO (ID_USUARIO, ID_TECNOLOGIA, INOVATIVIDADE, CONHECE_DESDE, ESTUDA_DESDE, ESTUDOU_ATE)
                        VALUES (20, 26, 0.24, '2012-11-01', NULL, NULL);
INSERT INTO TECNOLOGIA_USUARIO (ID_USUARIO, ID_TECNOLOGIA, INOVATIVIDADE, CONHECE_DESDE, ESTUDA_DESDE, ESTUDOU_ATE)
                        VALUES (20, 28, 0, '2010-07-01', NULL, NULL);
INSERT INTO TECNOLOGIA_USUARIO (ID_USUARIO, ID_TECNOLOGIA, INOVATIVIDADE, CONHECE_DESDE, ESTUDA_DESDE, ESTUDOU_ATE)
                        VALUES (20, 31, 09, '2010-07-01', NULL, NULL);
INSERT INTO TECNOLOGIA_USUARIO (ID_USUARIO, ID_TECNOLOGIA, INOVATIVIDADE, CONHECE_DESDE, ESTUDA_DESDE, ESTUDOU_ATE)
                        VALUES (20, 43, 0.6, '2010-07-01', NULL, NULL);
INSERT INTO TECNOLOGIA_USUARIO (ID_USUARIO, ID_TECNOLOGIA, INOVATIVIDADE, CONHECE_DESDE, ESTUDA_DESDE, ESTUDOU_ATE)
                        VALUES (20, 44, 0, '2012-11-01', NULL, NULL);
INSERT INTO TECNOLOGIA_USUARIO (ID_USUARIO, ID_TECNOLOGIA, INOVATIVIDADE, CONHECE_DESDE, ESTUDA_DESDE, ESTUDOU_ATE)
                        VALUES (20, 65, 1, '2008-03-01', NULL, NULL);
INSERT INTO TECNOLOGIA_USUARIO (ID_USUARIO, ID_TECNOLOGIA, INOVATIVIDADE, CONHECE_DESDE, ESTUDA_DESDE, ESTUDOU_ATE)
                        VALUES (20, 66, 1, '2007-03-01', NULL, NULL);
INSERT INTO TECNOLOGIA_USUARIO (ID_USUARIO, ID_TECNOLOGIA, INOVATIVIDADE, CONHECE_DESDE, ESTUDA_DESDE, ESTUDOU_ATE)
                        VALUES (20, 68, 1, '2014-11-01', NULL, NULL);
INSERT INTO TECNOLOGIA_USUARIO (ID_USUARIO, ID_TECNOLOGIA, INOVATIVIDADE, CONHECE_DESDE, ESTUDA_DESDE, ESTUDOU_ATE)
                        VALUES (20, 69, 1, '2014-03-01', NULL, NULL);
INSERT INTO TECNOLOGIA_USUARIO (ID_USUARIO, ID_TECNOLOGIA, INOVATIVIDADE, CONHECE_DESDE, ESTUDA_DESDE, ESTUDOU_ATE)
                        VALUES (20, 70, 1, '2015-03-01', NULL, NULL);
INSERT INTO TECNOLOGIA_USUARIO (ID_USUARIO, ID_TECNOLOGIA, INOVATIVIDADE, CONHECE_DESDE, ESTUDA_DESDE, ESTUDOU_ATE)
                        VALUES (20, 71, 1, '2011-09-01', NULL, NULL);
INSERT INTO TECNOLOGIA_USUARIO (ID_USUARIO, ID_TECNOLOGIA, INOVATIVIDADE, CONHECE_DESDE, ESTUDA_DESDE, ESTUDOU_ATE)
                        VALUES (20, 72, 1, '2010-07-01', NULL, NULL);
INSERT INTO TECNOLOGIA_USUARIO (ID_USUARIO, ID_TECNOLOGIA, INOVATIVIDADE, CONHECE_DESDE, ESTUDA_DESDE, ESTUDOU_ATE)
                        VALUES (20, 73, 1, '2014-11-01', NULL, NULL);
INSERT INTO TECNOLOGIA_USUARIO (ID_USUARIO, ID_TECNOLOGIA, INOVATIVIDADE, CONHECE_DESDE, ESTUDA_DESDE, ESTUDOU_ATE)
                        VALUES (20, 74, 0.27, '2014-11-01', NULL, NULL);
INSERT INTO TECNOLOGIA_USUARIO (ID_USUARIO, ID_TECNOLOGIA, INOVATIVIDADE, CONHECE_DESDE, ESTUDA_DESDE, ESTUDOU_ATE)
                        VALUES (20, 75, 1, '2014-11-01', NULL, NULL);
INSERT INTO TECNOLOGIA_USUARIO (ID_USUARIO, ID_TECNOLOGIA, INOVATIVIDADE, CONHECE_DESDE, ESTUDA_DESDE, ESTUDOU_ATE)
                        VALUES (20, 76, 1, '2014-11-01', NULL, NULL);
INSERT INTO TECNOLOGIA_USUARIO (ID_USUARIO, ID_TECNOLOGIA, INOVATIVIDADE, CONHECE_DESDE, ESTUDA_DESDE, ESTUDOU_ATE)
                        VALUES (20, 77, 1, '2014-11-01', NULL, NULL);
INSERT INTO TECNOLOGIA_USUARIO (ID_USUARIO, ID_TECNOLOGIA, INOVATIVIDADE, CONHECE_DESDE, ESTUDA_DESDE, ESTUDOU_ATE)
                        VALUES (20, 78, 1, '2014-11-01', NULL, NULL);
INSERT INTO TECNOLOGIA_USUARIO (ID_USUARIO, ID_TECNOLOGIA, INOVATIVIDADE, CONHECE_DESDE, ESTUDA_DESDE, ESTUDOU_ATE)
                        VALUES (21, 4, 0.15, '2014-10-01', NULL, NULL);
INSERT INTO TECNOLOGIA_USUARIO (ID_USUARIO, ID_TECNOLOGIA, INOVATIVIDADE, CONHECE_DESDE, ESTUDA_DESDE, ESTUDOU_ATE)
                        VALUES (21, 5, 0.1, '2015-03-01', NULL, NULL);
INSERT INTO TECNOLOGIA_USUARIO (ID_USUARIO, ID_TECNOLOGIA, INOVATIVIDADE, CONHECE_DESDE, ESTUDA_DESDE, ESTUDOU_ATE)
                        VALUES (21, 9, 0.14, '2014-10-01', NULL, NULL);
INSERT INTO TECNOLOGIA_USUARIO (ID_USUARIO, ID_TECNOLOGIA, INOVATIVIDADE, CONHECE_DESDE, ESTUDA_DESDE, ESTUDOU_ATE)
                        VALUES (21, 10, 0.14, '2014-10-01', NULL, NULL);
INSERT INTO TECNOLOGIA_USUARIO (ID_USUARIO, ID_TECNOLOGIA, INOVATIVIDADE, CONHECE_DESDE, ESTUDA_DESDE, ESTUDOU_ATE)
                        VALUES (21, 26, 0.04, '2016-03-01', NULL, NULL);
INSERT INTO TECNOLOGIA_USUARIO (ID_USUARIO, ID_TECNOLOGIA, INOVATIVIDADE, CONHECE_DESDE, ESTUDA_DESDE, ESTUDOU_ATE)
                        VALUES (21, 27, 0, '2015-03-01', NULL, NULL);
INSERT INTO TECNOLOGIA_USUARIO (ID_USUARIO, ID_TECNOLOGIA, INOVATIVIDADE, CONHECE_DESDE, ESTUDA_DESDE, ESTUDOU_ATE)
                        VALUES (21, 28, 0.21, '2015-03-01', NULL, NULL);
INSERT INTO TECNOLOGIA_USUARIO (ID_USUARIO, ID_TECNOLOGIA, INOVATIVIDADE, CONHECE_DESDE, ESTUDA_DESDE, ESTUDOU_ATE)
                        VALUES (21, 29, 0.15, '2015-03-01', NULL, NULL);
INSERT INTO TECNOLOGIA_USUARIO (ID_USUARIO, ID_TECNOLOGIA, INOVATIVIDADE, CONHECE_DESDE, ESTUDA_DESDE, ESTUDOU_ATE)
                        VALUES (21, 30, 0, '2014-10-01', NULL, NULL);
INSERT INTO TECNOLOGIA_USUARIO (ID_USUARIO, ID_TECNOLOGIA, INOVATIVIDADE, CONHECE_DESDE, ESTUDA_DESDE, ESTUDOU_ATE)
                        VALUES (21, 31, 0, '2014-10-01', NULL, NULL);
INSERT INTO TECNOLOGIA_USUARIO (ID_USUARIO, ID_TECNOLOGIA, INOVATIVIDADE, CONHECE_DESDE, ESTUDA_DESDE, ESTUDOU_ATE)
                        VALUES (21, 44, 0.06, '2016-03-01', NULL, NULL);
INSERT INTO TECNOLOGIA_USUARIO (ID_USUARIO, ID_TECNOLOGIA, INOVATIVIDADE, CONHECE_DESDE, ESTUDA_DESDE, ESTUDOU_ATE)
                        VALUES (21, 61, 0, '2015-03-01', NULL, NULL);
INSERT INTO TECNOLOGIA_USUARIO (ID_USUARIO, ID_TECNOLOGIA, INOVATIVIDADE, CONHECE_DESDE, ESTUDA_DESDE, ESTUDOU_ATE)
                        VALUES (21, 79, 1, '2014-07-01', NULL, NULL);
INSERT INTO TECNOLOGIA_USUARIO (ID_USUARIO, ID_TECNOLOGIA, INOVATIVIDADE, CONHECE_DESDE, ESTUDA_DESDE, ESTUDOU_ATE)
                        VALUES (21, 80, 1, '2014-07-01', NULL, NULL);
INSERT INTO TECNOLOGIA_USUARIO (ID_USUARIO, ID_TECNOLOGIA, INOVATIVIDADE, CONHECE_DESDE, ESTUDA_DESDE, ESTUDOU_ATE)
                        VALUES (22, 4, 0.4, '2011-03-01', NULL, NULL);
INSERT INTO TECNOLOGIA_USUARIO (ID_USUARIO, ID_TECNOLOGIA, INOVATIVIDADE, CONHECE_DESDE, ESTUDA_DESDE, ESTUDOU_ATE)
                        VALUES (22, 9, 0.24, '2013-04-01', NULL, NULL);
INSERT INTO TECNOLOGIA_USUARIO (ID_USUARIO, ID_TECNOLOGIA, INOVATIVIDADE, CONHECE_DESDE, ESTUDA_DESDE, ESTUDOU_ATE)
                        VALUES (22, 10, 0, '2011-03-01', NULL, NULL);
INSERT INTO TECNOLOGIA_USUARIO (ID_USUARIO, ID_TECNOLOGIA, INOVATIVIDADE, CONHECE_DESDE, ESTUDA_DESDE, ESTUDOU_ATE)
                        VALUES (22, 27, 0.45, '2013-03-01', NULL, NULL);
INSERT INTO TECNOLOGIA_USUARIO (ID_USUARIO, ID_TECNOLOGIA, INOVATIVIDADE, CONHECE_DESDE, ESTUDA_DESDE, ESTUDOU_ATE)
                        VALUES (22, 28, 0.45, '2013-04-01', NULL, NULL);
INSERT INTO TECNOLOGIA_USUARIO (ID_USUARIO, ID_TECNOLOGIA, INOVATIVIDADE, CONHECE_DESDE, ESTUDA_DESDE, ESTUDOU_ATE)
                        VALUES (22, 29, 0.32, '2013-04-01', NULL, NULL);
INSERT INTO TECNOLOGIA_USUARIO (ID_USUARIO, ID_TECNOLOGIA, INOVATIVIDADE, CONHECE_DESDE, ESTUDA_DESDE, ESTUDOU_ATE)
                        VALUES (22, 30, 0.34, '2013-04-01', NULL, NULL);
INSERT INTO TECNOLOGIA_USUARIO (ID_USUARIO, ID_TECNOLOGIA, INOVATIVIDADE, CONHECE_DESDE, ESTUDA_DESDE, ESTUDOU_ATE)
                        VALUES (22, 31, 0.33, '2013-04-01', NULL, NULL);
INSERT INTO TECNOLOGIA_USUARIO (ID_USUARIO, ID_TECNOLOGIA, INOVATIVIDADE, CONHECE_DESDE, ESTUDA_DESDE, ESTUDOU_ATE)
                        VALUES (22, 61, 0, '2013-04-01', NULL, NULL);
INSERT INTO TECNOLOGIA_USUARIO (ID_USUARIO, ID_TECNOLOGIA, INOVATIVIDADE, CONHECE_DESDE, ESTUDA_DESDE, ESTUDOU_ATE)
                        VALUES (23, 4, 0.4, '2011-04-01', NULL, NULL);
INSERT INTO TECNOLOGIA_USUARIO (ID_USUARIO, ID_TECNOLOGIA, INOVATIVIDADE, CONHECE_DESDE, ESTUDA_DESDE, ESTUDOU_ATE)
                        VALUES (23, 9, 0, '2011-04-01', NULL, NULL);
INSERT INTO TECNOLOGIA_USUARIO (ID_USUARIO, ID_TECNOLOGIA, INOVATIVIDADE, CONHECE_DESDE, ESTUDA_DESDE, ESTUDOU_ATE)
                        VALUES (23, 10, 0, '2011-04-01', NULL, NULL);
INSERT INTO TECNOLOGIA_USUARIO (ID_USUARIO, ID_TECNOLOGIA, INOVATIVIDADE, CONHECE_DESDE, ESTUDA_DESDE, ESTUDOU_ATE)
                        VALUES (23, 23, 07, '2011-04-01', NULL, NULL);
INSERT INTO TECNOLOGIA_USUARIO (ID_USUARIO, ID_TECNOLOGIA, INOVATIVIDADE, CONHECE_DESDE, ESTUDA_DESDE, ESTUDOU_ATE)
                        VALUES (23, 24, 02, '2011-04-01', NULL, NULL);
INSERT INTO TECNOLOGIA_USUARIO (ID_USUARIO, ID_TECNOLOGIA, INOVATIVIDADE, CONHECE_DESDE, ESTUDA_DESDE, ESTUDOU_ATE)
                        VALUES (23, 27, 0, '2011-04-01', NULL, NULL);
INSERT INTO TECNOLOGIA_USUARIO (ID_USUARIO, ID_TECNOLOGIA, INOVATIVIDADE, CONHECE_DESDE, ESTUDA_DESDE, ESTUDOU_ATE)
                        VALUES (23, 28, 0.7, '2011-04-01', NULL, NULL);
INSERT INTO TECNOLOGIA_USUARIO (ID_USUARIO, ID_TECNOLOGIA, INOVATIVIDADE, CONHECE_DESDE, ESTUDA_DESDE, ESTUDOU_ATE)
                        VALUES (23, 29, 0, '2011-04-01', NULL, NULL);
INSERT INTO TECNOLOGIA_USUARIO (ID_USUARIO, ID_TECNOLOGIA, INOVATIVIDADE, CONHECE_DESDE, ESTUDA_DESDE, ESTUDOU_ATE)
                        VALUES (23, 30, 03, '2011-04-01', NULL, NULL);
INSERT INTO TECNOLOGIA_USUARIO (ID_USUARIO, ID_TECNOLOGIA, INOVATIVIDADE, CONHECE_DESDE, ESTUDA_DESDE, ESTUDOU_ATE)
                        VALUES (23, 31, 02, '2011-04-01', NULL, NULL);
INSERT INTO TECNOLOGIA_USUARIO (ID_USUARIO, ID_TECNOLOGIA, INOVATIVIDADE, CONHECE_DESDE, ESTUDA_DESDE, ESTUDOU_ATE)
                        VALUES (23, 32, 0.47, '2011-04-01', NULL, NULL);
INSERT INTO TECNOLOGIA_USUARIO (ID_USUARIO, ID_TECNOLOGIA, INOVATIVIDADE, CONHECE_DESDE, ESTUDA_DESDE, ESTUDOU_ATE)
                        VALUES (24, 2, 0.44, '2011-04-01', NULL, NULL);
INSERT INTO TECNOLOGIA_USUARIO (ID_USUARIO, ID_TECNOLOGIA, INOVATIVIDADE, CONHECE_DESDE, ESTUDA_DESDE, ESTUDOU_ATE)
                        VALUES (24, 3, 0.43, '2011-04-01', NULL, NULL);
INSERT INTO TECNOLOGIA_USUARIO (ID_USUARIO, ID_TECNOLOGIA, INOVATIVIDADE, CONHECE_DESDE, ESTUDA_DESDE, ESTUDOU_ATE)
                        VALUES (24, 9, 0, '2011-04-01', NULL, NULL);
INSERT INTO TECNOLOGIA_USUARIO (ID_USUARIO, ID_TECNOLOGIA, INOVATIVIDADE, CONHECE_DESDE, ESTUDA_DESDE, ESTUDOU_ATE)
                        VALUES (24, 10, 0, '2011-04-01', NULL, NULL);
INSERT INTO TECNOLOGIA_USUARIO (ID_USUARIO, ID_TECNOLOGIA, INOVATIVIDADE, CONHECE_DESDE, ESTUDA_DESDE, ESTUDOU_ATE)
                        VALUES (24, 16, 0, '2011-04-01', NULL, NULL);
INSERT INTO TECNOLOGIA_USUARIO (ID_USUARIO, ID_TECNOLOGIA, INOVATIVIDADE, CONHECE_DESDE, ESTUDA_DESDE, ESTUDOU_ATE)
                        VALUES (25, 4, 0.84, '2005-02-01', NULL, NULL);
INSERT INTO TECNOLOGIA_USUARIO (ID_USUARIO, ID_TECNOLOGIA, INOVATIVIDADE, CONHECE_DESDE, ESTUDA_DESDE, ESTUDOU_ATE)
                        VALUES (25, 9, 0, '2005-02-01', NULL, NULL);
INSERT INTO TECNOLOGIA_USUARIO (ID_USUARIO, ID_TECNOLOGIA, INOVATIVIDADE, CONHECE_DESDE, ESTUDA_DESDE, ESTUDOU_ATE)
                        VALUES (25, 10, 0, '2005-02-01', NULL, NULL);
INSERT INTO TECNOLOGIA_USUARIO (ID_USUARIO, ID_TECNOLOGIA, INOVATIVIDADE, CONHECE_DESDE, ESTUDA_DESDE, ESTUDOU_ATE)
                        VALUES (25, 24, 1, '2006-03-01', NULL, NULL);
INSERT INTO TECNOLOGIA_USUARIO (ID_USUARIO, ID_TECNOLOGIA, INOVATIVIDADE, CONHECE_DESDE, ESTUDA_DESDE, ESTUDOU_ATE)
                        VALUES (25, 25, 1, '2006-03-01', NULL, NULL);
INSERT INTO TECNOLOGIA_USUARIO (ID_USUARIO, ID_TECNOLOGIA, INOVATIVIDADE, CONHECE_DESDE, ESTUDA_DESDE, ESTUDOU_ATE)
                        VALUES (25, 29, 0, '2006-03-01', NULL, NULL);
INSERT INTO TECNOLOGIA_USUARIO (ID_USUARIO, ID_TECNOLOGIA, INOVATIVIDADE, CONHECE_DESDE, ESTUDA_DESDE, ESTUDOU_ATE)
                        VALUES (25, 31, 1, '2006-03-01', NULL, NULL);
INSERT INTO TECNOLOGIA_USUARIO (ID_USUARIO, ID_TECNOLOGIA, INOVATIVIDADE, CONHECE_DESDE, ESTUDA_DESDE, ESTUDOU_ATE)
                        VALUES (25, 32, 0, '2006-03-01', NULL, NULL);
INSERT INTO TECNOLOGIA_USUARIO (ID_USUARIO, ID_TECNOLOGIA, INOVATIVIDADE, CONHECE_DESDE, ESTUDA_DESDE, ESTUDOU_ATE)
                        VALUES (25, 34, 0, '2005-02-01', NULL, NULL);
INSERT INTO TECNOLOGIA_USUARIO (ID_USUARIO, ID_TECNOLOGIA, INOVATIVIDADE, CONHECE_DESDE, ESTUDA_DESDE, ESTUDOU_ATE)
                        VALUES (25, 42, 1, '2009-12-01', NULL, NULL);
INSERT INTO TECNOLOGIA_USUARIO (ID_USUARIO, ID_TECNOLOGIA, INOVATIVIDADE, CONHECE_DESDE, ESTUDA_DESDE, ESTUDOU_ATE)
                        VALUES (25, 43, 0, '2009-12-01', NULL, NULL);
INSERT INTO TECNOLOGIA_USUARIO (ID_USUARIO, ID_TECNOLOGIA, INOVATIVIDADE, CONHECE_DESDE, ESTUDA_DESDE, ESTUDOU_ATE)
                        VALUES (26, 2, 0, '2008-05-01', NULL, NULL);
INSERT INTO TECNOLOGIA_USUARIO (ID_USUARIO, ID_TECNOLOGIA, INOVATIVIDADE, CONHECE_DESDE, ESTUDA_DESDE, ESTUDOU_ATE)
                        VALUES (26, 3, 0, '2008-05-01', NULL, NULL);
INSERT INTO TECNOLOGIA_USUARIO (ID_USUARIO, ID_TECNOLOGIA, INOVATIVIDADE, CONHECE_DESDE, ESTUDA_DESDE, ESTUDOU_ATE)
                        VALUES (26, 5, 0, '2006-06-01', NULL, NULL);
INSERT INTO TECNOLOGIA_USUARIO (ID_USUARIO, ID_TECNOLOGIA, INOVATIVIDADE, CONHECE_DESDE, ESTUDA_DESDE, ESTUDOU_ATE)
                        VALUES (26, 9, 0, '2005-06-01', NULL, NULL);
INSERT INTO TECNOLOGIA_USUARIO (ID_USUARIO, ID_TECNOLOGIA, INOVATIVIDADE, CONHECE_DESDE, ESTUDA_DESDE, ESTUDOU_ATE)
                        VALUES (26, 10, 0, '2005-06-01', NULL, NULL);
INSERT INTO TECNOLOGIA_USUARIO (ID_USUARIO, ID_TECNOLOGIA, INOVATIVIDADE, CONHECE_DESDE, ESTUDA_DESDE, ESTUDOU_ATE)
                        VALUES (26, 13, 0.9, '2005-06-01', NULL, NULL);
INSERT INTO TECNOLOGIA_USUARIO (ID_USUARIO, ID_TECNOLOGIA, INOVATIVIDADE, CONHECE_DESDE, ESTUDA_DESDE, ESTUDOU_ATE)
                        VALUES (26, 14, 0.62, '2008-05-01', NULL, NULL);
INSERT INTO TECNOLOGIA_USUARIO (ID_USUARIO, ID_TECNOLOGIA, INOVATIVIDADE, CONHECE_DESDE, ESTUDA_DESDE, ESTUDOU_ATE)
                        VALUES (26, 16, 06, '2008-05-01', NULL, NULL);
INSERT INTO TECNOLOGIA_USUARIO (ID_USUARIO, ID_TECNOLOGIA, INOVATIVIDADE, CONHECE_DESDE, ESTUDA_DESDE, ESTUDOU_ATE)
                        VALUES (26, 26, 0, '2006-06-01', NULL, NULL);
INSERT INTO TECNOLOGIA_USUARIO (ID_USUARIO, ID_TECNOLOGIA, INOVATIVIDADE, CONHECE_DESDE, ESTUDA_DESDE, ESTUDOU_ATE)
                        VALUES (26, 34, 0, '2005-06-01', NULL, NULL);
INSERT INTO TECNOLOGIA_USUARIO (ID_USUARIO, ID_TECNOLOGIA, INOVATIVIDADE, CONHECE_DESDE, ESTUDA_DESDE, ESTUDOU_ATE)
                        VALUES (26, 38, 0, '2008-05-01', NULL, NULL);
INSERT INTO TECNOLOGIA_USUARIO (ID_USUARIO, ID_TECNOLOGIA, INOVATIVIDADE, CONHECE_DESDE, ESTUDA_DESDE, ESTUDOU_ATE)
                        VALUES (26, 57, 1, '2006-06-01', NULL, NULL);
INSERT INTO TECNOLOGIA_USUARIO (ID_USUARIO, ID_TECNOLOGIA, INOVATIVIDADE, CONHECE_DESDE, ESTUDA_DESDE, ESTUDOU_ATE)
                        VALUES (26, 67, 0.62, '2008-05-01', NULL, NULL);
INSERT INTO TECNOLOGIA_USUARIO (ID_USUARIO, ID_TECNOLOGIA, INOVATIVIDADE, CONHECE_DESDE, ESTUDA_DESDE, ESTUDOU_ATE)
                        VALUES (27, 2, 0, '2008-08-01', NULL, NULL);
INSERT INTO TECNOLOGIA_USUARIO (ID_USUARIO, ID_TECNOLOGIA, INOVATIVIDADE, CONHECE_DESDE, ESTUDA_DESDE, ESTUDOU_ATE)
                        VALUES (27, 4, 09, '2008-08-01', NULL, NULL);
INSERT INTO TECNOLOGIA_USUARIO (ID_USUARIO, ID_TECNOLOGIA, INOVATIVIDADE, CONHECE_DESDE, ESTUDA_DESDE, ESTUDOU_ATE)
                        VALUES (27, 7, 0, '2015-02-01', NULL, NULL);
INSERT INTO TECNOLOGIA_USUARIO (ID_USUARIO, ID_TECNOLOGIA, INOVATIVIDADE, CONHECE_DESDE, ESTUDA_DESDE, ESTUDOU_ATE)
                        VALUES (27, 8, 0.28, '2015-03-01', NULL, NULL);
INSERT INTO TECNOLOGIA_USUARIO (ID_USUARIO, ID_TECNOLOGIA, INOVATIVIDADE, CONHECE_DESDE, ESTUDA_DESDE, ESTUDOU_ATE)
                        VALUES (27, 9, 06, '2008-08-01', NULL, NULL);
INSERT INTO TECNOLOGIA_USUARIO (ID_USUARIO, ID_TECNOLOGIA, INOVATIVIDADE, CONHECE_DESDE, ESTUDA_DESDE, ESTUDOU_ATE)
                        VALUES (27, 10, 06, '2008-08-01', NULL, NULL);
INSERT INTO TECNOLOGIA_USUARIO (ID_USUARIO, ID_TECNOLOGIA, INOVATIVIDADE, CONHECE_DESDE, ESTUDA_DESDE, ESTUDOU_ATE)
                        VALUES (27, 13, 0, '2008-08-01', NULL, NULL);
INSERT INTO TECNOLOGIA_USUARIO (ID_USUARIO, ID_TECNOLOGIA, INOVATIVIDADE, CONHECE_DESDE, ESTUDA_DESDE, ESTUDOU_ATE)
                        VALUES (27, 16, 0, '2013-10-01', NULL, NULL);
INSERT INTO TECNOLOGIA_USUARIO (ID_USUARIO, ID_TECNOLOGIA, INOVATIVIDADE, CONHECE_DESDE, ESTUDA_DESDE, ESTUDOU_ATE)
                        VALUES (27, 20, 0, '2013-10-01', NULL, NULL);
INSERT INTO TECNOLOGIA_USUARIO (ID_USUARIO, ID_TECNOLOGIA, INOVATIVIDADE, CONHECE_DESDE, ESTUDA_DESDE, ESTUDOU_ATE)
                        VALUES (27, 34, 0, '2008-08-01', NULL, NULL);
INSERT INTO TECNOLOGIA_USUARIO (ID_USUARIO, ID_TECNOLOGIA, INOVATIVIDADE, CONHECE_DESDE, ESTUDA_DESDE, ESTUDOU_ATE)
                        VALUES (27, 35, 0.72, '2015-02-01', NULL, NULL);
INSERT INTO TECNOLOGIA_USUARIO (ID_USUARIO, ID_TECNOLOGIA, INOVATIVIDADE, CONHECE_DESDE, ESTUDA_DESDE, ESTUDOU_ATE)
                        VALUES (27, 45, 0, '2015-03-01', NULL, NULL);
INSERT INTO TECNOLOGIA_USUARIO (ID_USUARIO, ID_TECNOLOGIA, INOVATIVIDADE, CONHECE_DESDE, ESTUDA_DESDE, ESTUDOU_ATE)
                        VALUES (28, 1, 0, '2006-02-01', NULL, NULL);
INSERT INTO TECNOLOGIA_USUARIO (ID_USUARIO, ID_TECNOLOGIA, INOVATIVIDADE, CONHECE_DESDE, ESTUDA_DESDE, ESTUDOU_ATE)
                        VALUES (28, 2, 0.24, '2013-10-01', NULL, NULL);
INSERT INTO TECNOLOGIA_USUARIO (ID_USUARIO, ID_TECNOLOGIA, INOVATIVIDADE, CONHECE_DESDE, ESTUDA_DESDE, ESTUDOU_ATE)
                        VALUES (28, 3, 0.24, '2013-10-01', NULL, NULL);
INSERT INTO TECNOLOGIA_USUARIO (ID_USUARIO, ID_TECNOLOGIA, INOVATIVIDADE, CONHECE_DESDE, ESTUDA_DESDE, ESTUDOU_ATE)
                        VALUES (28, 9, 0, '2007-10-01', NULL, NULL);
INSERT INTO TECNOLOGIA_USUARIO (ID_USUARIO, ID_TECNOLOGIA, INOVATIVIDADE, CONHECE_DESDE, ESTUDA_DESDE, ESTUDOU_ATE)
                        VALUES (28, 13, 0, '2007-10-01', NULL, NULL);
INSERT INTO TECNOLOGIA_USUARIO (ID_USUARIO, ID_TECNOLOGIA, INOVATIVIDADE, CONHECE_DESDE, ESTUDA_DESDE, ESTUDOU_ATE)
                        VALUES (28, 16, 0.24, '2013-03-01', NULL, NULL);
INSERT INTO TECNOLOGIA_USUARIO (ID_USUARIO, ID_TECNOLOGIA, INOVATIVIDADE, CONHECE_DESDE, ESTUDA_DESDE, ESTUDOU_ATE)
                        VALUES (28, 17, 0, '2006-02-01', NULL, NULL);
INSERT INTO TECNOLOGIA_USUARIO (ID_USUARIO, ID_TECNOLOGIA, INOVATIVIDADE, CONHECE_DESDE, ESTUDA_DESDE, ESTUDOU_ATE)
                        VALUES (28, 34, 0.7, '2007-10-01', NULL, NULL);
INSERT INTO TECNOLOGIA_USUARIO (ID_USUARIO, ID_TECNOLOGIA, INOVATIVIDADE, CONHECE_DESDE, ESTUDA_DESDE, ESTUDOU_ATE)
                        VALUES (28, 67, 0, '2007-10-01', NULL, NULL);
INSERT INTO TECNOLOGIA_USUARIO (ID_USUARIO, ID_TECNOLOGIA, INOVATIVIDADE, CONHECE_DESDE, ESTUDA_DESDE, ESTUDOU_ATE)
                        VALUES (29, 2, 03, '2010-02-01', NULL, NULL);
INSERT INTO TECNOLOGIA_USUARIO (ID_USUARIO, ID_TECNOLOGIA, INOVATIVIDADE, CONHECE_DESDE, ESTUDA_DESDE, ESTUDOU_ATE)
                        VALUES (29, 3, 02, '2010-02-01', NULL, NULL);
INSERT INTO TECNOLOGIA_USUARIO (ID_USUARIO, ID_TECNOLOGIA, INOVATIVIDADE, CONHECE_DESDE, ESTUDA_DESDE, ESTUDOU_ATE)
                        VALUES (29, 4, 0.34, '2012-02-01', NULL, NULL);
INSERT INTO TECNOLOGIA_USUARIO (ID_USUARIO, ID_TECNOLOGIA, INOVATIVIDADE, CONHECE_DESDE, ESTUDA_DESDE, ESTUDOU_ATE)
                        VALUES (29, 9, 0, '2010-02-01', '2015-08-01', NULL);
INSERT INTO TECNOLOGIA_USUARIO (ID_USUARIO, ID_TECNOLOGIA, INOVATIVIDADE, CONHECE_DESDE, ESTUDA_DESDE, ESTUDOU_ATE)
                        VALUES (29, 10, 0.05, '2016-02-01', '2015-08-01', NULL);
INSERT INTO TECNOLOGIA_USUARIO (ID_USUARIO, ID_TECNOLOGIA, INOVATIVIDADE, CONHECE_DESDE, ESTUDA_DESDE, ESTUDOU_ATE)
                        VALUES (29, 16, 0.44, '2010-02-01', NULL, NULL);
INSERT INTO TECNOLOGIA_USUARIO (ID_USUARIO, ID_TECNOLOGIA, INOVATIVIDADE, CONHECE_DESDE, ESTUDA_DESDE, ESTUDOU_ATE)
                        VALUES (29, 27, 0.47, '2013-01-01', NULL, NULL);
INSERT INTO TECNOLOGIA_USUARIO (ID_USUARIO, ID_TECNOLOGIA, INOVATIVIDADE, CONHECE_DESDE, ESTUDA_DESDE, ESTUDOU_ATE)
                        VALUES (29, 36, 0.35, '2013-01-01', NULL, NULL);
INSERT INTO TECNOLOGIA_USUARIO (ID_USUARIO, ID_TECNOLOGIA, INOVATIVIDADE, CONHECE_DESDE, ESTUDA_DESDE, ESTUDOU_ATE)
                        VALUES (29, 37, 0.3, '2014-03-01', NULL, NULL);
INSERT INTO TECNOLOGIA_USUARIO (ID_USUARIO, ID_TECNOLOGIA, INOVATIVIDADE, CONHECE_DESDE, ESTUDA_DESDE, ESTUDOU_ATE)
                        VALUES (29, 39, 0, '2014-03-01', NULL, NULL);
INSERT INTO TECNOLOGIA_USUARIO (ID_USUARIO, ID_TECNOLOGIA, INOVATIVIDADE, CONHECE_DESDE, ESTUDA_DESDE, ESTUDOU_ATE)
                        VALUES (29, 41, 08, '2015-05-01', NULL, NULL);
INSERT INTO TECNOLOGIA_USUARIO (ID_USUARIO, ID_TECNOLOGIA, INOVATIVIDADE, CONHECE_DESDE, ESTUDA_DESDE, ESTUDOU_ATE)
                        VALUES (29, 67, 0, '2010-06-01', NULL, NULL);
INSERT INTO TECNOLOGIA_USUARIO (ID_USUARIO, ID_TECNOLOGIA, INOVATIVIDADE, CONHECE_DESDE, ESTUDA_DESDE, ESTUDOU_ATE)
                        VALUES (29, 81, 1, '2010-06-01', NULL, NULL);
INSERT INTO TECNOLOGIA_USUARIO (ID_USUARIO, ID_TECNOLOGIA, INOVATIVIDADE, CONHECE_DESDE, ESTUDA_DESDE, ESTUDOU_ATE)
                        VALUES (30, 2, 0, '2014-04-01', NULL, NULL);
INSERT INTO TECNOLOGIA_USUARIO (ID_USUARIO, ID_TECNOLOGIA, INOVATIVIDADE, CONHECE_DESDE, ESTUDA_DESDE, ESTUDOU_ATE)
                        VALUES (30, 4, 0.18, '2014-04-01', NULL, NULL);
INSERT INTO TECNOLOGIA_USUARIO (ID_USUARIO, ID_TECNOLOGIA, INOVATIVIDADE, CONHECE_DESDE, ESTUDA_DESDE, ESTUDOU_ATE)
                        VALUES (30, 9, 0, '2014-04-01', '2015-05-01', NULL);
INSERT INTO TECNOLOGIA_USUARIO (ID_USUARIO, ID_TECNOLOGIA, INOVATIVIDADE, CONHECE_DESDE, ESTUDA_DESDE, ESTUDOU_ATE)
                        VALUES (30, 10, 0, '2014-04-01', '2015-05-01', NULL);
INSERT INTO TECNOLOGIA_USUARIO (ID_USUARIO, ID_TECNOLOGIA, INOVATIVIDADE, CONHECE_DESDE, ESTUDA_DESDE, ESTUDOU_ATE)
                        VALUES (30, 16, 0, '2014-04-01', NULL, NULL);
INSERT INTO TECNOLOGIA_USUARIO (ID_USUARIO, ID_TECNOLOGIA, INOVATIVIDADE, CONHECE_DESDE, ESTUDA_DESDE, ESTUDOU_ATE)
                        VALUES (30, 26, 0.15, '2014-04-01', NULL, NULL);
INSERT INTO TECNOLOGIA_USUARIO (ID_USUARIO, ID_TECNOLOGIA, INOVATIVIDADE, CONHECE_DESDE, ESTUDA_DESDE, ESTUDOU_ATE)
                        VALUES (30, 27, 0.31, '2014-04-01', NULL, NULL);
INSERT INTO TECNOLOGIA_USUARIO (ID_USUARIO, ID_TECNOLOGIA, INOVATIVIDADE, CONHECE_DESDE, ESTUDA_DESDE, ESTUDOU_ATE)
                        VALUES (30, 36, 0.23, '2014-04-01', NULL, NULL);
INSERT INTO TECNOLOGIA_USUARIO (ID_USUARIO, ID_TECNOLOGIA, INOVATIVIDADE, CONHECE_DESDE, ESTUDA_DESDE, ESTUDOU_ATE)
                        VALUES (30, 37, 0.29, '2014-04-01', NULL, NULL);
INSERT INTO TECNOLOGIA_USUARIO (ID_USUARIO, ID_TECNOLOGIA, INOVATIVIDADE, CONHECE_DESDE, ESTUDA_DESDE, ESTUDOU_ATE)
                        VALUES (30, 38, 0.29, '2014-04-01', NULL, NULL);
INSERT INTO TECNOLOGIA_USUARIO (ID_USUARIO, ID_TECNOLOGIA, INOVATIVIDADE, CONHECE_DESDE, ESTUDA_DESDE, ESTUDOU_ATE)
                        VALUES (30, 39, 0.35, '2014-04-01', NULL, NULL);
INSERT INTO TECNOLOGIA_USUARIO (ID_USUARIO, ID_TECNOLOGIA, INOVATIVIDADE, CONHECE_DESDE, ESTUDA_DESDE, ESTUDOU_ATE)
                        VALUES (30, 41, 1, '2014-04-01', NULL, NULL);
INSERT INTO TECNOLOGIA_USUARIO (ID_USUARIO, ID_TECNOLOGIA, INOVATIVIDADE, CONHECE_DESDE, ESTUDA_DESDE, ESTUDOU_ATE)
                        VALUES (30, 67, 0.18, '2014-04-01', NULL, NULL);
INSERT INTO TECNOLOGIA_USUARIO (ID_USUARIO, ID_TECNOLOGIA, INOVATIVIDADE, CONHECE_DESDE, ESTUDA_DESDE, ESTUDOU_ATE)
                        VALUES (31, 1, 0, '2001-09-01', NULL, NULL);
INSERT INTO TECNOLOGIA_USUARIO (ID_USUARIO, ID_TECNOLOGIA, INOVATIVIDADE, CONHECE_DESDE, ESTUDA_DESDE, ESTUDOU_ATE)
                        VALUES (31, 2, 0, '2008-02-01', NULL, NULL);
INSERT INTO TECNOLOGIA_USUARIO (ID_USUARIO, ID_TECNOLOGIA, INOVATIVIDADE, CONHECE_DESDE, ESTUDA_DESDE, ESTUDOU_ATE)
                        VALUES (31, 3, 0, '2008-02-01', NULL, NULL);
INSERT INTO TECNOLOGIA_USUARIO (ID_USUARIO, ID_TECNOLOGIA, INOVATIVIDADE, CONHECE_DESDE, ESTUDA_DESDE, ESTUDOU_ATE)
                        VALUES (31, 5, 0.4, '2010-03-01', NULL, NULL);
INSERT INTO TECNOLOGIA_USUARIO (ID_USUARIO, ID_TECNOLOGIA, INOVATIVIDADE, CONHECE_DESDE, ESTUDA_DESDE, ESTUDOU_ATE)
                        VALUES (31, 6, 01, '2010-03-01', NULL, NULL);
INSERT INTO TECNOLOGIA_USUARIO (ID_USUARIO, ID_TECNOLOGIA, INOVATIVIDADE, CONHECE_DESDE, ESTUDA_DESDE, ESTUDOU_ATE)
                        VALUES (31, 9, 0.35, '2011-08-01', NULL, NULL);
INSERT INTO TECNOLOGIA_USUARIO (ID_USUARIO, ID_TECNOLOGIA, INOVATIVIDADE, CONHECE_DESDE, ESTUDA_DESDE, ESTUDOU_ATE)
                        VALUES (31, 10, 0.35, '2011-08-01', NULL, NULL);
INSERT INTO TECNOLOGIA_USUARIO (ID_USUARIO, ID_TECNOLOGIA, INOVATIVIDADE, CONHECE_DESDE, ESTUDA_DESDE, ESTUDOU_ATE)
                        VALUES (31, 16, 1, '2001-09-01', NULL, NULL);
INSERT INTO TECNOLOGIA_USUARIO (ID_USUARIO, ID_TECNOLOGIA, INOVATIVIDADE, CONHECE_DESDE, ESTUDA_DESDE, ESTUDOU_ATE)
                        VALUES (31, 26, 0.4, '2010-03-01', NULL, NULL);
INSERT INTO TECNOLOGIA_USUARIO (ID_USUARIO, ID_TECNOLOGIA, INOVATIVIDADE, CONHECE_DESDE, ESTUDA_DESDE, ESTUDOU_ATE)
                        VALUES (31, 36, 0.13, '2015-06-01', NULL, NULL);
INSERT INTO TECNOLOGIA_USUARIO (ID_USUARIO, ID_TECNOLOGIA, INOVATIVIDADE, CONHECE_DESDE, ESTUDA_DESDE, ESTUDOU_ATE)
                        VALUES (31, 67, 0, '2008-03-01', NULL, NULL);
INSERT INTO TECNOLOGIA_USUARIO (ID_USUARIO, ID_TECNOLOGIA, INOVATIVIDADE, CONHECE_DESDE, ESTUDA_DESDE, ESTUDOU_ATE)
                        VALUES (32, 1, 0, '2004-01-01', NULL, NULL);
INSERT INTO TECNOLOGIA_USUARIO (ID_USUARIO, ID_TECNOLOGIA, INOVATIVIDADE, CONHECE_DESDE, ESTUDA_DESDE, ESTUDOU_ATE)
                        VALUES (32, 2, 1, '2004-03-01', NULL, NULL);
INSERT INTO TECNOLOGIA_USUARIO (ID_USUARIO, ID_TECNOLOGIA, INOVATIVIDADE, CONHECE_DESDE, ESTUDA_DESDE, ESTUDOU_ATE)
                        VALUES (32, 3, 0, '2004-03-01', NULL, NULL);
INSERT INTO TECNOLOGIA_USUARIO (ID_USUARIO, ID_TECNOLOGIA, INOVATIVIDADE, CONHECE_DESDE, ESTUDA_DESDE, ESTUDOU_ATE)
                        VALUES (32, 5, 0, '2004-04-01', NULL, NULL);
INSERT INTO TECNOLOGIA_USUARIO (ID_USUARIO, ID_TECNOLOGIA, INOVATIVIDADE, CONHECE_DESDE, ESTUDA_DESDE, ESTUDOU_ATE)
                        VALUES (32, 6, 1, '2004-01-01', NULL, NULL);
INSERT INTO TECNOLOGIA_USUARIO (ID_USUARIO, ID_TECNOLOGIA, INOVATIVIDADE, CONHECE_DESDE, ESTUDA_DESDE, ESTUDOU_ATE)
                        VALUES (32, 8, 0, '2012-11-01', NULL, NULL);
INSERT INTO TECNOLOGIA_USUARIO (ID_USUARIO, ID_TECNOLOGIA, INOVATIVIDADE, CONHECE_DESDE, ESTUDA_DESDE, ESTUDOU_ATE)
                        VALUES (32, 9, 0, '2014-01-01', NULL, NULL);
INSERT INTO TECNOLOGIA_USUARIO (ID_USUARIO, ID_TECNOLOGIA, INOVATIVIDADE, CONHECE_DESDE, ESTUDA_DESDE, ESTUDOU_ATE)
                        VALUES (32, 10, 0, '2004-01-01', NULL, NULL);
INSERT INTO TECNOLOGIA_USUARIO (ID_USUARIO, ID_TECNOLOGIA, INOVATIVIDADE, CONHECE_DESDE, ESTUDA_DESDE, ESTUDOU_ATE)
                        VALUES (32, 11, 0.33, '2012-11-01', NULL, NULL);
INSERT INTO TECNOLOGIA_USUARIO (ID_USUARIO, ID_TECNOLOGIA, INOVATIVIDADE, CONHECE_DESDE, ESTUDA_DESDE, ESTUDOU_ATE)
                        VALUES (32, 13, 0.31, '2012-11-01', NULL, NULL);
INSERT INTO TECNOLOGIA_USUARIO (ID_USUARIO, ID_TECNOLOGIA, INOVATIVIDADE, CONHECE_DESDE, ESTUDA_DESDE, ESTUDOU_ATE)
                        VALUES (32, 16, 0.84, '2004-01-01', NULL, NULL);
INSERT INTO TECNOLOGIA_USUARIO (ID_USUARIO, ID_TECNOLOGIA, INOVATIVIDADE, CONHECE_DESDE, ESTUDA_DESDE, ESTUDOU_ATE)
                        VALUES (32, 20, 1, '2012-12-01', NULL, NULL);
INSERT INTO TECNOLOGIA_USUARIO (ID_USUARIO, ID_TECNOLOGIA, INOVATIVIDADE, CONHECE_DESDE, ESTUDA_DESDE, ESTUDOU_ATE)
                        VALUES (32, 26, 0.7, '2005-04-01', NULL, NULL);
INSERT INTO TECNOLOGIA_USUARIO (ID_USUARIO, ID_TECNOLOGIA, INOVATIVIDADE, CONHECE_DESDE, ESTUDA_DESDE, ESTUDOU_ATE)
                        VALUES (32, 34, 0.3, '2012-12-01', NULL, NULL);
INSERT INTO TECNOLOGIA_USUARIO (ID_USUARIO, ID_TECNOLOGIA, INOVATIVIDADE, CONHECE_DESDE, ESTUDA_DESDE, ESTUDOU_ATE)
                        VALUES (32, 36, 0, '2008-02-01', NULL, NULL);
INSERT INTO TECNOLOGIA_USUARIO (ID_USUARIO, ID_TECNOLOGIA, INOVATIVIDADE, CONHECE_DESDE, ESTUDA_DESDE, ESTUDOU_ATE)
                        VALUES (32, 37, 1, '2008-02-01', NULL, NULL);
INSERT INTO TECNOLOGIA_USUARIO (ID_USUARIO, ID_TECNOLOGIA, INOVATIVIDADE, CONHECE_DESDE, ESTUDA_DESDE, ESTUDOU_ATE)
                        VALUES (32, 38, 1, '2008-02-01', NULL, NULL);
INSERT INTO TECNOLOGIA_USUARIO (ID_USUARIO, ID_TECNOLOGIA, INOVATIVIDADE, CONHECE_DESDE, ESTUDA_DESDE, ESTUDOU_ATE)
                        VALUES (32, 67, 0.93, '2004-01-01', NULL, NULL);
INSERT INTO TECNOLOGIA_USUARIO (ID_USUARIO, ID_TECNOLOGIA, INOVATIVIDADE, CONHECE_DESDE, ESTUDA_DESDE, ESTUDOU_ATE)
                        VALUES (32, 82, 1, '2004-01-01', NULL, NULL);
INSERT INTO TECNOLOGIA_USUARIO (ID_USUARIO, ID_TECNOLOGIA, INOVATIVIDADE, CONHECE_DESDE, ESTUDA_DESDE, ESTUDOU_ATE)
                        VALUES (32, 83, 1, '2004-01-01', NULL, NULL);
INSERT INTO TECNOLOGIA_USUARIO (ID_USUARIO, ID_TECNOLOGIA, INOVATIVIDADE, CONHECE_DESDE, ESTUDA_DESDE, ESTUDOU_ATE)
                        VALUES (32, 84, 1, '2012-12-01', NULL, NULL);
INSERT INTO TECNOLOGIA_USUARIO (ID_USUARIO, ID_TECNOLOGIA, INOVATIVIDADE, CONHECE_DESDE, ESTUDA_DESDE, ESTUDOU_ATE)
                        VALUES (32, 85, 1, '2012-12-01', NULL, NULL);
INSERT INTO TECNOLOGIA_USUARIO (ID_USUARIO, ID_TECNOLOGIA, INOVATIVIDADE, CONHECE_DESDE, ESTUDA_DESDE, ESTUDOU_ATE)
                        VALUES (33, 1, 0.6, '2006-11-01', NULL, NULL);
INSERT INTO TECNOLOGIA_USUARIO (ID_USUARIO, ID_TECNOLOGIA, INOVATIVIDADE, CONHECE_DESDE, ESTUDA_DESDE, ESTUDOU_ATE)
                        VALUES (33, 2, 0, '2011-12-01', NULL, NULL);
INSERT INTO TECNOLOGIA_USUARIO (ID_USUARIO, ID_TECNOLOGIA, INOVATIVIDADE, CONHECE_DESDE, ESTUDA_DESDE, ESTUDOU_ATE)
                        VALUES (33, 4, 0, '2006-08-01', NULL, NULL);
INSERT INTO TECNOLOGIA_USUARIO (ID_USUARIO, ID_TECNOLOGIA, INOVATIVIDADE, CONHECE_DESDE, ESTUDA_DESDE, ESTUDOU_ATE)
                        VALUES (33, 5, 0, '2008-08-01', NULL, NULL);
INSERT INTO TECNOLOGIA_USUARIO (ID_USUARIO, ID_TECNOLOGIA, INOVATIVIDADE, CONHECE_DESDE, ESTUDA_DESDE, ESTUDOU_ATE)
                        VALUES (33, 6, 03, '2010-01-01', NULL, NULL);
INSERT INTO TECNOLOGIA_USUARIO (ID_USUARIO, ID_TECNOLOGIA, INOVATIVIDADE, CONHECE_DESDE, ESTUDA_DESDE, ESTUDOU_ATE)
                        VALUES (33, 11, 0.1, '2015-08-01', NULL, NULL);
INSERT INTO TECNOLOGIA_USUARIO (ID_USUARIO, ID_TECNOLOGIA, INOVATIVIDADE, CONHECE_DESDE, ESTUDA_DESDE, ESTUDOU_ATE)
                        VALUES (33, 16, 0, '2007-02-01', NULL, NULL);
INSERT INTO TECNOLOGIA_USUARIO (ID_USUARIO, ID_TECNOLOGIA, INOVATIVIDADE, CONHECE_DESDE, ESTUDA_DESDE, ESTUDOU_ATE)
                        VALUES (33, 26, 0, '2008-10-01', NULL, NULL);
INSERT INTO TECNOLOGIA_USUARIO (ID_USUARIO, ID_TECNOLOGIA, INOVATIVIDADE, CONHECE_DESDE, ESTUDA_DESDE, ESTUDOU_ATE)
                        VALUES (33, 57, 0, '2008-10-01', NULL, NULL);
INSERT INTO TECNOLOGIA_USUARIO (ID_USUARIO, ID_TECNOLOGIA, INOVATIVIDADE, CONHECE_DESDE, ESTUDA_DESDE, ESTUDOU_ATE)
                        VALUES (34, 1, 04, '2007-11-01', NULL, NULL);
INSERT INTO TECNOLOGIA_USUARIO (ID_USUARIO, ID_TECNOLOGIA, INOVATIVIDADE, CONHECE_DESDE, ESTUDA_DESDE, ESTUDOU_ATE)
                        VALUES (34, 2, 0, '2014-01-01', NULL, NULL);
INSERT INTO TECNOLOGIA_USUARIO (ID_USUARIO, ID_TECNOLOGIA, INOVATIVIDADE, CONHECE_DESDE, ESTUDA_DESDE, ESTUDOU_ATE)
                        VALUES (34, 4, 0, '2007-11-01', NULL, NULL);
INSERT INTO TECNOLOGIA_USUARIO (ID_USUARIO, ID_TECNOLOGIA, INOVATIVIDADE, CONHECE_DESDE, ESTUDA_DESDE, ESTUDOU_ATE)
                        VALUES (34, 5, 0, '2014-03-01', NULL, NULL);
INSERT INTO TECNOLOGIA_USUARIO (ID_USUARIO, ID_TECNOLOGIA, INOVATIVIDADE, CONHECE_DESDE, ESTUDA_DESDE, ESTUDOU_ATE)
                        VALUES (34, 6, 0, '2014-03-01', NULL, NULL);
INSERT INTO TECNOLOGIA_USUARIO (ID_USUARIO, ID_TECNOLOGIA, INOVATIVIDADE, CONHECE_DESDE, ESTUDA_DESDE, ESTUDOU_ATE)
                        VALUES (34, 9, 0, '2007-04-01', NULL, NULL);
INSERT INTO TECNOLOGIA_USUARIO (ID_USUARIO, ID_TECNOLOGIA, INOVATIVIDADE, CONHECE_DESDE, ESTUDA_DESDE, ESTUDOU_ATE)
                        VALUES (34, 10, 0.72, '2006-03-01', NULL, NULL);
INSERT INTO TECNOLOGIA_USUARIO (ID_USUARIO, ID_TECNOLOGIA, INOVATIVIDADE, CONHECE_DESDE, ESTUDA_DESDE, ESTUDOU_ATE)
                        VALUES (34, 13, 0, '2008-07-01', NULL, NULL);
INSERT INTO TECNOLOGIA_USUARIO (ID_USUARIO, ID_TECNOLOGIA, INOVATIVIDADE, CONHECE_DESDE, ESTUDA_DESDE, ESTUDOU_ATE)
                        VALUES (34, 26, 0, '2014-03-01', NULL, NULL);
INSERT INTO TECNOLOGIA_USUARIO (ID_USUARIO, ID_TECNOLOGIA, INOVATIVIDADE, CONHECE_DESDE, ESTUDA_DESDE, ESTUDOU_ATE)
                        VALUES (34, 28, 1, '2008-12-01', NULL, NULL);
INSERT INTO TECNOLOGIA_USUARIO (ID_USUARIO, ID_TECNOLOGIA, INOVATIVIDADE, CONHECE_DESDE, ESTUDA_DESDE, ESTUDOU_ATE)
                        VALUES (34, 34, 0, '2008-05-01', NULL, NULL);
INSERT INTO TECNOLOGIA_USUARIO (ID_USUARIO, ID_TECNOLOGIA, INOVATIVIDADE, CONHECE_DESDE, ESTUDA_DESDE, ESTUDOU_ATE)
                        VALUES (35, 1, 0.7, '2005-04-01', NULL, NULL);
INSERT INTO TECNOLOGIA_USUARIO (ID_USUARIO, ID_TECNOLOGIA, INOVATIVIDADE, CONHECE_DESDE, ESTUDA_DESDE, ESTUDOU_ATE)
                        VALUES (35, 5, 0, '2013-03-01', NULL, NULL);
INSERT INTO TECNOLOGIA_USUARIO (ID_USUARIO, ID_TECNOLOGIA, INOVATIVIDADE, CONHECE_DESDE, ESTUDA_DESDE, ESTUDOU_ATE)
                        VALUES (35, 6, 0.28, '2013-03-01', NULL, NULL);
INSERT INTO TECNOLOGIA_USUARIO (ID_USUARIO, ID_TECNOLOGIA, INOVATIVIDADE, CONHECE_DESDE, ESTUDA_DESDE, ESTUDOU_ATE)
                        VALUES (35, 9, 0, '2004-05-01', NULL, NULL);
INSERT INTO TECNOLOGIA_USUARIO (ID_USUARIO, ID_TECNOLOGIA, INOVATIVIDADE, CONHECE_DESDE, ESTUDA_DESDE, ESTUDOU_ATE)
                        VALUES (35, 10, 0, '2004-05-01', NULL, NULL);
INSERT INTO TECNOLOGIA_USUARIO (ID_USUARIO, ID_TECNOLOGIA, INOVATIVIDADE, CONHECE_DESDE, ESTUDA_DESDE, ESTUDOU_ATE)
                        VALUES (35, 13, 0, '2004-05-01', NULL, NULL);
INSERT INTO TECNOLOGIA_USUARIO (ID_USUARIO, ID_TECNOLOGIA, INOVATIVIDADE, CONHECE_DESDE, ESTUDA_DESDE, ESTUDOU_ATE)
                        VALUES (35, 16, 0, '2011-05-01', NULL, NULL);
INSERT INTO TECNOLOGIA_USUARIO (ID_USUARIO, ID_TECNOLOGIA, INOVATIVIDADE, CONHECE_DESDE, ESTUDA_DESDE, ESTUDOU_ATE)
                        VALUES (35, 18, 0.9, '2005-03-01', NULL, NULL);
INSERT INTO TECNOLOGIA_USUARIO (ID_USUARIO, ID_TECNOLOGIA, INOVATIVIDADE, CONHECE_DESDE, ESTUDA_DESDE, ESTUDOU_ATE)
                        VALUES (35, 34, 0, '2004-05-01', NULL, NULL);
INSERT INTO TECNOLOGIA_USUARIO (ID_USUARIO, ID_TECNOLOGIA, INOVATIVIDADE, CONHECE_DESDE, ESTUDA_DESDE, ESTUDOU_ATE)
                        VALUES (35, 86, 1, '2005-02-01', NULL, NULL);
INSERT INTO TECNOLOGIA_USUARIO (ID_USUARIO, ID_TECNOLOGIA, INOVATIVIDADE, CONHECE_DESDE, ESTUDA_DESDE, ESTUDOU_ATE)
                        VALUES (36, 1, 0, '2010-01-01', NULL, NULL);
INSERT INTO TECNOLOGIA_USUARIO (ID_USUARIO, ID_TECNOLOGIA, INOVATIVIDADE, CONHECE_DESDE, ESTUDA_DESDE, ESTUDOU_ATE)
                        VALUES (36, 4, 0, '2007-01-01', NULL, NULL);
INSERT INTO TECNOLOGIA_USUARIO (ID_USUARIO, ID_TECNOLOGIA, INOVATIVIDADE, CONHECE_DESDE, ESTUDA_DESDE, ESTUDOU_ATE)
                        VALUES (36, 6, 03, '2010-01-01', NULL, NULL);
INSERT INTO TECNOLOGIA_USUARIO (ID_USUARIO, ID_TECNOLOGIA, INOVATIVIDADE, CONHECE_DESDE, ESTUDA_DESDE, ESTUDOU_ATE)
                        VALUES (36, 7, 1, '2014-01-01', NULL, NULL);
INSERT INTO TECNOLOGIA_USUARIO (ID_USUARIO, ID_TECNOLOGIA, INOVATIVIDADE, CONHECE_DESDE, ESTUDA_DESDE, ESTUDOU_ATE)
                        VALUES (36, 8, 1, '2011-01-01', NULL, NULL);
INSERT INTO TECNOLOGIA_USUARIO (ID_USUARIO, ID_TECNOLOGIA, INOVATIVIDADE, CONHECE_DESDE, ESTUDA_DESDE, ESTUDOU_ATE)
                        VALUES (36, 9, 0.6, '2008-01-01', '2015-02-01', NULL);
INSERT INTO TECNOLOGIA_USUARIO (ID_USUARIO, ID_TECNOLOGIA, INOVATIVIDADE, CONHECE_DESDE, ESTUDA_DESDE, ESTUDOU_ATE)
                        VALUES (36, 10, 0, '2007-01-01', '2015-02-01', NULL);
INSERT INTO TECNOLOGIA_USUARIO (ID_USUARIO, ID_TECNOLOGIA, INOVATIVIDADE, CONHECE_DESDE, ESTUDA_DESDE, ESTUDOU_ATE)
                        VALUES (36, 11, 0, '2009-01-01', '2015-02-01', NULL);
INSERT INTO TECNOLOGIA_USUARIO (ID_USUARIO, ID_TECNOLOGIA, INOVATIVIDADE, CONHECE_DESDE, ESTUDA_DESDE, ESTUDOU_ATE)
                        VALUES (36, 12, 0, '2013-01-01', NULL, NULL);
INSERT INTO TECNOLOGIA_USUARIO (ID_USUARIO, ID_TECNOLOGIA, INOVATIVIDADE, CONHECE_DESDE, ESTUDA_DESDE, ESTUDOU_ATE)
                        VALUES (36, 13, 0, '2009-01-01', NULL, NULL);
INSERT INTO TECNOLOGIA_USUARIO (ID_USUARIO, ID_TECNOLOGIA, INOVATIVIDADE, CONHECE_DESDE, ESTUDA_DESDE, ESTUDOU_ATE)
                        VALUES (36, 24, 0, '2009-01-01', NULL, NULL);
INSERT INTO TECNOLOGIA_USUARIO (ID_USUARIO, ID_TECNOLOGIA, INOVATIVIDADE, CONHECE_DESDE, ESTUDA_DESDE, ESTUDOU_ATE)
                        VALUES (36, 33, 0, '2012-12-01', NULL, NULL);
INSERT INTO TECNOLOGIA_USUARIO (ID_USUARIO, ID_TECNOLOGIA, INOVATIVIDADE, CONHECE_DESDE, ESTUDA_DESDE, ESTUDOU_ATE)
                        VALUES (36, 43, 0, '2013-01-01', NULL, NULL);
INSERT INTO TECNOLOGIA_USUARIO (ID_USUARIO, ID_TECNOLOGIA, INOVATIVIDADE, CONHECE_DESDE, ESTUDA_DESDE, ESTUDOU_ATE)
                        VALUES (37, 1, 0, '2005-08-01', NULL, NULL);
INSERT INTO TECNOLOGIA_USUARIO (ID_USUARIO, ID_TECNOLOGIA, INOVATIVIDADE, CONHECE_DESDE, ESTUDA_DESDE, ESTUDOU_ATE)
                        VALUES (37, 2, 0, '2011-06-01', NULL, NULL);
INSERT INTO TECNOLOGIA_USUARIO (ID_USUARIO, ID_TECNOLOGIA, INOVATIVIDADE, CONHECE_DESDE, ESTUDA_DESDE, ESTUDOU_ATE)
                        VALUES (37, 5, 0, '2010-05-01', NULL, NULL);
INSERT INTO TECNOLOGIA_USUARIO (ID_USUARIO, ID_TECNOLOGIA, INOVATIVIDADE, CONHECE_DESDE, ESTUDA_DESDE, ESTUDOU_ATE)
                        VALUES (37, 6, 0, '2010-05-01', NULL, NULL);
INSERT INTO TECNOLOGIA_USUARIO (ID_USUARIO, ID_TECNOLOGIA, INOVATIVIDADE, CONHECE_DESDE, ESTUDA_DESDE, ESTUDOU_ATE)
                        VALUES (37, 13, 0, '2005-10-01', NULL, NULL);
INSERT INTO TECNOLOGIA_USUARIO (ID_USUARIO, ID_TECNOLOGIA, INOVATIVIDADE, CONHECE_DESDE, ESTUDA_DESDE, ESTUDOU_ATE)
                        VALUES (37, 16, 0, '2006-04-01', NULL, NULL);
INSERT INTO TECNOLOGIA_USUARIO (ID_USUARIO, ID_TECNOLOGIA, INOVATIVIDADE, CONHECE_DESDE, ESTUDA_DESDE, ESTUDOU_ATE)
                        VALUES (37, 17, 0, '2004-03-01', NULL, NULL);
INSERT INTO TECNOLOGIA_USUARIO (ID_USUARIO, ID_TECNOLOGIA, INOVATIVIDADE, CONHECE_DESDE, ESTUDA_DESDE, ESTUDOU_ATE)
                        VALUES (37, 34, 0, '2006-05-01', NULL, NULL);
INSERT INTO TECNOLOGIA_USUARIO (ID_USUARIO, ID_TECNOLOGIA, INOVATIVIDADE, CONHECE_DESDE, ESTUDA_DESDE, ESTUDOU_ATE)
                        VALUES (38, 1, 0, '2002-02-01', NULL, NULL);
INSERT INTO TECNOLOGIA_USUARIO (ID_USUARIO, ID_TECNOLOGIA, INOVATIVIDADE, CONHECE_DESDE, ESTUDA_DESDE, ESTUDOU_ATE)
                        VALUES (38, 2, 0, '2008-06-01', NULL, NULL);
INSERT INTO TECNOLOGIA_USUARIO (ID_USUARIO, ID_TECNOLOGIA, INOVATIVIDADE, CONHECE_DESDE, ESTUDA_DESDE, ESTUDOU_ATE)
                        VALUES (38, 4, 0, '2004-03-01', NULL, NULL);
INSERT INTO TECNOLOGIA_USUARIO (ID_USUARIO, ID_TECNOLOGIA, INOVATIVIDADE, CONHECE_DESDE, ESTUDA_DESDE, ESTUDOU_ATE)
                        VALUES (38, 5, 0, '2010-05-01', NULL, NULL);
INSERT INTO TECNOLOGIA_USUARIO (ID_USUARIO, ID_TECNOLOGIA, INOVATIVIDADE, CONHECE_DESDE, ESTUDA_DESDE, ESTUDOU_ATE)
                        VALUES (38, 6, 0, '2010-05-01', NULL, NULL);
INSERT INTO TECNOLOGIA_USUARIO (ID_USUARIO, ID_TECNOLOGIA, INOVATIVIDADE, CONHECE_DESDE, ESTUDA_DESDE, ESTUDOU_ATE)
                        VALUES (38, 11, 0, '2016-01-01', '2016-01-01', NULL);
INSERT INTO TECNOLOGIA_USUARIO (ID_USUARIO, ID_TECNOLOGIA, INOVATIVIDADE, CONHECE_DESDE, ESTUDA_DESDE, ESTUDOU_ATE)
                        VALUES (38, 12, 0, '2016-01-01', '2016-01-01', NULL);
INSERT INTO TECNOLOGIA_USUARIO (ID_USUARIO, ID_TECNOLOGIA, INOVATIVIDADE, CONHECE_DESDE, ESTUDA_DESDE, ESTUDOU_ATE)
                        VALUES (38, 13, 0, '2012-02-01', NULL, NULL);
INSERT INTO TECNOLOGIA_USUARIO (ID_USUARIO, ID_TECNOLOGIA, INOVATIVIDADE, CONHECE_DESDE, ESTUDA_DESDE, ESTUDOU_ATE)
                        VALUES (38, 16, 0, '2007-03-01', NULL, NULL);
INSERT INTO TECNOLOGIA_USUARIO (ID_USUARIO, ID_TECNOLOGIA, INOVATIVIDADE, CONHECE_DESDE, ESTUDA_DESDE, ESTUDOU_ATE)
                        VALUES (38, 17, 1, '2001-02-01', NULL, NULL);
INSERT INTO TECNOLOGIA_USUARIO (ID_USUARIO, ID_TECNOLOGIA, INOVATIVIDADE, CONHECE_DESDE, ESTUDA_DESDE, ESTUDOU_ATE)
                        VALUES (38, 18, 0, '2004-03-01', NULL, NULL);
INSERT INTO TECNOLOGIA_USUARIO (ID_USUARIO, ID_TECNOLOGIA, INOVATIVIDADE, CONHECE_DESDE, ESTUDA_DESDE, ESTUDOU_ATE)
                        VALUES (38, 44, 0.23, '2014-04-01', NULL, NULL);
INSERT INTO TECNOLOGIA_USUARIO (ID_USUARIO, ID_TECNOLOGIA, INOVATIVIDADE, CONHECE_DESDE, ESTUDA_DESDE, ESTUDOU_ATE)
                        VALUES (39, 1, 0, '2004-02-01', NULL, NULL);
INSERT INTO TECNOLOGIA_USUARIO (ID_USUARIO, ID_TECNOLOGIA, INOVATIVIDADE, CONHECE_DESDE, ESTUDA_DESDE, ESTUDOU_ATE)
                        VALUES (39, 2, 0, '2007-06-01', NULL, NULL);
INSERT INTO TECNOLOGIA_USUARIO (ID_USUARIO, ID_TECNOLOGIA, INOVATIVIDADE, CONHECE_DESDE, ESTUDA_DESDE, ESTUDOU_ATE)
                        VALUES (39, 4, 0, '2004-08-01', NULL, NULL);
INSERT INTO TECNOLOGIA_USUARIO (ID_USUARIO, ID_TECNOLOGIA, INOVATIVIDADE, CONHECE_DESDE, ESTUDA_DESDE, ESTUDOU_ATE)
                        VALUES (39, 5, 07, '2007-06-01', NULL, NULL);
INSERT INTO TECNOLOGIA_USUARIO (ID_USUARIO, ID_TECNOLOGIA, INOVATIVIDADE, CONHECE_DESDE, ESTUDA_DESDE, ESTUDOU_ATE)
                        VALUES (39, 6, 0, '2007-06-01', NULL, NULL);
INSERT INTO TECNOLOGIA_USUARIO (ID_USUARIO, ID_TECNOLOGIA, INOVATIVIDADE, CONHECE_DESDE, ESTUDA_DESDE, ESTUDOU_ATE)
                        VALUES (39, 17, 0, '2005-03-01', NULL, NULL);
INSERT INTO TECNOLOGIA_USUARIO (ID_USUARIO, ID_TECNOLOGIA, INOVATIVIDADE, CONHECE_DESDE, ESTUDA_DESDE, ESTUDOU_ATE)
                        VALUES (40, 1, 0, '2005-01-01', NULL, NULL);
INSERT INTO TECNOLOGIA_USUARIO (ID_USUARIO, ID_TECNOLOGIA, INOVATIVIDADE, CONHECE_DESDE, ESTUDA_DESDE, ESTUDOU_ATE)
                        VALUES (40, 4, 0.4, '2011-04-01', NULL, NULL);
INSERT INTO TECNOLOGIA_USUARIO (ID_USUARIO, ID_TECNOLOGIA, INOVATIVIDADE, CONHECE_DESDE, ESTUDA_DESDE, ESTUDOU_ATE)
                        VALUES (40, 5, 0, '2005-01-01', NULL, NULL);
INSERT INTO TECNOLOGIA_USUARIO (ID_USUARIO, ID_TECNOLOGIA, INOVATIVIDADE, CONHECE_DESDE, ESTUDA_DESDE, ESTUDOU_ATE)
                        VALUES (40, 6, 0, '2014-03-01', NULL, NULL);
INSERT INTO TECNOLOGIA_USUARIO (ID_USUARIO, ID_TECNOLOGIA, INOVATIVIDADE, CONHECE_DESDE, ESTUDA_DESDE, ESTUDOU_ATE)
                        VALUES (40, 11, 0.18, '2014-09-01', '2015-02-01', NULL);
INSERT INTO TECNOLOGIA_USUARIO (ID_USUARIO, ID_TECNOLOGIA, INOVATIVIDADE, CONHECE_DESDE, ESTUDA_DESDE, ESTUDOU_ATE)
                        VALUES (40, 16, 0.28, '2012-07-01', NULL, NULL);
INSERT INTO TECNOLOGIA_USUARIO (ID_USUARIO, ID_TECNOLOGIA, INOVATIVIDADE, CONHECE_DESDE, ESTUDA_DESDE, ESTUDOU_ATE)
                        VALUES (40, 32, 0, '2012-07-01', NULL, NULL);
INSERT INTO TECNOLOGIA_USUARIO (ID_USUARIO, ID_TECNOLOGIA, INOVATIVIDADE, CONHECE_DESDE, ESTUDA_DESDE, ESTUDOU_ATE)
                        VALUES (40, 34, 0.33, '2012-07-01', NULL, NULL);
INSERT INTO TECNOLOGIA_USUARIO (ID_USUARIO, ID_TECNOLOGIA, INOVATIVIDADE, CONHECE_DESDE, ESTUDA_DESDE, ESTUDOU_ATE)
                        VALUES (2, 8, 0.14, '2016-01-01', '2016-01-01', NULL);
INSERT INTO TECNOLOGIA_USUARIO (ID_USUARIO, ID_TECNOLOGIA, INOVATIVIDADE, CONHECE_DESDE, ESTUDA_DESDE, ESTUDOU_ATE)
                        VALUES (2, 35, 0, '2016-05-01', '2016-05-01', NULL);
INSERT INTO TECNOLOGIA_USUARIO (ID_USUARIO, ID_TECNOLOGIA, INOVATIVIDADE, CONHECE_DESDE, ESTUDA_DESDE, ESTUDOU_ATE)
                        VALUES (1, 8, 0.08, '2016-05-01', '2016-05-01', NULL);
INSERT INTO TECNOLOGIA_USUARIO (ID_USUARIO, ID_TECNOLOGIA, INOVATIVIDADE, CONHECE_DESDE, ESTUDA_DESDE, ESTUDOU_ATE)
                        VALUES (2, 87, 1, '2012-01-01', '2016-05-01', NULL);
INSERT INTO TECNOLOGIA_USUARIO (ID_USUARIO, ID_TECNOLOGIA, INOVATIVIDADE, CONHECE_DESDE, ESTUDA_DESDE, ESTUDOU_ATE)
                        VALUES (3, 4, 0.4, '2011-04-01', '2016-06-01', NULL);
INSERT INTO TECNOLOGIA_USUARIO (ID_USUARIO, ID_TECNOLOGIA, INOVATIVIDADE, CONHECE_DESDE, ESTUDA_DESDE, ESTUDOU_ATE)
                        VALUES (5, 5, 0.02, '2016-06-01', NULL, NULL);
INSERT INTO TECNOLOGIA_USUARIO (ID_USUARIO, ID_TECNOLOGIA, INOVATIVIDADE, CONHECE_DESDE, ESTUDA_DESDE, ESTUDOU_ATE)
                        VALUES (7, 4, 04, '2009-05-01', '2016-05-01', NULL);
INSERT INTO TECNOLOGIA_USUARIO (ID_USUARIO, ID_TECNOLOGIA, INOVATIVIDADE, CONHECE_DESDE, ESTUDA_DESDE, ESTUDOU_ATE)
                        VALUES (8, 35, 01, '2015-08-01', '2015-08-01', NULL);
INSERT INTO TECNOLOGIA_USUARIO (ID_USUARIO, ID_TECNOLOGIA, INOVATIVIDADE, CONHECE_DESDE, ESTUDA_DESDE, ESTUDOU_ATE)
                        VALUES (8, 8, 0.1, '2016-04-01', '2016-04-01', NULL);
INSERT INTO TECNOLOGIA_USUARIO (ID_USUARIO, ID_TECNOLOGIA, INOVATIVIDADE, CONHECE_DESDE, ESTUDA_DESDE, ESTUDOU_ATE)
                        VALUES (10, 21, 0, '2016-03-01', '2016-03-01', NULL);
INSERT INTO TECNOLOGIA_USUARIO (ID_USUARIO, ID_TECNOLOGIA, INOVATIVIDADE, CONHECE_DESDE, ESTUDA_DESDE, ESTUDOU_ATE)
                        VALUES (10, 35, 0, '2016-05-01', '2016-05-01', NULL);
INSERT INTO TECNOLOGIA_USUARIO (ID_USUARIO, ID_TECNOLOGIA, INOVATIVIDADE, CONHECE_DESDE, ESTUDA_DESDE, ESTUDOU_ATE)
                        VALUES (10, 7, 0.44, '2015-08-01', '2015-08-01', NULL);
INSERT INTO TECNOLOGIA_USUARIO (ID_USUARIO, ID_TECNOLOGIA, INOVATIVIDADE, CONHECE_DESDE, ESTUDA_DESDE, ESTUDOU_ATE)
                        VALUES (10, 8, 0.08, '2016-05-01', '2016-05-01', NULL);
INSERT INTO TECNOLOGIA_USUARIO (ID_USUARIO, ID_TECNOLOGIA, INOVATIVIDADE, CONHECE_DESDE, ESTUDA_DESDE, ESTUDOU_ATE)
                        VALUES (11, 11, 0.08, '2015-11-01', '2015-11-01', NULL);
INSERT INTO TECNOLOGIA_USUARIO (ID_USUARIO, ID_TECNOLOGIA, INOVATIVIDADE, CONHECE_DESDE, ESTUDA_DESDE, ESTUDOU_ATE)
                        VALUES (13, 15, 1, '2015-05-01', '2015-05-01', NULL);
INSERT INTO TECNOLOGIA_USUARIO (ID_USUARIO, ID_TECNOLOGIA, INOVATIVIDADE, CONHECE_DESDE, ESTUDA_DESDE, ESTUDOU_ATE)
                        VALUES (19, 11, 0.1, '2015-08-01', '2015-08-01', NULL);
INSERT INTO TECNOLOGIA_USUARIO (ID_USUARIO, ID_TECNOLOGIA, INOVATIVIDADE, CONHECE_DESDE, ESTUDA_DESDE, ESTUDOU_ATE)
                        VALUES (38, 9, 0.31, '2012-04-01', '2016-01-01', NULL);
INSERT INTO TECNOLOGIA_USUARIO (ID_USUARIO, ID_TECNOLOGIA, INOVATIVIDADE, CONHECE_DESDE, ESTUDA_DESDE, ESTUDOU_ATE)
                        VALUES (34, 11, 0.05, '2016-03-01', '2016-03-01', NULL);
INSERT INTO TECNOLOGIA_USUARIO (ID_USUARIO, ID_TECNOLOGIA, INOVATIVIDADE, CONHECE_DESDE, ESTUDA_DESDE, ESTUDOU_ATE)
                        VALUES (34, 12, 0.14, '2016-03-01', '2016-03-01', NULL);
INSERT INTO TECNOLOGIA_USUARIO (ID_USUARIO, ID_TECNOLOGIA, INOVATIVIDADE, CONHECE_DESDE, ESTUDA_DESDE, ESTUDOU_ATE)
                        VALUES (41, 13, 0, '2014-05-01', NULL, NULL);
INSERT INTO TECNOLOGIA_USUARIO (ID_USUARIO, ID_TECNOLOGIA, INOVATIVIDADE, CONHECE_DESDE, ESTUDA_DESDE, ESTUDOU_ATE)
                        VALUES (41, 7, 0, '2014-05-01', NULL, NULL);
INSERT INTO TECNOLOGIA_USUARIO (ID_USUARIO, ID_TECNOLOGIA, INOVATIVIDADE, CONHECE_DESDE, ESTUDA_DESDE, ESTUDOU_ATE)
                        VALUES (41, 8, 0, '2014-05-01', NULL, NULL);
INSERT INTO TECNOLOGIA_USUARIO (ID_USUARIO, ID_TECNOLOGIA, INOVATIVIDADE, CONHECE_DESDE, ESTUDA_DESDE, ESTUDOU_ATE)
                        VALUES (41, 9, 0.7, '2006-07-01', NULL, NULL);
INSERT INTO TECNOLOGIA_USUARIO (ID_USUARIO, ID_TECNOLOGIA, INOVATIVIDADE, CONHECE_DESDE, ESTUDA_DESDE, ESTUDOU_ATE)
                        VALUES (41, 10, 0.7, '2006-07-01', NULL, NULL);
INSERT INTO TECNOLOGIA_USUARIO (ID_USUARIO, ID_TECNOLOGIA, INOVATIVIDADE, CONHECE_DESDE, ESTUDA_DESDE, ESTUDOU_ATE)
                        VALUES (41, 16, 0, '2006-01-01', NULL, NULL);
INSERT INTO TECNOLOGIA_USUARIO (ID_USUARIO, ID_TECNOLOGIA, INOVATIVIDADE, CONHECE_DESDE, ESTUDA_DESDE, ESTUDOU_ATE)
                        VALUES (41, 67, 0, '2006-03-01', NULL, NULL);
INSERT INTO TECNOLOGIA_USUARIO (ID_USUARIO, ID_TECNOLOGIA, INOVATIVIDADE, CONHECE_DESDE, ESTUDA_DESDE, ESTUDOU_ATE)
                        VALUES (41, 14, 0, '2006-04-01', NULL, NULL);
INSERT INTO TECNOLOGIA_USUARIO (ID_USUARIO, ID_TECNOLOGIA, INOVATIVIDADE, CONHECE_DESDE, ESTUDA_DESDE, ESTUDOU_ATE)
                        VALUES (41, 2, 0, '2006-05-01', NULL, NULL);
INSERT INTO TECNOLOGIA_USUARIO (ID_USUARIO, ID_TECNOLOGIA, INOVATIVIDADE, CONHECE_DESDE, ESTUDA_DESDE, ESTUDOU_ATE)
                        VALUES (41, 35, 1, '2014-06-01', NULL, NULL);
INSERT INTO TECNOLOGIA_USUARIO (ID_USUARIO, ID_TECNOLOGIA, INOVATIVIDADE, CONHECE_DESDE, ESTUDA_DESDE, ESTUDOU_ATE)
                        VALUES (41, 38, 0.7, '2010-09-01', NULL, NULL);
INSERT INTO TECNOLOGIA_USUARIO (ID_USUARIO, ID_TECNOLOGIA, INOVATIVIDADE, CONHECE_DESDE, ESTUDA_DESDE, ESTUDOU_ATE)
                        VALUES (41, 45, 0, '2014-05-01', NULL, NULL);
INSERT INTO TECNOLOGIA_USUARIO (ID_USUARIO, ID_TECNOLOGIA, INOVATIVIDADE, CONHECE_DESDE, ESTUDA_DESDE, ESTUDOU_ATE)
                        VALUES (41, 20, 0, '2014-05-01', NULL, NULL);
INSERT INTO TECNOLOGIA_USUARIO (ID_USUARIO, ID_TECNOLOGIA, INOVATIVIDADE, CONHECE_DESDE, ESTUDA_DESDE, ESTUDOU_ATE)
                        VALUES (42, 67, 04, '2009-05-01', NULL, NULL);
INSERT INTO TECNOLOGIA_USUARIO (ID_USUARIO, ID_TECNOLOGIA, INOVATIVIDADE, CONHECE_DESDE, ESTUDA_DESDE, ESTUDOU_ATE)
                        VALUES (42, 16, 0.49, '2009-05-01', NULL, NULL);
INSERT INTO TECNOLOGIA_USUARIO (ID_USUARIO, ID_TECNOLOGIA, INOVATIVIDADE, CONHECE_DESDE, ESTUDA_DESDE, ESTUDOU_ATE)
                        VALUES (42, 2, 08, '2009-06-01', NULL, NULL);
INSERT INTO TECNOLOGIA_USUARIO (ID_USUARIO, ID_TECNOLOGIA, INOVATIVIDADE, CONHECE_DESDE, ESTUDA_DESDE, ESTUDOU_ATE)
                        VALUES (42, 38, 0, '2010-11-01', NULL, NULL);
INSERT INTO TECNOLOGIA_USUARIO (ID_USUARIO, ID_TECNOLOGIA, INOVATIVIDADE, CONHECE_DESDE, ESTUDA_DESDE, ESTUDOU_ATE)
                        VALUES (42, 14, 05, '2009-04-01', NULL, NULL);
INSERT INTO TECNOLOGIA_USUARIO (ID_USUARIO, ID_TECNOLOGIA, INOVATIVIDADE, CONHECE_DESDE, ESTUDA_DESDE, ESTUDOU_ATE)
                        VALUES (43, 3, 08, '2009-05-01', NULL, NULL);
INSERT INTO TECNOLOGIA_USUARIO (ID_USUARIO, ID_TECNOLOGIA, INOVATIVIDADE, CONHECE_DESDE, ESTUDA_DESDE, ESTUDOU_ATE)
                        VALUES (43, 2, 0.4, '2011-10-01', NULL, NULL);
INSERT INTO TECNOLOGIA_USUARIO (ID_USUARIO, ID_TECNOLOGIA, INOVATIVIDADE, CONHECE_DESDE, ESTUDA_DESDE, ESTUDOU_ATE)
                        VALUES (43, 16, 0.44, '2010-02-01', NULL, NULL);
INSERT INTO TECNOLOGIA_USUARIO (ID_USUARIO, ID_TECNOLOGIA, INOVATIVIDADE, CONHECE_DESDE, ESTUDA_DESDE, ESTUDOU_ATE)
                        VALUES (43, 38, 0, '2010-02-01', NULL, NULL);
INSERT INTO TECNOLOGIA_USUARIO (ID_USUARIO, ID_TECNOLOGIA, INOVATIVIDADE, CONHECE_DESDE, ESTUDA_DESDE, ESTUDOU_ATE)
                        VALUES (43, 67, 0.49, '2010-02-01', NULL, NULL);
INSERT INTO TECNOLOGIA_USUARIO (ID_USUARIO, ID_TECNOLOGIA, INOVATIVIDADE, CONHECE_DESDE, ESTUDA_DESDE, ESTUDOU_ATE)
                        VALUES (44, 67, 1, '2003-03-01', NULL, NULL);
INSERT INTO TECNOLOGIA_USUARIO (ID_USUARIO, ID_TECNOLOGIA, INOVATIVIDADE, CONHECE_DESDE, ESTUDA_DESDE, ESTUDOU_ATE)
                        VALUES (44, 3, 1, '2004-01-01', NULL, NULL);
INSERT INTO TECNOLOGIA_USUARIO (ID_USUARIO, ID_TECNOLOGIA, INOVATIVIDADE, CONHECE_DESDE, ESTUDA_DESDE, ESTUDOU_ATE)
                        VALUES (44, 16, 0.84, '2004-01-01', NULL, NULL);
INSERT INTO TECNOLOGIA_USUARIO (ID_USUARIO, ID_TECNOLOGIA, INOVATIVIDADE, CONHECE_DESDE, ESTUDA_DESDE, ESTUDOU_ATE)
                        VALUES (44, 14, 1, '2003-03-01', NULL, NULL);
INSERT INTO TECNOLOGIA_USUARIO (ID_USUARIO, ID_TECNOLOGIA, INOVATIVIDADE, CONHECE_DESDE, ESTUDA_DESDE, ESTUDOU_ATE)
                        VALUES (44, 38, 05, '2012-01-01', NULL, NULL);
INSERT INTO TECNOLOGIA_USUARIO (ID_USUARIO, ID_TECNOLOGIA, INOVATIVIDADE, CONHECE_DESDE, ESTUDA_DESDE, ESTUDOU_ATE)
                        VALUES (44, 40, 1, '2003-01-01', NULL, NULL);
INSERT INTO TECNOLOGIA_USUARIO (ID_USUARIO, ID_TECNOLOGIA, INOVATIVIDADE, CONHECE_DESDE, ESTUDA_DESDE, ESTUDOU_ATE)
                        VALUES (44, 2, 0, '2012-01-01', NULL, NULL);
INSERT INTO TECNOLOGIA_USUARIO (ID_USUARIO, ID_TECNOLOGIA, INOVATIVIDADE, CONHECE_DESDE, ESTUDA_DESDE, ESTUDOU_ATE)
                        VALUES (44, 5, 0, '2008-05-01', NULL, NULL);
INSERT INTO TECNOLOGIA_USUARIO (ID_USUARIO, ID_TECNOLOGIA, INOVATIVIDADE, CONHECE_DESDE, ESTUDA_DESDE, ESTUDOU_ATE)
                        VALUES (44, 26, 0, '2008-05-01', NULL, NULL);


COMMIT WORK;

INSERT INTO TECNOLOGIA_USUARIO (ID_USUARIO, ID_TECNOLOGIA, INOVATIVIDADE, CONHECE_DESDE, ESTUDA_DESDE, ESTUDOU_ATE)
                        VALUES (45, 1, 0, '2004-08-01', NULL, NULL);
INSERT INTO TECNOLOGIA_USUARIO (ID_USUARIO, ID_TECNOLOGIA, INOVATIVIDADE, CONHECE_DESDE, ESTUDA_DESDE, ESTUDOU_ATE)
                        VALUES (45, 5, 0, '2005-01-01', NULL, NULL);
INSERT INTO TECNOLOGIA_USUARIO (ID_USUARIO, ID_TECNOLOGIA, INOVATIVIDADE, CONHECE_DESDE, ESTUDA_DESDE, ESTUDOU_ATE)
                        VALUES (45, 6, 0, '2006-05-01', NULL, NULL);
INSERT INTO TECNOLOGIA_USUARIO (ID_USUARIO, ID_TECNOLOGIA, INOVATIVIDADE, CONHECE_DESDE, ESTUDA_DESDE, ESTUDOU_ATE)
                        VALUES (45, 4, 0, '2006-05-01', NULL, NULL);
INSERT INTO TECNOLOGIA_USUARIO (ID_USUARIO, ID_TECNOLOGIA, INOVATIVIDADE, CONHECE_DESDE, ESTUDA_DESDE, ESTUDOU_ATE)
                        VALUES (45, 19, 0, '2014-03-01', NULL, NULL);
INSERT INTO TECNOLOGIA_USUARIO (ID_USUARIO, ID_TECNOLOGIA, INOVATIVIDADE, CONHECE_DESDE, ESTUDA_DESDE, ESTUDOU_ATE)
                        VALUES (45, 9, 0, '2006-05-01', NULL, NULL);
INSERT INTO TECNOLOGIA_USUARIO (ID_USUARIO, ID_TECNOLOGIA, INOVATIVIDADE, CONHECE_DESDE, ESTUDA_DESDE, ESTUDOU_ATE)
                        VALUES (45, 10, 0, '2006-05-01', NULL, NULL);
INSERT INTO TECNOLOGIA_USUARIO (ID_USUARIO, ID_TECNOLOGIA, INOVATIVIDADE, CONHECE_DESDE, ESTUDA_DESDE, ESTUDOU_ATE)
                        VALUES (46, 67, 0, '2009-07-01', NULL, NULL);
INSERT INTO TECNOLOGIA_USUARIO (ID_USUARIO, ID_TECNOLOGIA, INOVATIVIDADE, CONHECE_DESDE, ESTUDA_DESDE, ESTUDOU_ATE)
                        VALUES (46, 2, 0, '2009-07-01', NULL, NULL);
INSERT INTO TECNOLOGIA_USUARIO (ID_USUARIO, ID_TECNOLOGIA, INOVATIVIDADE, CONHECE_DESDE, ESTUDA_DESDE, ESTUDOU_ATE)
                        VALUES (46, 16, 0, '2009-07-01', NULL, NULL);
INSERT INTO TECNOLOGIA_USUARIO (ID_USUARIO, ID_TECNOLOGIA, INOVATIVIDADE, CONHECE_DESDE, ESTUDA_DESDE, ESTUDOU_ATE)
                        VALUES (46, 5, 0, '2010-01-01', NULL, NULL);
INSERT INTO TECNOLOGIA_USUARIO (ID_USUARIO, ID_TECNOLOGIA, INOVATIVIDADE, CONHECE_DESDE, ESTUDA_DESDE, ESTUDOU_ATE)
                        VALUES (46, 38, 0, '2010-01-01', NULL, NULL);
INSERT INTO TECNOLOGIA_USUARIO (ID_USUARIO, ID_TECNOLOGIA, INOVATIVIDADE, CONHECE_DESDE, ESTUDA_DESDE, ESTUDOU_ATE)
                        VALUES (46, 14, 0, '2010-01-01', NULL, NULL);
INSERT INTO TECNOLOGIA_USUARIO (ID_USUARIO, ID_TECNOLOGIA, INOVATIVIDADE, CONHECE_DESDE, ESTUDA_DESDE, ESTUDOU_ATE)
                        VALUES (46, 10, 0, '2010-01-11', NULL, NULL);
INSERT INTO TECNOLOGIA_USUARIO (ID_USUARIO, ID_TECNOLOGIA, INOVATIVIDADE, CONHECE_DESDE, ESTUDA_DESDE, ESTUDOU_ATE)
                        VALUES (46, 25, 0, '2010-01-01', NULL, NULL);
INSERT INTO TECNOLOGIA_USUARIO (ID_USUARIO, ID_TECNOLOGIA, INOVATIVIDADE, CONHECE_DESDE, ESTUDA_DESDE, ESTUDOU_ATE)
                        VALUES (47, 3, 0, '2006-06-01', NULL, NULL);
INSERT INTO TECNOLOGIA_USUARIO (ID_USUARIO, ID_TECNOLOGIA, INOVATIVIDADE, CONHECE_DESDE, ESTUDA_DESDE, ESTUDOU_ATE)
                        VALUES (47, 16, 0, '2006-06-01', NULL, NULL);
INSERT INTO TECNOLOGIA_USUARIO (ID_USUARIO, ID_TECNOLOGIA, INOVATIVIDADE, CONHECE_DESDE, ESTUDA_DESDE, ESTUDOU_ATE)
                        VALUES (47, 5, 0, '2008-10-01', NULL, NULL);
INSERT INTO TECNOLOGIA_USUARIO (ID_USUARIO, ID_TECNOLOGIA, INOVATIVIDADE, CONHECE_DESDE, ESTUDA_DESDE, ESTUDOU_ATE)
                        VALUES (47, 57, 0, '2008-10-01', NULL, NULL);
INSERT INTO TECNOLOGIA_USUARIO (ID_USUARIO, ID_TECNOLOGIA, INOVATIVIDADE, CONHECE_DESDE, ESTUDA_DESDE, ESTUDOU_ATE)
                        VALUES (47, 26, 0, '2008-10-01', NULL, NULL);
INSERT INTO TECNOLOGIA_USUARIO (ID_USUARIO, ID_TECNOLOGIA, INOVATIVIDADE, CONHECE_DESDE, ESTUDA_DESDE, ESTUDOU_ATE)
                        VALUES (47, 4, 0, '2009-07-01', NULL, NULL);
INSERT INTO TECNOLOGIA_USUARIO (ID_USUARIO, ID_TECNOLOGIA, INOVATIVIDADE, CONHECE_DESDE, ESTUDA_DESDE, ESTUDOU_ATE)
                        VALUES (47, 44, 0, '2010-01-01', NULL, NULL);
INSERT INTO TECNOLOGIA_USUARIO (ID_USUARIO, ID_TECNOLOGIA, INOVATIVIDADE, CONHECE_DESDE, ESTUDA_DESDE, ESTUDOU_ATE)
                        VALUES (47, 24, 0, '2010-01-01', NULL, NULL);
INSERT INTO TECNOLOGIA_USUARIO (ID_USUARIO, ID_TECNOLOGIA, INOVATIVIDADE, CONHECE_DESDE, ESTUDA_DESDE, ESTUDOU_ATE)
                        VALUES (47, 43, 0, '2010-01-01', NULL, NULL);
INSERT INTO TECNOLOGIA_USUARIO (ID_USUARIO, ID_TECNOLOGIA, INOVATIVIDADE, CONHECE_DESDE, ESTUDA_DESDE, ESTUDOU_ATE)
                        VALUES (48, 67, 0, '2011-01-01', NULL, NULL);
INSERT INTO TECNOLOGIA_USUARIO (ID_USUARIO, ID_TECNOLOGIA, INOVATIVIDADE, CONHECE_DESDE, ESTUDA_DESDE, ESTUDOU_ATE)
                        VALUES (48, 2, 0, '2011-01-01', NULL, NULL);
INSERT INTO TECNOLOGIA_USUARIO (ID_USUARIO, ID_TECNOLOGIA, INOVATIVIDADE, CONHECE_DESDE, ESTUDA_DESDE, ESTUDOU_ATE)
                        VALUES (48, 16, 0, '2011-01-01', NULL, NULL);
INSERT INTO TECNOLOGIA_USUARIO (ID_USUARIO, ID_TECNOLOGIA, INOVATIVIDADE, CONHECE_DESDE, ESTUDA_DESDE, ESTUDOU_ATE)
                        VALUES (48, 38, 0, '2011-01-01', NULL, NULL);
INSERT INTO TECNOLOGIA_USUARIO (ID_USUARIO, ID_TECNOLOGIA, INOVATIVIDADE, CONHECE_DESDE, ESTUDA_DESDE, ESTUDOU_ATE)
                        VALUES (48, 36, 0, '2011-01-01', NULL, NULL);
INSERT INTO TECNOLOGIA_USUARIO (ID_USUARIO, ID_TECNOLOGIA, INOVATIVIDADE, CONHECE_DESDE, ESTUDA_DESDE, ESTUDOU_ATE)
                        VALUES (48, 9, 0, '2011-01-01', NULL, NULL);
INSERT INTO TECNOLOGIA_USUARIO (ID_USUARIO, ID_TECNOLOGIA, INOVATIVIDADE, CONHECE_DESDE, ESTUDA_DESDE, ESTUDOU_ATE)
                        VALUES (48, 10, 0, '2011-01-01', NULL, NULL);
INSERT INTO TECNOLOGIA_USUARIO (ID_USUARIO, ID_TECNOLOGIA, INOVATIVIDADE, CONHECE_DESDE, ESTUDA_DESDE, ESTUDOU_ATE)
                        VALUES (46, 36, 0, '2010-01-01', NULL, NULL);
INSERT INTO TECNOLOGIA_USUARIO (ID_USUARIO, ID_TECNOLOGIA, INOVATIVIDADE, CONHECE_DESDE, ESTUDA_DESDE, ESTUDOU_ATE)
                        VALUES (49, 4, 0, '2005-01-01', NULL, NULL);
INSERT INTO TECNOLOGIA_USUARIO (ID_USUARIO, ID_TECNOLOGIA, INOVATIVIDADE, CONHECE_DESDE, ESTUDA_DESDE, ESTUDOU_ATE)
                        VALUES (49, 11, 0, '2005-01-01', NULL, NULL);
INSERT INTO TECNOLOGIA_USUARIO (ID_USUARIO, ID_TECNOLOGIA, INOVATIVIDADE, CONHECE_DESDE, ESTUDA_DESDE, ESTUDOU_ATE)
                        VALUES (49, 33, 0, '2005-01-01', NULL, NULL);
INSERT INTO TECNOLOGIA_USUARIO (ID_USUARIO, ID_TECNOLOGIA, INOVATIVIDADE, CONHECE_DESDE, ESTUDA_DESDE, ESTUDOU_ATE)
                        VALUES (50, 11, 0, '2007-01-01', NULL, NULL);
INSERT INTO TECNOLOGIA_USUARIO (ID_USUARIO, ID_TECNOLOGIA, INOVATIVIDADE, CONHECE_DESDE, ESTUDA_DESDE, ESTUDOU_ATE)
                        VALUES (50, 4, 0, '2003-01-01', NULL, NULL);
INSERT INTO TECNOLOGIA_USUARIO (ID_USUARIO, ID_TECNOLOGIA, INOVATIVIDADE, CONHECE_DESDE, ESTUDA_DESDE, ESTUDOU_ATE)
                        VALUES (50, 1, 0, '2003-02-01', NULL, NULL);
INSERT INTO TECNOLOGIA_USUARIO (ID_USUARIO, ID_TECNOLOGIA, INOVATIVIDADE, CONHECE_DESDE, ESTUDA_DESDE, ESTUDOU_ATE)
                        VALUES (50, 5, 0, '2004-03-01', NULL, NULL);
INSERT INTO TECNOLOGIA_USUARIO (ID_USUARIO, ID_TECNOLOGIA, INOVATIVIDADE, CONHECE_DESDE, ESTUDA_DESDE, ESTUDOU_ATE)
                        VALUES (50, 13, 0, '2004-03-01', NULL, NULL);
INSERT INTO TECNOLOGIA_USUARIO (ID_USUARIO, ID_TECNOLOGIA, INOVATIVIDADE, CONHECE_DESDE, ESTUDA_DESDE, ESTUDOU_ATE)
                        VALUES (50, 9, 0, '2002-03-01', NULL, NULL);
INSERT INTO TECNOLOGIA_USUARIO (ID_USUARIO, ID_TECNOLOGIA, INOVATIVIDADE, CONHECE_DESDE, ESTUDA_DESDE, ESTUDOU_ATE)
                        VALUES (50, 10, 0, '2002-03-01', NULL, NULL);
INSERT INTO TECNOLOGIA_USUARIO (ID_USUARIO, ID_TECNOLOGIA, INOVATIVIDADE, CONHECE_DESDE, ESTUDA_DESDE, ESTUDOU_ATE)
                        VALUES (50, 24, 0, '2008-08-01', NULL, NULL);
INSERT INTO TECNOLOGIA_USUARIO (ID_USUARIO, ID_TECNOLOGIA, INOVATIVIDADE, CONHECE_DESDE, ESTUDA_DESDE, ESTUDOU_ATE)
                        VALUES (50, 23, 0, '2007-06-01', NULL, NULL);
INSERT INTO TECNOLOGIA_USUARIO (ID_USUARIO, ID_TECNOLOGIA, INOVATIVIDADE, CONHECE_DESDE, ESTUDA_DESDE, ESTUDOU_ATE)
                        VALUES (50, 74, 0, '2009-09-01', NULL, NULL);
INSERT INTO TECNOLOGIA_USUARIO (ID_USUARIO, ID_TECNOLOGIA, INOVATIVIDADE, CONHECE_DESDE, ESTUDA_DESDE, ESTUDOU_ATE)
                        VALUES (50, 44, 0, '2008-08-01', NULL, NULL);
INSERT INTO TECNOLOGIA_USUARIO (ID_USUARIO, ID_TECNOLOGIA, INOVATIVIDADE, CONHECE_DESDE, ESTUDA_DESDE, ESTUDOU_ATE)
                        VALUES (50, 30, 0, '2006-05-01', NULL, NULL);
INSERT INTO TECNOLOGIA_USUARIO (ID_USUARIO, ID_TECNOLOGIA, INOVATIVIDADE, CONHECE_DESDE, ESTUDA_DESDE, ESTUDOU_ATE)
                        VALUES (50, 36, 0, '2006-05-01', NULL, NULL);
INSERT INTO TECNOLOGIA_USUARIO (ID_USUARIO, ID_TECNOLOGIA, INOVATIVIDADE, CONHECE_DESDE, ESTUDA_DESDE, ESTUDOU_ATE)
                        VALUES (50, 39, 0, '2009-07-01', NULL, NULL);
COMMIT WORK;

INSERT INTO EMPRESA (ID, DESCRICAO, AUTONOMO)
             VALUES (1, 'CONFIDENCIAL_1', FALSE);
INSERT INTO EMPRESA (ID, DESCRICAO, AUTONOMO)
             VALUES (2, 'CONFIDENCIAL_2', FALSE);
INSERT INTO EMPRESA (ID, DESCRICAO, AUTONOMO)
             VALUES (3, 'CONFIDENCIAL_3', TRUE);
INSERT INTO EMPRESA (ID, DESCRICAO, AUTONOMO)
             VALUES (4, 'CONFIDENCIAL_4', FALSE);
INSERT INTO EMPRESA (ID, DESCRICAO, AUTONOMO)
             VALUES (5, 'CONFIDENCIAL_5', FALSE);
INSERT INTO EMPRESA (ID, DESCRICAO, AUTONOMO)
             VALUES (6, 'CONFIDENCIAL_6', FALSE);
INSERT INTO EMPRESA (ID, DESCRICAO, AUTONOMO)
             VALUES (7, 'CONFIDENCIAL_7', FALSE);
INSERT INTO EMPRESA (ID, DESCRICAO, AUTONOMO)
             VALUES (8, 'CONFIDENCIAL_8', FALSE);
INSERT INTO EMPRESA (ID, DESCRICAO, AUTONOMO)
             VALUES (9, 'CONFIDENCIAL_9', FALSE);
INSERT INTO EMPRESA (ID, DESCRICAO, AUTONOMO)
             VALUES (10, 'CONFIDENCIAL_10', FALSE);
INSERT INTO EMPRESA (ID, DESCRICAO, AUTONOMO)
             VALUES (11, 'CONFIDENCIAL_11', FALSE);
INSERT INTO EMPRESA (ID, DESCRICAO, AUTONOMO)
             VALUES (12, 'CONFIDENCIAL_12', FALSE);
INSERT INTO EMPRESA (ID, DESCRICAO, AUTONOMO)
             VALUES (13, 'CONFIDENCIAL_13', FALSE);
INSERT INTO EMPRESA (ID, DESCRICAO, AUTONOMO)
             VALUES (14, 'CONFIDENCIAL_14', FALSE);
INSERT INTO EMPRESA (ID, DESCRICAO, AUTONOMO)
             VALUES (15, 'CONFIDENCIAL_15', FALSE);
INSERT INTO EMPRESA (ID, DESCRICAO, AUTONOMO)
             VALUES (16, 'CONFIDENCIAL_16', FALSE);
INSERT INTO EMPRESA (ID, DESCRICAO, AUTONOMO)
             VALUES (17, 'CONFIDENCIAL_17', FALSE);
INSERT INTO EMPRESA (ID, DESCRICAO, AUTONOMO)
             VALUES (18, 'CONFIDENCIAL_18', FALSE);
INSERT INTO EMPRESA (ID, DESCRICAO, AUTONOMO)
             VALUES (19, 'CONFIDENCIAL_19', FALSE);
INSERT INTO EMPRESA (ID, DESCRICAO, AUTONOMO)
             VALUES (20, 'CONFIDENCIAL_20', FALSE);
INSERT INTO EMPRESA (ID, DESCRICAO, AUTONOMO)
             VALUES (21, 'CONFIDENCIAL_21', FALSE);
INSERT INTO EMPRESA (ID, DESCRICAO, AUTONOMO)
             VALUES (22, 'CONFIDENCIAL_22', FALSE);
INSERT INTO EMPRESA (ID, DESCRICAO, AUTONOMO)
             VALUES (23, 'CONFIDENCIAL_23', FALSE);
INSERT INTO EMPRESA (ID, DESCRICAO, AUTONOMO)
             VALUES (24, 'CONFIDENCIAL_24', FALSE);
INSERT INTO EMPRESA (ID, DESCRICAO, AUTONOMO)
             VALUES (25, 'CONFIDENCIAL_25', FALSE);
INSERT INTO EMPRESA (ID, DESCRICAO, AUTONOMO)
             VALUES (26, 'CONFIDENCIAL_26', FALSE);
INSERT INTO EMPRESA (ID, DESCRICAO, AUTONOMO)
             VALUES (27, 'CONFIDENCIAL_27', FALSE);
INSERT INTO EMPRESA (ID, DESCRICAO, AUTONOMO)
             VALUES (28, 'CONFIDENCIAL_28', FALSE);
INSERT INTO EMPRESA (ID, DESCRICAO, AUTONOMO)
             VALUES (29, 'CONFIDENCIAL_29', FALSE);
INSERT INTO EMPRESA (ID, DESCRICAO, AUTONOMO)
             VALUES (30, 'CONFIDENCIAL_30', FALSE);
INSERT INTO EMPRESA (ID, DESCRICAO, AUTONOMO)
             VALUES (31, 'CONFIDENCIAL_31', FALSE);
INSERT INTO EMPRESA (ID, DESCRICAO, AUTONOMO)
             VALUES (32, 'CONFIDENCIAL_32', FALSE);
INSERT INTO EMPRESA (ID, DESCRICAO, AUTONOMO)
             VALUES (33, 'CONFIDENCIAL_33', FALSE);
INSERT INTO EMPRESA (ID, DESCRICAO, AUTONOMO)
             VALUES (34, 'CONFIDENCIAL_34', FALSE);
INSERT INTO EMPRESA (ID, DESCRICAO, AUTONOMO)
             VALUES (35, 'CONFIDENCIAL_35', FALSE);
INSERT INTO EMPRESA (ID, DESCRICAO, AUTONOMO)
             VALUES (36, 'CONFIDENCIAL_36', FALSE);
INSERT INTO EMPRESA (ID, DESCRICAO, AUTONOMO)
             VALUES (37, 'CONFIDENCIAL_37', FALSE);
INSERT INTO EMPRESA (ID, DESCRICAO, AUTONOMO)
             VALUES (38, 'CONFIDENCIAL_38', FALSE);
INSERT INTO EMPRESA (ID, DESCRICAO, AUTONOMO)
             VALUES (39, 'CONFIDENCIAL_39', FALSE);
INSERT INTO EMPRESA (ID, DESCRICAO, AUTONOMO)
             VALUES (40, 'CONFIDENCIAL_40', FALSE);
INSERT INTO EMPRESA (ID, DESCRICAO, AUTONOMO)
             VALUES (41, 'CONFIDENCIAL_41', FALSE);
INSERT INTO EMPRESA (ID, DESCRICAO, AUTONOMO)
             VALUES (42, 'CONFIDENCIAL_42', FALSE);
INSERT INTO EMPRESA (ID, DESCRICAO, AUTONOMO)
             VALUES (43, 'CONFIDENCIAL_43', FALSE);
INSERT INTO EMPRESA (ID, DESCRICAO, AUTONOMO)
             VALUES (44, 'CONFIDENCIAL_44', FALSE);
INSERT INTO EMPRESA (ID, DESCRICAO, AUTONOMO)
             VALUES (45, 'CONFIDENCIAL_45', FALSE);
INSERT INTO EMPRESA (ID, DESCRICAO, AUTONOMO)
             VALUES (46, 'CONFIDENCIAL_46', FALSE);
INSERT INTO EMPRESA (ID, DESCRICAO, AUTONOMO)
             VALUES (47, 'CONFIDENCIAL_47', FALSE);
INSERT INTO EMPRESA (ID, DESCRICAO, AUTONOMO)
             VALUES (48, 'CONFIDENCIAL_48', FALSE);
INSERT INTO EMPRESA (ID, DESCRICAO, AUTONOMO)
             VALUES (49, 'CONFIDENCIAL_49', FALSE);
INSERT INTO EMPRESA (ID, DESCRICAO, AUTONOMO)
             VALUES (50, 'CONFIDENCIAL_50', FALSE);
INSERT INTO EMPRESA (ID, DESCRICAO, AUTONOMO)
             VALUES (51, 'CONFIDENCIAL_51', FALSE);
INSERT INTO EMPRESA (ID, DESCRICAO, AUTONOMO)
             VALUES (52, 'CONFIDENCIAL_52', FALSE);
INSERT INTO EMPRESA (ID, DESCRICAO, AUTONOMO)
             VALUES (53, 'CONFIDENCIAL_53', FALSE);
INSERT INTO EMPRESA (ID, DESCRICAO, AUTONOMO)
             VALUES (54, 'CONFIDENCIAL_54', FALSE);
INSERT INTO EMPRESA (ID, DESCRICAO, AUTONOMO)
             VALUES (55, 'CONFIDENCIAL_55', FALSE);
INSERT INTO EMPRESA (ID, DESCRICAO, AUTONOMO)
             VALUES (56, 'CONFIDENCIAL_56', FALSE);
INSERT INTO EMPRESA (ID, DESCRICAO, AUTONOMO)
             VALUES (57, 'CONFIDENCIAL_57', FALSE);
INSERT INTO EMPRESA (ID, DESCRICAO, AUTONOMO)
             VALUES (58, 'CONFIDENCIAL_58', FALSE);
INSERT INTO EMPRESA (ID, DESCRICAO, AUTONOMO)
             VALUES (59, 'CONFIDENCIAL_59', FALSE);
INSERT INTO EMPRESA (ID, DESCRICAO, AUTONOMO)
             VALUES (60, 'CONFIDENCIAL_60', FALSE);
INSERT INTO EMPRESA (ID, DESCRICAO, AUTONOMO)
             VALUES (61, 'CONFIDENCIAL_61', FALSE);
INSERT INTO EMPRESA (ID, DESCRICAO, AUTONOMO)
             VALUES (62, 'CONFIDENCIAL_62', FALSE);
INSERT INTO EMPRESA (ID, DESCRICAO, AUTONOMO)
             VALUES (63, 'CONFIDENCIAL_63', FALSE);
INSERT INTO EMPRESA (ID, DESCRICAO, AUTONOMO)
             VALUES (64, 'CONFIDENCIAL_64', FALSE);
INSERT INTO EMPRESA (ID, DESCRICAO, AUTONOMO)
             VALUES (65, 'CONFIDENCIAL_65', FALSE);
INSERT INTO EMPRESA (ID, DESCRICAO, AUTONOMO)
             VALUES (66, 'CONFIDENCIAL_66', FALSE);
INSERT INTO EMPRESA (ID, DESCRICAO, AUTONOMO)
             VALUES (67, 'CONFIDENCIAL_67', FALSE);
INSERT INTO EMPRESA (ID, DESCRICAO, AUTONOMO)
             VALUES (68, 'CONFIDENCIAL_68', FALSE);
INSERT INTO EMPRESA (ID, DESCRICAO, AUTONOMO)
             VALUES (69, 'CONFIDENCIAL_69', FALSE);
INSERT INTO EMPRESA (ID, DESCRICAO, AUTONOMO)
             VALUES (70, 'CONFIDENCIAL_70', FALSE);
INSERT INTO EMPRESA (ID, DESCRICAO, AUTONOMO)
             VALUES (71, 'CONFIDENCIAL_71', FALSE);
INSERT INTO EMPRESA (ID, DESCRICAO, AUTONOMO)
             VALUES (72, 'CONFIDENCIAL_72', FALSE);
INSERT INTO EMPRESA (ID, DESCRICAO, AUTONOMO)
             VALUES (73, 'CONFIDENCIAL_73', FALSE);
INSERT INTO EMPRESA (ID, DESCRICAO, AUTONOMO)
             VALUES (74, 'CONFIDENCIAL_74', FALSE);
INSERT INTO EMPRESA (ID, DESCRICAO, AUTONOMO)
             VALUES (75, 'CONFIDENCIAL_75', FALSE);
INSERT INTO EMPRESA (ID, DESCRICAO, AUTONOMO)
             VALUES (76, 'CONFIDENCIAL_76', FALSE);
INSERT INTO EMPRESA (ID, DESCRICAO, AUTONOMO)
             VALUES (77, 'CONFIDENCIAL_77', FALSE);
INSERT INTO EMPRESA (ID, DESCRICAO, AUTONOMO)
             VALUES (78, 'CONFIDENCIAL_78', FALSE);
INSERT INTO EMPRESA (ID, DESCRICAO, AUTONOMO)
             VALUES (79, 'CONFIDENCIAL_79', FALSE);
INSERT INTO EMPRESA (ID, DESCRICAO, AUTONOMO)
             VALUES (80, 'CONFIDENCIAL_80', FALSE);
INSERT INTO EMPRESA (ID, DESCRICAO, AUTONOMO)
             VALUES (81, 'CONFIDENCIAL_81', FALSE);
INSERT INTO EMPRESA (ID, DESCRICAO, AUTONOMO)
             VALUES (82, 'CONFIDENCIAL_82', FALSE);
INSERT INTO EMPRESA (ID, DESCRICAO, AUTONOMO)
             VALUES (83, 'CONFIDENCIAL_83', FALSE);
INSERT INTO EMPRESA (ID, DESCRICAO, AUTONOMO)
             VALUES (84, 'CONFIDENCIAL_84', FALSE);
INSERT INTO EMPRESA (ID, DESCRICAO, AUTONOMO)
             VALUES (85, 'CONFIDENCIAL_85', FALSE);
INSERT INTO EMPRESA (ID, DESCRICAO, AUTONOMO)
             VALUES (86, 'CONFIDENCIAL_86', FALSE);
INSERT INTO EMPRESA (ID, DESCRICAO, AUTONOMO)
             VALUES (87, 'CONFIDENCIAL_87', FALSE);
INSERT INTO EMPRESA (ID, DESCRICAO, AUTONOMO)
             VALUES (88, 'CONFIDENCIAL_88', FALSE);
INSERT INTO EMPRESA (ID, DESCRICAO, AUTONOMO)
             VALUES (89, 'CONFIDENCIAL_89', FALSE);
INSERT INTO EMPRESA (ID, DESCRICAO, AUTONOMO)
             VALUES (90, 'CONFIDENCIAL_90', FALSE);
INSERT INTO EMPRESA (ID, DESCRICAO, AUTONOMO)
             VALUES (91, 'CONFIDENCIAL_91', FALSE);
INSERT INTO EMPRESA (ID, DESCRICAO, AUTONOMO)
             VALUES (92, 'CONFIDENCIAL_92', FALSE);
INSERT INTO EMPRESA (ID, DESCRICAO, AUTONOMO)
             VALUES (93, 'CONFIDENCIAL_93', FALSE);
INSERT INTO EMPRESA (ID, DESCRICAO, AUTONOMO)
             VALUES (94, 'CONFIDENCIAL_94', FALSE);
INSERT INTO EMPRESA (ID, DESCRICAO, AUTONOMO)
             VALUES (95, 'CONFIDENCIAL_95', FALSE);
INSERT INTO EMPRESA (ID, DESCRICAO, AUTONOMO)
             VALUES (96, 'CONFIDENCIAL_96', FALSE);
COMMIT WORK;

INSERT INTO EMPRESA_USUARIO (ID_EMPRESA, ID_USUARIO, DATA_INI, DATA_FIM, DIVERSIDADE, COMPLEXIDADE, ID)
                     VALUES (1, 39, '2007-06-25', NULL, 3, 3, 1);
INSERT INTO EMPRESA_USUARIO (ID_EMPRESA, ID_USUARIO, DATA_INI, DATA_FIM, DIVERSIDADE, COMPLEXIDADE, ID)
                     VALUES (21, 39, '2005-03-01', '2006-05-31', 3, 2, 2);
INSERT INTO EMPRESA_USUARIO (ID_EMPRESA, ID_USUARIO, DATA_INI, DATA_FIM, DIVERSIDADE, COMPLEXIDADE, ID)
                     VALUES (2, 39, '2006-06-01', '2007-06-15', 1, 2, 3);
INSERT INTO EMPRESA_USUARIO (ID_EMPRESA, ID_USUARIO, DATA_INI, DATA_FIM, DIVERSIDADE, COMPLEXIDADE, ID)
                     VALUES (3, 39, '2005-05-01', '2008-08-31', 4, 3, 4);
INSERT INTO EMPRESA_USUARIO (ID_EMPRESA, ID_USUARIO, DATA_INI, DATA_FIM, DIVERSIDADE, COMPLEXIDADE, ID)
                     VALUES (1, 1, '2011-10-01', NULL, 3, 3, 5);
INSERT INTO EMPRESA_USUARIO (ID_EMPRESA, ID_USUARIO, DATA_INI, DATA_FIM, DIVERSIDADE, COMPLEXIDADE, ID)
                     VALUES (27, 13, '2005-08-01', '2007-05-01', 2, 3, 56);
INSERT INTO EMPRESA_USUARIO (ID_EMPRESA, ID_USUARIO, DATA_INI, DATA_FIM, DIVERSIDADE, COMPLEXIDADE, ID)
                     VALUES (3, 1, '2014-01-01', NULL, 2, 3, 6);
INSERT INTO EMPRESA_USUARIO (ID_EMPRESA, ID_USUARIO, DATA_INI, DATA_FIM, DIVERSIDADE, COMPLEXIDADE, ID)
                     VALUES (7, 1, '2003-03-01', '2006-03-30', 2, 3, 7);
INSERT INTO EMPRESA_USUARIO (ID_EMPRESA, ID_USUARIO, DATA_INI, DATA_FIM, DIVERSIDADE, COMPLEXIDADE, ID)
                     VALUES (8, 1, '2010-04-01', '2011-08-31', 3, 3, 8);
INSERT INTO EMPRESA_USUARIO (ID_EMPRESA, ID_USUARIO, DATA_INI, DATA_FIM, DIVERSIDADE, COMPLEXIDADE, ID)
                     VALUES (6, 1, '2009-06-01', '2010-03-31', 3, 3, 9);
INSERT INTO EMPRESA_USUARIO (ID_EMPRESA, ID_USUARIO, DATA_INI, DATA_FIM, DIVERSIDADE, COMPLEXIDADE, ID)
                     VALUES (5, 2, '2005-01-01', '2007-01-31', 2, 3, 11);
INSERT INTO EMPRESA_USUARIO (ID_EMPRESA, ID_USUARIO, DATA_INI, DATA_FIM, DIVERSIDADE, COMPLEXIDADE, ID)
                     VALUES (17, 2, '2007-02-01', '2009-12-31', 3, 3, 12);
INSERT INTO EMPRESA_USUARIO (ID_EMPRESA, ID_USUARIO, DATA_INI, DATA_FIM, DIVERSIDADE, COMPLEXIDADE, ID)
                     VALUES (4, 2, '2010-01-02', '2010-11-30', 3, 3, 13);
INSERT INTO EMPRESA_USUARIO (ID_EMPRESA, ID_USUARIO, DATA_INI, DATA_FIM, DIVERSIDADE, COMPLEXIDADE, ID)
                     VALUES (2, 2, '2010-12-01', '2014-07-31', 5, 4, 14);
INSERT INTO EMPRESA_USUARIO (ID_EMPRESA, ID_USUARIO, DATA_INI, DATA_FIM, DIVERSIDADE, COMPLEXIDADE, ID)
                     VALUES (1, 2, '2014-08-01', NULL, 3, 4, 15);
INSERT INTO EMPRESA_USUARIO (ID_EMPRESA, ID_USUARIO, DATA_INI, DATA_FIM, DIVERSIDADE, COMPLEXIDADE, ID)
                     VALUES (11, 3, '2010-10-01', '2011-09-30', 2, 2, 16);
INSERT INTO EMPRESA_USUARIO (ID_EMPRESA, ID_USUARIO, DATA_INI, DATA_FIM, DIVERSIDADE, COMPLEXIDADE, ID)
                     VALUES (5, 13, '2007-05-01', NULL, 3, 4, 57);
INSERT INTO EMPRESA_USUARIO (ID_EMPRESA, ID_USUARIO, DATA_INI, DATA_FIM, DIVERSIDADE, COMPLEXIDADE, ID)
                     VALUES (10, 3, '2011-10-01', '2012-11-30', 3, 2, 17);
INSERT INTO EMPRESA_USUARIO (ID_EMPRESA, ID_USUARIO, DATA_INI, DATA_FIM, DIVERSIDADE, COMPLEXIDADE, ID)
                     VALUES (9, 3, '2012-12-01', '2013-10-30', 3, 2, 18);
INSERT INTO EMPRESA_USUARIO (ID_EMPRESA, ID_USUARIO, DATA_INI, DATA_FIM, DIVERSIDADE, COMPLEXIDADE, ID)
                     VALUES (12, 3, '2013-11-01', '2014-03-31', 3, 3, 19);
INSERT INTO EMPRESA_USUARIO (ID_EMPRESA, ID_USUARIO, DATA_INI, DATA_FIM, DIVERSIDADE, COMPLEXIDADE, ID)
                     VALUES (1, 3, '2014-04-01', NULL, 3, 3, 20);
INSERT INTO EMPRESA_USUARIO (ID_EMPRESA, ID_USUARIO, DATA_INI, DATA_FIM, DIVERSIDADE, COMPLEXIDADE, ID)
                     VALUES (19, 4, '2006-03-01', '2006-12-30', 2, 2, 21);
INSERT INTO EMPRESA_USUARIO (ID_EMPRESA, ID_USUARIO, DATA_INI, DATA_FIM, DIVERSIDADE, COMPLEXIDADE, ID)
                     VALUES (10, 4, '2008-01-01', '2008-05-30', 2, 2, 22);
INSERT INTO EMPRESA_USUARIO (ID_EMPRESA, ID_USUARIO, DATA_INI, DATA_FIM, DIVERSIDADE, COMPLEXIDADE, ID)
                     VALUES (18, 4, '2008-06-01', '2009-08-31', 3, 3, 23);
INSERT INTO EMPRESA_USUARIO (ID_EMPRESA, ID_USUARIO, DATA_INI, DATA_FIM, DIVERSIDADE, COMPLEXIDADE, ID)
                     VALUES (17, 4, '2009-09-01', '2010-06-30', 2, 3, 24);
INSERT INTO EMPRESA_USUARIO (ID_EMPRESA, ID_USUARIO, DATA_INI, DATA_FIM, DIVERSIDADE, COMPLEXIDADE, ID)
                     VALUES (1, 4, '2010-07-01', NULL, 3, 4, 25);
INSERT INTO EMPRESA_USUARIO (ID_EMPRESA, ID_USUARIO, DATA_INI, DATA_FIM, DIVERSIDADE, COMPLEXIDADE, ID)
                     VALUES (20, 5, '2009-12-01', '2012-06-30', 2, 3, 26);
INSERT INTO EMPRESA_USUARIO (ID_EMPRESA, ID_USUARIO, DATA_INI, DATA_FIM, DIVERSIDADE, COMPLEXIDADE, ID)
                     VALUES (1, 5, '2010-07-01', NULL, 3, 4, 27);
INSERT INTO EMPRESA_USUARIO (ID_EMPRESA, ID_USUARIO, DATA_INI, DATA_FIM, DIVERSIDADE, COMPLEXIDADE, ID)
                     VALUES (21, 6, '2004-06-01', '2010-06-30', 3, 4, 28);
INSERT INTO EMPRESA_USUARIO (ID_EMPRESA, ID_USUARIO, DATA_INI, DATA_FIM, DIVERSIDADE, COMPLEXIDADE, ID)
                     VALUES (23, 6, '2013-05-01', '2013-12-10', 2, 2, 29);
INSERT INTO EMPRESA_USUARIO (ID_EMPRESA, ID_USUARIO, DATA_INI, DATA_FIM, DIVERSIDADE, COMPLEXIDADE, ID)
                     VALUES (3, 6, '2006-05-01', '2013-05-30', 3, 2, 30);
INSERT INTO EMPRESA_USUARIO (ID_EMPRESA, ID_USUARIO, DATA_INI, DATA_FIM, DIVERSIDADE, COMPLEXIDADE, ID)
                     VALUES (1, 6, '2010-06-01', '2013-05-30', 3, 2, 31);
INSERT INTO EMPRESA_USUARIO (ID_EMPRESA, ID_USUARIO, DATA_INI, DATA_FIM, DIVERSIDADE, COMPLEXIDADE, ID)
                     VALUES (22, 6, '2013-12-15', NULL, 3, 4, 32);
INSERT INTO EMPRESA_USUARIO (ID_EMPRESA, ID_USUARIO, DATA_INI, DATA_FIM, DIVERSIDADE, COMPLEXIDADE, ID)
                     VALUES (14, 7, '2000-05-01', '2010-05-30', 2, 3, 33);
INSERT INTO EMPRESA_USUARIO (ID_EMPRESA, ID_USUARIO, DATA_INI, DATA_FIM, DIVERSIDADE, COMPLEXIDADE, ID)
                     VALUES (13, 7, '2010-09-01', '2011-05-30', 3, 3, 34);
INSERT INTO EMPRESA_USUARIO (ID_EMPRESA, ID_USUARIO, DATA_INI, DATA_FIM, DIVERSIDADE, COMPLEXIDADE, ID)
                     VALUES (1, 7, '2011-06-01', NULL, 2, 3, 35);
INSERT INTO EMPRESA_USUARIO (ID_EMPRESA, ID_USUARIO, DATA_INI, DATA_FIM, DIVERSIDADE, COMPLEXIDADE, ID)
                     VALUES (3, 7, '2011-05-01', NULL, 2, 2, 36);
INSERT INTO EMPRESA_USUARIO (ID_EMPRESA, ID_USUARIO, DATA_INI, DATA_FIM, DIVERSIDADE, COMPLEXIDADE, ID)
                     VALUES (16, 8, '2006-05-01', '2007-02-28', 3, 3, 37);
INSERT INTO EMPRESA_USUARIO (ID_EMPRESA, ID_USUARIO, DATA_INI, DATA_FIM, DIVERSIDADE, COMPLEXIDADE, ID)
                     VALUES (15, 8, '2007-05-01', '2012-04-30', 4, 4, 38);
INSERT INTO EMPRESA_USUARIO (ID_EMPRESA, ID_USUARIO, DATA_INI, DATA_FIM, DIVERSIDADE, COMPLEXIDADE, ID)
                     VALUES (4, 8, '2012-05-01', '2012-10-30', 3, 3, 39);
INSERT INTO EMPRESA_USUARIO (ID_EMPRESA, ID_USUARIO, DATA_INI, DATA_FIM, DIVERSIDADE, COMPLEXIDADE, ID)
                     VALUES (3, 8, '2013-04-01', NULL, 4, 3, 40);
INSERT INTO EMPRESA_USUARIO (ID_EMPRESA, ID_USUARIO, DATA_INI, DATA_FIM, DIVERSIDADE, COMPLEXIDADE, ID)
                     VALUES (12, 8, '2012-10-01', '2014-10-30', 3, 2, 41);
INSERT INTO EMPRESA_USUARIO (ID_EMPRESA, ID_USUARIO, DATA_INI, DATA_FIM, DIVERSIDADE, COMPLEXIDADE, ID)
                     VALUES (1, 8, '2014-01-10', NULL, 4, 4, 42);
INSERT INTO EMPRESA_USUARIO (ID_EMPRESA, ID_USUARIO, DATA_INI, DATA_FIM, DIVERSIDADE, COMPLEXIDADE, ID)
                     VALUES (24, 9, '2011-05-01', '2013-04-30', 4, 3, 43);
INSERT INTO EMPRESA_USUARIO (ID_EMPRESA, ID_USUARIO, DATA_INI, DATA_FIM, DIVERSIDADE, COMPLEXIDADE, ID)
                     VALUES (1, 9, '2013-07-01', NULL, 3, 3, 44);
INSERT INTO EMPRESA_USUARIO (ID_EMPRESA, ID_USUARIO, DATA_INI, DATA_FIM, DIVERSIDADE, COMPLEXIDADE, ID)
                     VALUES (24, 10, '2010-03-01', '2010-06-30', 2, 3, 45);
INSERT INTO EMPRESA_USUARIO (ID_EMPRESA, ID_USUARIO, DATA_INI, DATA_FIM, DIVERSIDADE, COMPLEXIDADE, ID)
                     VALUES (24, 10, '2010-01-01', '2014-03-30', 4, 4, 46);
INSERT INTO EMPRESA_USUARIO (ID_EMPRESA, ID_USUARIO, DATA_INI, DATA_FIM, DIVERSIDADE, COMPLEXIDADE, ID)
                     VALUES (1, 10, '2014-03-01', NULL, 4, 3, 47);
INSERT INTO EMPRESA_USUARIO (ID_EMPRESA, ID_USUARIO, DATA_INI, DATA_FIM, DIVERSIDADE, COMPLEXIDADE, ID)
                     VALUES (21, 11, '2003-06-01', '2008-01-15', 2, 3, 48);
INSERT INTO EMPRESA_USUARIO (ID_EMPRESA, ID_USUARIO, DATA_INI, DATA_FIM, DIVERSIDADE, COMPLEXIDADE, ID)
                     VALUES (3, 11, '2004-07-01', NULL, 4, 2, 49);
INSERT INTO EMPRESA_USUARIO (ID_EMPRESA, ID_USUARIO, DATA_INI, DATA_FIM, DIVERSIDADE, COMPLEXIDADE, ID)
                     VALUES (25, 11, '2008-01-15', '2014-02-01', 3, 3, 50);
INSERT INTO EMPRESA_USUARIO (ID_EMPRESA, ID_USUARIO, DATA_INI, DATA_FIM, DIVERSIDADE, COMPLEXIDADE, ID)
                     VALUES (26, 11, '2014-03-01', NULL, 3, 4, 51);
INSERT INTO EMPRESA_USUARIO (ID_EMPRESA, ID_USUARIO, DATA_INI, DATA_FIM, DIVERSIDADE, COMPLEXIDADE, ID)
                     VALUES (29, 12, '2009-10-01', '2011-03-31', 3, 4, 52);
INSERT INTO EMPRESA_USUARIO (ID_EMPRESA, ID_USUARIO, DATA_INI, DATA_FIM, DIVERSIDADE, COMPLEXIDADE, ID)
                     VALUES (28, 12, '2011-04-01', '2011-10-15', 2, 2, 53);
INSERT INTO EMPRESA_USUARIO (ID_EMPRESA, ID_USUARIO, DATA_INI, DATA_FIM, DIVERSIDADE, COMPLEXIDADE, ID)
                     VALUES (30, 12, '2011-10-01', NULL, 3, 4, 54);
INSERT INTO EMPRESA_USUARIO (ID_EMPRESA, ID_USUARIO, DATA_INI, DATA_FIM, DIVERSIDADE, COMPLEXIDADE, ID)
                     VALUES (32, 14, '2003-12-01', '2004-09-30', 3, 2, 58);
INSERT INTO EMPRESA_USUARIO (ID_EMPRESA, ID_USUARIO, DATA_INI, DATA_FIM, DIVERSIDADE, COMPLEXIDADE, ID)
                     VALUES (31, 14, '2004-10-01', '2005-10-01', 3, 3, 59);
INSERT INTO EMPRESA_USUARIO (ID_EMPRESA, ID_USUARIO, DATA_INI, DATA_FIM, DIVERSIDADE, COMPLEXIDADE, ID)
                     VALUES (32, 14, '2005-10-01', '2011-07-30', 3, 4, 60);
INSERT INTO EMPRESA_USUARIO (ID_EMPRESA, ID_USUARIO, DATA_INI, DATA_FIM, DIVERSIDADE, COMPLEXIDADE, ID)
                     VALUES (35, 14, '2011-08-01', '2012-03-31', 3, 2, 61);
INSERT INTO EMPRESA_USUARIO (ID_EMPRESA, ID_USUARIO, DATA_INI, DATA_FIM, DIVERSIDADE, COMPLEXIDADE, ID)
                     VALUES (42, 19, '2007-07-01', '2013-01-30', 3, 3, 77);
INSERT INTO EMPRESA_USUARIO (ID_EMPRESA, ID_USUARIO, DATA_INI, DATA_FIM, DIVERSIDADE, COMPLEXIDADE, ID)
                     VALUES (33, 14, '2012-04-01', '2015-01-31', 4, 4, 62);
INSERT INTO EMPRESA_USUARIO (ID_EMPRESA, ID_USUARIO, DATA_INI, DATA_FIM, DIVERSIDADE, COMPLEXIDADE, ID)
                     VALUES (12, 14, '2015-09-01', '2015-11-01', 4, 5, 63);
INSERT INTO EMPRESA_USUARIO (ID_EMPRESA, ID_USUARIO, DATA_INI, DATA_FIM, DIVERSIDADE, COMPLEXIDADE, ID)
                     VALUES (30, 14, '2015-07-01', '2016-04-30', 3, 4, 64);
INSERT INTO EMPRESA_USUARIO (ID_EMPRESA, ID_USUARIO, DATA_INI, DATA_FIM, DIVERSIDADE, COMPLEXIDADE, ID)
                     VALUES (34, 14, '2016-05-01', NULL, 4, 4, 65);
INSERT INTO EMPRESA_USUARIO (ID_EMPRESA, ID_USUARIO, DATA_INI, DATA_FIM, DIVERSIDADE, COMPLEXIDADE, ID)
                     VALUES (33, 15, '2012-04-01', '2014-02-28', 3, 4, 66);
INSERT INTO EMPRESA_USUARIO (ID_EMPRESA, ID_USUARIO, DATA_INI, DATA_FIM, DIVERSIDADE, COMPLEXIDADE, ID)
                     VALUES (30, 15, '2014-03-01', NULL, 3, 4, 67);
INSERT INTO EMPRESA_USUARIO (ID_EMPRESA, ID_USUARIO, DATA_INI, DATA_FIM, DIVERSIDADE, COMPLEXIDADE, ID)
                     VALUES (36, 16, '2005-03-01', '2006-05-30', 4, 3, 68);
INSERT INTO EMPRESA_USUARIO (ID_EMPRESA, ID_USUARIO, DATA_INI, DATA_FIM, DIVERSIDADE, COMPLEXIDADE, ID)
                     VALUES (38, 16, '2006-06-01', '2008-11-30', 4, 2, 69);
INSERT INTO EMPRESA_USUARIO (ID_EMPRESA, ID_USUARIO, DATA_INI, DATA_FIM, DIVERSIDADE, COMPLEXIDADE, ID)
                     VALUES (37, 16, '2008-12-01', '2009-11-30', 3, 4, 70);
INSERT INTO EMPRESA_USUARIO (ID_EMPRESA, ID_USUARIO, DATA_INI, DATA_FIM, DIVERSIDADE, COMPLEXIDADE, ID)
                     VALUES (39, 16, '2010-04-01', NULL, 3, 3, 71);
INSERT INTO EMPRESA_USUARIO (ID_EMPRESA, ID_USUARIO, DATA_INI, DATA_FIM, DIVERSIDADE, COMPLEXIDADE, ID)
                     VALUES (5, 17, '2006-03-01', '2013-06-30', 4, 3, 72);
INSERT INTO EMPRESA_USUARIO (ID_EMPRESA, ID_USUARIO, DATA_INI, DATA_FIM, DIVERSIDADE, COMPLEXIDADE, ID)
                     VALUES (25, 17, '2013-07-01', NULL, 4, 4, 73);
INSERT INTO EMPRESA_USUARIO (ID_EMPRESA, ID_USUARIO, DATA_INI, DATA_FIM, DIVERSIDADE, COMPLEXIDADE, ID)
                     VALUES (41, 18, '2007-06-01', '2008-06-30', 2, 3, 74);
INSERT INTO EMPRESA_USUARIO (ID_EMPRESA, ID_USUARIO, DATA_INI, DATA_FIM, DIVERSIDADE, COMPLEXIDADE, ID)
                     VALUES (40, 18, '2008-07-01', '2011-02-28', 4, 4, 75);
INSERT INTO EMPRESA_USUARIO (ID_EMPRESA, ID_USUARIO, DATA_INI, DATA_FIM, DIVERSIDADE, COMPLEXIDADE, ID)
                     VALUES (2, 18, '2011-03-01', NULL, 5, 4, 76);
INSERT INTO EMPRESA_USUARIO (ID_EMPRESA, ID_USUARIO, DATA_INI, DATA_FIM, DIVERSIDADE, COMPLEXIDADE, ID)
                     VALUES (43, 19, '2013-02-01', NULL, 4, 4, 78);
INSERT INTO EMPRESA_USUARIO (ID_EMPRESA, ID_USUARIO, DATA_INI, DATA_FIM, DIVERSIDADE, COMPLEXIDADE, ID)
                     VALUES (42, 20, '2007-03-01', '2009-07-31', 4, 3, 79);
INSERT INTO EMPRESA_USUARIO (ID_EMPRESA, ID_USUARIO, DATA_INI, DATA_FIM, DIVERSIDADE, COMPLEXIDADE, ID)
                     VALUES (30, 20, '2011-09-01', '2012-10-30', 4, 5, 80);
INSERT INTO EMPRESA_USUARIO (ID_EMPRESA, ID_USUARIO, DATA_INI, DATA_FIM, DIVERSIDADE, COMPLEXIDADE, ID)
                     VALUES (48, 20, '2009-08-01', '2010-03-01', 3, 3, 81);
INSERT INTO EMPRESA_USUARIO (ID_EMPRESA, ID_USUARIO, DATA_INI, DATA_FIM, DIVERSIDADE, COMPLEXIDADE, ID)
                     VALUES (45, 20, '2010-06-30', '2011-06-30', 3, 4, 82);
INSERT INTO EMPRESA_USUARIO (ID_EMPRESA, ID_USUARIO, DATA_INI, DATA_FIM, DIVERSIDADE, COMPLEXIDADE, ID)
                     VALUES (47, 20, '2010-05-01', '2010-07-30', 2, 3, 83);
INSERT INTO EMPRESA_USUARIO (ID_EMPRESA, ID_USUARIO, DATA_INI, DATA_FIM, DIVERSIDADE, COMPLEXIDADE, ID)
                     VALUES (25, 20, '2012-11-01', '2014-10-30', 4, 3, 84);
INSERT INTO EMPRESA_USUARIO (ID_EMPRESA, ID_USUARIO, DATA_INI, DATA_FIM, DIVERSIDADE, COMPLEXIDADE, ID)
                     VALUES (46, 20, '2014-11-01', '2015-11-30', 5, 5, 85);
INSERT INTO EMPRESA_USUARIO (ID_EMPRESA, ID_USUARIO, DATA_INI, DATA_FIM, DIVERSIDADE, COMPLEXIDADE, ID)
                     VALUES (30, 20, '2016-03-01', NULL, 4, 4, 86);
INSERT INTO EMPRESA_USUARIO (ID_EMPRESA, ID_USUARIO, DATA_INI, DATA_FIM, DIVERSIDADE, COMPLEXIDADE, ID)
                     VALUES (1, 21, '2014-07-01', '2015-03-30', 2, 3, 87);
INSERT INTO EMPRESA_USUARIO (ID_EMPRESA, ID_USUARIO, DATA_INI, DATA_FIM, DIVERSIDADE, COMPLEXIDADE, ID)
                     VALUES (33, 21, '2015-04-01', '2015-07-30', 4, 2, 88);
INSERT INTO EMPRESA_USUARIO (ID_EMPRESA, ID_USUARIO, DATA_INI, DATA_FIM, DIVERSIDADE, COMPLEXIDADE, ID)
                     VALUES (48, 21, '2015-08-01', '2016-03-30', 4, 3, 89);
INSERT INTO EMPRESA_USUARIO (ID_EMPRESA, ID_USUARIO, DATA_INI, DATA_FIM, DIVERSIDADE, COMPLEXIDADE, ID)
                     VALUES (25, 21, '2016-04-01', NULL, 3, 4, 90);
INSERT INTO EMPRESA_USUARIO (ID_EMPRESA, ID_USUARIO, DATA_INI, DATA_FIM, DIVERSIDADE, COMPLEXIDADE, ID)
                     VALUES (33, 22, '2013-04-01', '2015-07-30', 4, 4, 91);
INSERT INTO EMPRESA_USUARIO (ID_EMPRESA, ID_USUARIO, DATA_INI, DATA_FIM, DIVERSIDADE, COMPLEXIDADE, ID)
                     VALUES (12, 22, '2015-08-01', NULL, 4, 4, 92);
INSERT INTO EMPRESA_USUARIO (ID_EMPRESA, ID_USUARIO, DATA_INI, DATA_FIM, DIVERSIDADE, COMPLEXIDADE, ID)
                     VALUES (49, 23, '2011-04-01', '2013-07-30', 5, 5, 93);
INSERT INTO EMPRESA_USUARIO (ID_EMPRESA, ID_USUARIO, DATA_INI, DATA_FIM, DIVERSIDADE, COMPLEXIDADE, ID)
                     VALUES (33, 23, '2013-12-01', '2015-07-30', 3, 4, 94);
INSERT INTO EMPRESA_USUARIO (ID_EMPRESA, ID_USUARIO, DATA_INI, DATA_FIM, DIVERSIDADE, COMPLEXIDADE, ID)
                     VALUES (12, 23, '2015-08-01', NULL, 4, 3, 95);
INSERT INTO EMPRESA_USUARIO (ID_EMPRESA, ID_USUARIO, DATA_INI, DATA_FIM, DIVERSIDADE, COMPLEXIDADE, ID)
                     VALUES (50, 24, '2012-07-01', '2015-07-30', 4, 5, 96);
INSERT INTO EMPRESA_USUARIO (ID_EMPRESA, ID_USUARIO, DATA_INI, DATA_FIM, DIVERSIDADE, COMPLEXIDADE, ID)
                     VALUES (51, 24, '2015-10-01', '2016-04-30', 3, 4, 97);
INSERT INTO EMPRESA_USUARIO (ID_EMPRESA, ID_USUARIO, DATA_INI, DATA_FIM, DIVERSIDADE, COMPLEXIDADE, ID)
                     VALUES (52, 24, '2016-09-01', NULL, 3, 3, 98);
INSERT INTO EMPRESA_USUARIO (ID_EMPRESA, ID_USUARIO, DATA_INI, DATA_FIM, DIVERSIDADE, COMPLEXIDADE, ID)
                     VALUES (3, 24, '2011-04-01', NULL, 4, 2, 99);
INSERT INTO EMPRESA_USUARIO (ID_EMPRESA, ID_USUARIO, DATA_INI, DATA_FIM, DIVERSIDADE, COMPLEXIDADE, ID)
                     VALUES (53, 25, '2005-02-01', '2006-01-30', 3, 3, 100);
INSERT INTO EMPRESA_USUARIO (ID_EMPRESA, ID_USUARIO, DATA_INI, DATA_FIM, DIVERSIDADE, COMPLEXIDADE, ID)
                     VALUES (49, 25, '2006-02-01', NULL, 4, 4, 101);
INSERT INTO EMPRESA_USUARIO (ID_EMPRESA, ID_USUARIO, DATA_INI, DATA_FIM, DIVERSIDADE, COMPLEXIDADE, ID)
                     VALUES (60, 26, '2005-06-01', '2006-06-30', 3, 3, 102);
INSERT INTO EMPRESA_USUARIO (ID_EMPRESA, ID_USUARIO, DATA_INI, DATA_FIM, DIVERSIDADE, COMPLEXIDADE, ID)
                     VALUES (10, 26, '2006-07-01', '2008-05-30', 3, 3, 103);
INSERT INTO EMPRESA_USUARIO (ID_EMPRESA, ID_USUARIO, DATA_INI, DATA_FIM, DIVERSIDADE, COMPLEXIDADE, ID)
                     VALUES (57, 26, '2008-06-01', '2010-07-30', 4, 3, 104);
INSERT INTO EMPRESA_USUARIO (ID_EMPRESA, ID_USUARIO, DATA_INI, DATA_FIM, DIVERSIDADE, COMPLEXIDADE, ID)
                     VALUES (61, 26, '2010-08-01', '2013-01-31', 3, 3, 105);
INSERT INTO EMPRESA_USUARIO (ID_EMPRESA, ID_USUARIO, DATA_INI, DATA_FIM, DIVERSIDADE, COMPLEXIDADE, ID)
                     VALUES (57, 26, '2013-02-01', '2015-06-30', 3, 3, 106);
INSERT INTO EMPRESA_USUARIO (ID_EMPRESA, ID_USUARIO, DATA_INI, DATA_FIM, DIVERSIDADE, COMPLEXIDADE, ID)
                     VALUES (59, 26, '2005-09-01', NULL, 4, 3, 107);
INSERT INTO EMPRESA_USUARIO (ID_EMPRESA, ID_USUARIO, DATA_INI, DATA_FIM, DIVERSIDADE, COMPLEXIDADE, ID)
                     VALUES (63, 27, '2008-08-01', '2008-11-01', 3, 3, 108);
INSERT INTO EMPRESA_USUARIO (ID_EMPRESA, ID_USUARIO, DATA_INI, DATA_FIM, DIVERSIDADE, COMPLEXIDADE, ID)
                     VALUES (62, 27, '2009-08-01', '2012-02-28', 4, 3, 109);
INSERT INTO EMPRESA_USUARIO (ID_EMPRESA, ID_USUARIO, DATA_INI, DATA_FIM, DIVERSIDADE, COMPLEXIDADE, ID)
                     VALUES (26, 27, '2013-04-01', '2013-10-30', 3, 3, 110);
INSERT INTO EMPRESA_USUARIO (ID_EMPRESA, ID_USUARIO, DATA_INI, DATA_FIM, DIVERSIDADE, COMPLEXIDADE, ID)
                     VALUES (2, 27, '2013-11-01', NULL, 5, 4, 111);
INSERT INTO EMPRESA_USUARIO (ID_EMPRESA, ID_USUARIO, DATA_INI, DATA_FIM, DIVERSIDADE, COMPLEXIDADE, ID)
                     VALUES (67, 28, '2006-02-01', '2007-11-01', 3, 3, 112);
INSERT INTO EMPRESA_USUARIO (ID_EMPRESA, ID_USUARIO, DATA_INI, DATA_FIM, DIVERSIDADE, COMPLEXIDADE, ID)
                     VALUES (66, 28, '2007-11-01', '2010-12-31', 2, 4, 113);
INSERT INTO EMPRESA_USUARIO (ID_EMPRESA, ID_USUARIO, DATA_INI, DATA_FIM, DIVERSIDADE, COMPLEXIDADE, ID)
                     VALUES (65, 28, '2011-03-01', '2012-03-30', 2, 2, 114);
INSERT INTO EMPRESA_USUARIO (ID_EMPRESA, ID_USUARIO, DATA_INI, DATA_FIM, DIVERSIDADE, COMPLEXIDADE, ID)
                     VALUES (68, 28, '2012-04-01', '2013-10-30', 4, 3, 115);
INSERT INTO EMPRESA_USUARIO (ID_EMPRESA, ID_USUARIO, DATA_INI, DATA_FIM, DIVERSIDADE, COMPLEXIDADE, ID)
                     VALUES (64, 28, '2013-11-01', NULL, 4, 4, 116);
INSERT INTO EMPRESA_USUARIO (ID_EMPRESA, ID_USUARIO, DATA_INI, DATA_FIM, DIVERSIDADE, COMPLEXIDADE, ID)
                     VALUES (56, 29, '2010-02-01', '2010-06-30', 2, 3, 117);
INSERT INTO EMPRESA_USUARIO (ID_EMPRESA, ID_USUARIO, DATA_INI, DATA_FIM, DIVERSIDADE, COMPLEXIDADE, ID)
                     VALUES (12, 29, '2010-07-01', '2012-08-30', 3, 4, 118);
INSERT INTO EMPRESA_USUARIO (ID_EMPRESA, ID_USUARIO, DATA_INI, DATA_FIM, DIVERSIDADE, COMPLEXIDADE, ID)
                     VALUES (55, 29, '2013-01-01', '2014-02-28', 3, 4, 119);
INSERT INTO EMPRESA_USUARIO (ID_EMPRESA, ID_USUARIO, DATA_INI, DATA_FIM, DIVERSIDADE, COMPLEXIDADE, ID)
                     VALUES (58, 29, '2014-03-01', '2014-08-30', 3, 3, 120);
INSERT INTO EMPRESA_USUARIO (ID_EMPRESA, ID_USUARIO, DATA_INI, DATA_FIM, DIVERSIDADE, COMPLEXIDADE, ID)
                     VALUES (57, 29, '2014-09-01', '2016-03-30', 3, 3, 121);
INSERT INTO EMPRESA_USUARIO (ID_EMPRESA, ID_USUARIO, DATA_INI, DATA_FIM, DIVERSIDADE, COMPLEXIDADE, ID)
                     VALUES (54, 29, '2016-04-01', NULL, 4, 4, 122);
INSERT INTO EMPRESA_USUARIO (ID_EMPRESA, ID_USUARIO, DATA_INI, DATA_FIM, DIVERSIDADE, COMPLEXIDADE, ID)
                     VALUES (33, 30, '2014-04-01', '2014-12-31', 2, 3, 123);
INSERT INTO EMPRESA_USUARIO (ID_EMPRESA, ID_USUARIO, DATA_INI, DATA_FIM, DIVERSIDADE, COMPLEXIDADE, ID)
                     VALUES (55, 30, '2015-01-01', '2016-08-30', 3, 4, 124);
INSERT INTO EMPRESA_USUARIO (ID_EMPRESA, ID_USUARIO, DATA_INI, DATA_FIM, DIVERSIDADE, COMPLEXIDADE, ID)
                     VALUES (54, 30, '2016-09-01', NULL, 4, 4, 125);
INSERT INTO EMPRESA_USUARIO (ID_EMPRESA, ID_USUARIO, DATA_INI, DATA_FIM, DIVERSIDADE, COMPLEXIDADE, ID)
                     VALUES (7, 34, '2008-12-01', '2010-07-31', 3, 3, 126);
INSERT INTO EMPRESA_USUARIO (ID_EMPRESA, ID_USUARIO, DATA_INI, DATA_FIM, DIVERSIDADE, COMPLEXIDADE, ID)
                     VALUES (9, 34, '2010-08-01', '2011-11-30', 3, 3, 127);
INSERT INTO EMPRESA_USUARIO (ID_EMPRESA, ID_USUARIO, DATA_INI, DATA_FIM, DIVERSIDADE, COMPLEXIDADE, ID)
                     VALUES (77, 34, '2008-07-01', '2008-11-30', 2, 3, 128);
INSERT INTO EMPRESA_USUARIO (ID_EMPRESA, ID_USUARIO, DATA_INI, DATA_FIM, DIVERSIDADE, COMPLEXIDADE, ID)
                     VALUES (12, 34, '2014-02-01', '2016-09-30', 3, 3, 129);
INSERT INTO EMPRESA_USUARIO (ID_EMPRESA, ID_USUARIO, DATA_INI, DATA_FIM, DIVERSIDADE, COMPLEXIDADE, ID)
                     VALUES (83, 31, '2001-09-01', '2007-07-31', 3, 3, 130);
INSERT INTO EMPRESA_USUARIO (ID_EMPRESA, ID_USUARIO, DATA_INI, DATA_FIM, DIVERSIDADE, COMPLEXIDADE, ID)
                     VALUES (84, 31, '2008-02-01', '2010-02-28', 4, 3, 131);
INSERT INTO EMPRESA_USUARIO (ID_EMPRESA, ID_USUARIO, DATA_INI, DATA_FIM, DIVERSIDADE, COMPLEXIDADE, ID)
                     VALUES (38, 31, '2010-03-01', '2010-11-30', 5, 4, 132);
INSERT INTO EMPRESA_USUARIO (ID_EMPRESA, ID_USUARIO, DATA_INI, DATA_FIM, DIVERSIDADE, COMPLEXIDADE, ID)
                     VALUES (86, 31, '2011-08-01', '2012-12-31', 3, 3, 133);
INSERT INTO EMPRESA_USUARIO (ID_EMPRESA, ID_USUARIO, DATA_INI, DATA_FIM, DIVERSIDADE, COMPLEXIDADE, ID)
                     VALUES (85, 31, '2013-01-01', '2015-04-30', 4, 5, 134);
INSERT INTO EMPRESA_USUARIO (ID_EMPRESA, ID_USUARIO, DATA_INI, DATA_FIM, DIVERSIDADE, COMPLEXIDADE, ID)
                     VALUES (86, 31, '2015-06-01', NULL, 4, 3, 135);
INSERT INTO EMPRESA_USUARIO (ID_EMPRESA, ID_USUARIO, DATA_INI, DATA_FIM, DIVERSIDADE, COMPLEXIDADE, ID)
                     VALUES (38, 32, '2004-01-01', '2007-06-30', 4, 4, 136);
INSERT INTO EMPRESA_USUARIO (ID_EMPRESA, ID_USUARIO, DATA_INI, DATA_FIM, DIVERSIDADE, COMPLEXIDADE, ID)
                     VALUES (38, 32, '2008-02-01', '2012-10-30', 4, 4, 137);
INSERT INTO EMPRESA_USUARIO (ID_EMPRESA, ID_USUARIO, DATA_INI, DATA_FIM, DIVERSIDADE, COMPLEXIDADE, ID)
                     VALUES (89, 32, '2012-11-01', '2013-12-31', 4, 4, 138);
INSERT INTO EMPRESA_USUARIO (ID_EMPRESA, ID_USUARIO, DATA_INI, DATA_FIM, DIVERSIDADE, COMPLEXIDADE, ID)
                     VALUES (88, 32, '2014-01-01', '2015-05-30', 3, 3, 139);
INSERT INTO EMPRESA_USUARIO (ID_EMPRESA, ID_USUARIO, DATA_INI, DATA_FIM, DIVERSIDADE, COMPLEXIDADE, ID)
                     VALUES (87, 32, '2015-06-01', NULL, 3, 3, 140);
INSERT INTO EMPRESA_USUARIO (ID_EMPRESA, ID_USUARIO, DATA_INI, DATA_FIM, DIVERSIDADE, COMPLEXIDADE, ID)
                     VALUES (82, 33, '2007-02-01', '2008-10-30', 3, 3, 141);
INSERT INTO EMPRESA_USUARIO (ID_EMPRESA, ID_USUARIO, DATA_INI, DATA_FIM, DIVERSIDADE, COMPLEXIDADE, ID)
                     VALUES (25, 33, '2008-09-01', '2009-09-30', 3, 2, 142);
INSERT INTO EMPRESA_USUARIO (ID_EMPRESA, ID_USUARIO, DATA_INI, DATA_FIM, DIVERSIDADE, COMPLEXIDADE, ID)
                     VALUES (38, 33, '2010-01-01', '2011-03-30', 4, 3, 143);
INSERT INTO EMPRESA_USUARIO (ID_EMPRESA, ID_USUARIO, DATA_INI, DATA_FIM, DIVERSIDADE, COMPLEXIDADE, ID)
                     VALUES (35, 33, '2011-06-01', '2015-07-31', 4, 5, 144);
INSERT INTO EMPRESA_USUARIO (ID_EMPRESA, ID_USUARIO, DATA_INI, DATA_FIM, DIVERSIDADE, COMPLEXIDADE, ID)
                     VALUES (30, 33, '2015-08-01', '2016-03-30', 4, 4, 145);
INSERT INTO EMPRESA_USUARIO (ID_EMPRESA, ID_USUARIO, DATA_INI, DATA_FIM, DIVERSIDADE, COMPLEXIDADE, ID)
                     VALUES (3, 35, '2005-02-01', '2007-01-31', 3, 2, 146);
INSERT INTO EMPRESA_USUARIO (ID_EMPRESA, ID_USUARIO, DATA_INI, DATA_FIM, DIVERSIDADE, COMPLEXIDADE, ID)
                     VALUES (80, 35, '2007-02-01', '2013-04-30', 3, 3, 147);
INSERT INTO EMPRESA_USUARIO (ID_EMPRESA, ID_USUARIO, DATA_INI, DATA_FIM, DIVERSIDADE, COMPLEXIDADE, ID)
                     VALUES (81, 35, '2013-05-01', '2013-11-30', 3, 4, 148);
INSERT INTO EMPRESA_USUARIO (ID_EMPRESA, ID_USUARIO, DATA_INI, DATA_FIM, DIVERSIDADE, COMPLEXIDADE, ID)
                     VALUES (1, 35, '2013-12-01', '2014-11-30', 2, 3, 149);
INSERT INTO EMPRESA_USUARIO (ID_EMPRESA, ID_USUARIO, DATA_INI, DATA_FIM, DIVERSIDADE, COMPLEXIDADE, ID)
                     VALUES (10, 35, '2014-12-01', NULL, 4, 3, 150);
INSERT INTO EMPRESA_USUARIO (ID_EMPRESA, ID_USUARIO, DATA_INI, DATA_FIM, DIVERSIDADE, COMPLEXIDADE, ID)
                     VALUES (20, 36, '2008-02-01', '2009-07-31', 3, 4, 151);
INSERT INTO EMPRESA_USUARIO (ID_EMPRESA, ID_USUARIO, DATA_INI, DATA_FIM, DIVERSIDADE, COMPLEXIDADE, ID)
                     VALUES (38, 36, '2009-08-01', '2010-05-30', 4, 3, 152);
INSERT INTO EMPRESA_USUARIO (ID_EMPRESA, ID_USUARIO, DATA_INI, DATA_FIM, DIVERSIDADE, COMPLEXIDADE, ID)
                     VALUES (20, 36, '2010-06-01', '2012-03-30', 5, 4, 153);
INSERT INTO EMPRESA_USUARIO (ID_EMPRESA, ID_USUARIO, DATA_INI, DATA_FIM, DIVERSIDADE, COMPLEXIDADE, ID)
                     VALUES (1, 36, '2012-04-01', '2013-07-31', 3, 3, 154);
INSERT INTO EMPRESA_USUARIO (ID_EMPRESA, ID_USUARIO, DATA_INI, DATA_FIM, DIVERSIDADE, COMPLEXIDADE, ID)
                     VALUES (76, 36, '2013-08-01', '2013-10-01', 4, 3, 155);
INSERT INTO EMPRESA_USUARIO (ID_EMPRESA, ID_USUARIO, DATA_INI, DATA_FIM, DIVERSIDADE, COMPLEXIDADE, ID)
                     VALUES (2, 36, '2013-10-01', NULL, 5, 3, 156);
INSERT INTO EMPRESA_USUARIO (ID_EMPRESA, ID_USUARIO, DATA_INI, DATA_FIM, DIVERSIDADE, COMPLEXIDADE, ID)
                     VALUES (75, 37, '2005-10-01', '2015-02-25', 4, 3, 157);
INSERT INTO EMPRESA_USUARIO (ID_EMPRESA, ID_USUARIO, DATA_INI, DATA_FIM, DIVERSIDADE, COMPLEXIDADE, ID)
                     VALUES (3, 37, '2006-01-01', NULL, 3, 2, 158);
INSERT INTO EMPRESA_USUARIO (ID_EMPRESA, ID_USUARIO, DATA_INI, DATA_FIM, DIVERSIDADE, COMPLEXIDADE, ID)
                     VALUES (10, 37, '2011-08-01', '2012-06-30', 3, 3, 159);
INSERT INTO EMPRESA_USUARIO (ID_EMPRESA, ID_USUARIO, DATA_INI, DATA_FIM, DIVERSIDADE, COMPLEXIDADE, ID)
                     VALUES (38, 37, '2010-05-01', '2010-11-30', 3, 3, 160);
INSERT INTO EMPRESA_USUARIO (ID_EMPRESA, ID_USUARIO, DATA_INI, DATA_FIM, DIVERSIDADE, COMPLEXIDADE, ID)
                     VALUES (74, 37, '2012-06-01', '2015-02-15', 3, 2, 161);
INSERT INTO EMPRESA_USUARIO (ID_EMPRESA, ID_USUARIO, DATA_INI, DATA_FIM, DIVERSIDADE, COMPLEXIDADE, ID)
                     VALUES (3, 38, '2016-01-01', '2016-08-01', 3, 4, 162);
INSERT INTO EMPRESA_USUARIO (ID_EMPRESA, ID_USUARIO, DATA_INI, DATA_FIM, DIVERSIDADE, COMPLEXIDADE, ID)
                     VALUES (69, 38, '2001-05-01', '2006-04-30', 3, 2, 163);
INSERT INTO EMPRESA_USUARIO (ID_EMPRESA, ID_USUARIO, DATA_INI, DATA_FIM, DIVERSIDADE, COMPLEXIDADE, ID)
                     VALUES (49, 38, '2003-05-01', '2004-05-30', 3, 2, 164);
INSERT INTO EMPRESA_USUARIO (ID_EMPRESA, ID_USUARIO, DATA_INI, DATA_FIM, DIVERSIDADE, COMPLEXIDADE, ID)
                     VALUES (20, 38, '2004-06-01', '2005-05-30', 3, 3, 165);
INSERT INTO EMPRESA_USUARIO (ID_EMPRESA, ID_USUARIO, DATA_INI, DATA_FIM, DIVERSIDADE, COMPLEXIDADE, ID)
                     VALUES (72, 38, '2007-03-01', '2008-06-30', 3, 3, 166);
INSERT INTO EMPRESA_USUARIO (ID_EMPRESA, ID_USUARIO, DATA_INI, DATA_FIM, DIVERSIDADE, COMPLEXIDADE, ID)
                     VALUES (7, 38, '2008-07-01', '2010-08-30', 3, 3, 167);
INSERT INTO EMPRESA_USUARIO (ID_EMPRESA, ID_USUARIO, DATA_INI, DATA_FIM, DIVERSIDADE, COMPLEXIDADE, ID)
                     VALUES (38, 38, '2010-09-01', '2012-09-30', 3, 4, 168);
INSERT INTO EMPRESA_USUARIO (ID_EMPRESA, ID_USUARIO, DATA_INI, DATA_FIM, DIVERSIDADE, COMPLEXIDADE, ID)
                     VALUES (26, 38, '2012-10-01', '2014-05-30', 3, 4, 169);
INSERT INTO EMPRESA_USUARIO (ID_EMPRESA, ID_USUARIO, DATA_INI, DATA_FIM, DIVERSIDADE, COMPLEXIDADE, ID)
                     VALUES (73, 38, '2014-06-01', '2015-10-30', 4, 5, 170);
INSERT INTO EMPRESA_USUARIO (ID_EMPRESA, ID_USUARIO, DATA_INI, DATA_FIM, DIVERSIDADE, COMPLEXIDADE, ID)
                     VALUES (70, 38, '2016-07-01', NULL, 4, 3, 171);
INSERT INTO EMPRESA_USUARIO (ID_EMPRESA, ID_USUARIO, DATA_INI, DATA_FIM, DIVERSIDADE, COMPLEXIDADE, ID)
                     VALUES (78, 40, '2005-01-01', '2006-01-30', 3, 3, 172);
INSERT INTO EMPRESA_USUARIO (ID_EMPRESA, ID_USUARIO, DATA_INI, DATA_FIM, DIVERSIDADE, COMPLEXIDADE, ID)
                     VALUES (79, 40, '2006-02-01', '2012-07-30', 3, 3, 173);
INSERT INTO EMPRESA_USUARIO (ID_EMPRESA, ID_USUARIO, DATA_INI, DATA_FIM, DIVERSIDADE, COMPLEXIDADE, ID)
                     VALUES (78, 40, '2012-08-01', '2014-03-30', 4, 3, 174);
INSERT INTO EMPRESA_USUARIO (ID_EMPRESA, ID_USUARIO, DATA_INI, DATA_FIM, DIVERSIDADE, COMPLEXIDADE, ID)
                     VALUES (12, 40, '2014-04-01', '2014-07-30', 3, 3, 175);
INSERT INTO EMPRESA_USUARIO (ID_EMPRESA, ID_USUARIO, DATA_INI, DATA_FIM, DIVERSIDADE, COMPLEXIDADE, ID)
                     VALUES (1, 40, '2014-08-01', NULL, 4, 3, 176);
INSERT INTO EMPRESA_USUARIO (ID_EMPRESA, ID_USUARIO, DATA_INI, DATA_FIM, DIVERSIDADE, COMPLEXIDADE, ID)
                     VALUES (3, 40, '2014-09-01', NULL, 4, 4, 177);
INSERT INTO EMPRESA_USUARIO (ID_EMPRESA, ID_USUARIO, DATA_INI, DATA_FIM, DIVERSIDADE, COMPLEXIDADE, ID)
                     VALUES (55, 41, '2012-10-01', '2014-04-30', 3, 4, 178);
INSERT INTO EMPRESA_USUARIO (ID_EMPRESA, ID_USUARIO, DATA_INI, DATA_FIM, DIVERSIDADE, COMPLEXIDADE, ID)
                     VALUES (91, 41, '2006-07-01', '2012-09-30', 4, 3, 179);
INSERT INTO EMPRESA_USUARIO (ID_EMPRESA, ID_USUARIO, DATA_INI, DATA_FIM, DIVERSIDADE, COMPLEXIDADE, ID)
                     VALUES (2, 41, '2014-05-01', '2016-01-31', 4, 5, 180);
INSERT INTO EMPRESA_USUARIO (ID_EMPRESA, ID_USUARIO, DATA_INI, DATA_FIM, DIVERSIDADE, COMPLEXIDADE, ID)
                     VALUES (90, 41, '2016-02-01', NULL, 4, 5, 181);
INSERT INTO EMPRESA_USUARIO (ID_EMPRESA, ID_USUARIO, DATA_INI, DATA_FIM, DIVERSIDADE, COMPLEXIDADE, ID)
                     VALUES (92, 42, '2009-03-01', '2012-04-30', 3, 3, 182);
INSERT INTO EMPRESA_USUARIO (ID_EMPRESA, ID_USUARIO, DATA_INI, DATA_FIM, DIVERSIDADE, COMPLEXIDADE, ID)
                     VALUES (55, 42, '2012-05-01', NULL, 3, 3, 183);
INSERT INTO EMPRESA_USUARIO (ID_EMPRESA, ID_USUARIO, DATA_INI, DATA_FIM, DIVERSIDADE, COMPLEXIDADE, ID)
                     VALUES (47, 43, '2011-01-01', '2011-12-01', 3, 2, 184);
INSERT INTO EMPRESA_USUARIO (ID_EMPRESA, ID_USUARIO, DATA_INI, DATA_FIM, DIVERSIDADE, COMPLEXIDADE, ID)
                     VALUES (47, 43, '2011-12-01', '2013-07-31', 3, 3, 185);
INSERT INTO EMPRESA_USUARIO (ID_EMPRESA, ID_USUARIO, DATA_INI, DATA_FIM, DIVERSIDADE, COMPLEXIDADE, ID)
                     VALUES (55, 43, '2013-08-01', NULL, 3, 4, 186);
INSERT INTO EMPRESA_USUARIO (ID_EMPRESA, ID_USUARIO, DATA_INI, DATA_FIM, DIVERSIDADE, COMPLEXIDADE, ID)
                     VALUES (94, 44, '2004-03-01', '2006-11-30', 3, 3, 187);
INSERT INTO EMPRESA_USUARIO (ID_EMPRESA, ID_USUARIO, DATA_INI, DATA_FIM, DIVERSIDADE, COMPLEXIDADE, ID)
                     VALUES (93, 44, '2009-12-01', '2008-11-01', 3, 3, 188);
INSERT INTO EMPRESA_USUARIO (ID_EMPRESA, ID_USUARIO, DATA_INI, DATA_FIM, DIVERSIDADE, COMPLEXIDADE, ID)
                     VALUES (26, 44, '2008-12-01', '2010-04-01', 3, 4, 189);
INSERT INTO EMPRESA_USUARIO (ID_EMPRESA, ID_USUARIO, DATA_INI, DATA_FIM, DIVERSIDADE, COMPLEXIDADE, ID)
                     VALUES (28, 44, '2010-04-01', '2012-01-31', 3, 4, 190);
INSERT INTO EMPRESA_USUARIO (ID_EMPRESA, ID_USUARIO, DATA_INI, DATA_FIM, DIVERSIDADE, COMPLEXIDADE, ID)
                     VALUES (30, 44, '2012-02-01', NULL, 3, 3, 191);
INSERT INTO EMPRESA_USUARIO (ID_EMPRESA, ID_USUARIO, DATA_INI, DATA_FIM, DIVERSIDADE, COMPLEXIDADE, ID)
                     VALUES (83, 45, '2005-01-01', '2009-05-01', 3, 4, 192);
INSERT INTO EMPRESA_USUARIO (ID_EMPRESA, ID_USUARIO, DATA_INI, DATA_FIM, DIVERSIDADE, COMPLEXIDADE, ID)
                     VALUES (1, 45, '2009-05-01', NULL, 3, 3, 193);
INSERT INTO EMPRESA_USUARIO (ID_EMPRESA, ID_USUARIO, DATA_INI, DATA_FIM, DIVERSIDADE, COMPLEXIDADE, ID)
                     VALUES (47, 46, '2010-06-01', NULL, 3, 3, 194);
INSERT INTO EMPRESA_USUARIO (ID_EMPRESA, ID_USUARIO, DATA_INI, DATA_FIM, DIVERSIDADE, COMPLEXIDADE, ID)
                     VALUES (95, 47, '2006-02-01', '2006-09-01', 3, 2, 195);
INSERT INTO EMPRESA_USUARIO (ID_EMPRESA, ID_USUARIO, DATA_INI, DATA_FIM, DIVERSIDADE, COMPLEXIDADE, ID)
                     VALUES (25, 47, '2008-10-01', '2010-12-01', 3, 4, 196);
INSERT INTO EMPRESA_USUARIO (ID_EMPRESA, ID_USUARIO, DATA_INI, DATA_FIM, DIVERSIDADE, COMPLEXIDADE, ID)
                     VALUES (43, 47, '2010-12-01', NULL, 3, 4, 197);
INSERT INTO EMPRESA_USUARIO (ID_EMPRESA, ID_USUARIO, DATA_INI, DATA_FIM, DIVERSIDADE, COMPLEXIDADE, ID)
                     VALUES (55, 48, '2013-11-01', NULL, 3, 4, 198);
INSERT INTO EMPRESA_USUARIO (ID_EMPRESA, ID_USUARIO, DATA_INI, DATA_FIM, DIVERSIDADE, COMPLEXIDADE, ID)
                     VALUES (96, 49, '2005-02-01', '2007-05-01', 3, 4, 199);
INSERT INTO EMPRESA_USUARIO (ID_EMPRESA, ID_USUARIO, DATA_INI, DATA_FIM, DIVERSIDADE, COMPLEXIDADE, ID)
                     VALUES (2, 49, '2007-05-01', NULL, 4, 4, 200);
INSERT INTO EMPRESA_USUARIO (ID_EMPRESA, ID_USUARIO, DATA_INI, DATA_FIM, DIVERSIDADE, COMPLEXIDADE, ID)
                     VALUES (17, 50, '2003-02-01', '2008-10-01', 3, 4, 201);
INSERT INTO EMPRESA_USUARIO (ID_EMPRESA, ID_USUARIO, DATA_INI, DATA_FIM, DIVERSIDADE, COMPLEXIDADE, ID)
                     VALUES (25, 50, '2008-10-01', '2010-11-01', 3, 4, 202);
INSERT INTO EMPRESA_USUARIO (ID_EMPRESA, ID_USUARIO, DATA_INI, DATA_FIM, DIVERSIDADE, COMPLEXIDADE, ID)
                     VALUES (2, 50, '2010-11-01', NULL, 4, 4, 203);

INSERT INTO EMPRESA_USUARIO_ITEM (EMPUSU_ID, TECNOLOGIA_ID, DATA_INI, DATA_FIM, FREQUENCIA, CA, DET, EXP)
                          VALUES (56, 1, NULL, NULL, 5, 69.93, 0.59968, 21);
INSERT INTO EMPRESA_USUARIO_ITEM (EMPUSU_ID, TECNOLOGIA_ID, DATA_INI, DATA_FIM, FREQUENCIA, CA, DET, EXP)
                          VALUES (56, 17, NULL, NULL, 4, 63, 0, 21);
INSERT INTO EMPRESA_USUARIO_ITEM (EMPUSU_ID, TECNOLOGIA_ID, DATA_INI, DATA_FIM, FREQUENCIA, CA, DET, EXP)
                          VALUES (1, 1, NULL, NULL, 5, 413.58, 0.533632, 113);
INSERT INTO EMPRESA_USUARIO_ITEM (EMPUSU_ID, TECNOLOGIA_ID, DATA_INI, DATA_FIM, FREQUENCIA, CA, DET, EXP)
                          VALUES (1, 6, NULL, NULL, 5, 413.58, 0.533632, 113);
INSERT INTO EMPRESA_USUARIO_ITEM (EMPUSU_ID, TECNOLOGIA_ID, DATA_INI, DATA_FIM, FREQUENCIA, CA, DET, EXP)
                          VALUES (1, 5, NULL, NULL, 5, 413.58, 0.533632, 113);
INSERT INTO EMPRESA_USUARIO_ITEM (EMPUSU_ID, TECNOLOGIA_ID, DATA_INI, DATA_FIM, FREQUENCIA, CA, DET, EXP)
                          VALUES (1, 2, '2011-01-01', '2013-12-31', 2, 93.1, 0, 35);
INSERT INTO EMPRESA_USUARIO_ITEM (EMPUSU_ID, TECNOLOGIA_ID, DATA_INI, DATA_FIM, FREQUENCIA, CA, DET, EXP)
                          VALUES (2, 1, NULL, NULL, 3, 37.24, 0.533632, 14);
INSERT INTO EMPRESA_USUARIO_ITEM (EMPUSU_ID, TECNOLOGIA_ID, DATA_INI, DATA_FIM, FREQUENCIA, CA, DET, EXP)
                          VALUES (2, 17, NULL, NULL, 4, 42, 0, 14);
INSERT INTO EMPRESA_USUARIO_ITEM (EMPUSU_ID, TECNOLOGIA_ID, DATA_INI, DATA_FIM, FREQUENCIA, CA, DET, EXP)
                          VALUES (3, 4, NULL, NULL, 2, 19.92, 0, 12);
INSERT INTO EMPRESA_USUARIO_ITEM (EMPUSU_ID, TECNOLOGIA_ID, DATA_INI, DATA_FIM, FREQUENCIA, CA, DET, EXP)
                          VALUES (4, 1, NULL, NULL, 5, 156, 0.533632, 39);
INSERT INTO EMPRESA_USUARIO_ITEM (EMPUSU_ID, TECNOLOGIA_ID, DATA_INI, DATA_FIM, FREQUENCIA, CA, DET, EXP)
                          VALUES (4, 17, NULL, NULL, 5, 156, 0, 39);
INSERT INTO EMPRESA_USUARIO_ITEM (EMPUSU_ID, TECNOLOGIA_ID, DATA_INI, DATA_FIM, FREQUENCIA, CA, DET, EXP)
                          VALUES (5, 1, NULL, NULL, 5, 223.26, 0.533632, 61);
INSERT INTO EMPRESA_USUARIO_ITEM (EMPUSU_ID, TECNOLOGIA_ID, DATA_INI, DATA_FIM, FREQUENCIA, CA, DET, EXP)
                          VALUES (5, 5, NULL, NULL, 5, 223.26, 0.533632, 61);
INSERT INTO EMPRESA_USUARIO_ITEM (EMPUSU_ID, TECNOLOGIA_ID, DATA_INI, DATA_FIM, FREQUENCIA, CA, DET, EXP)
                          VALUES (5, 6, NULL, NULL, 5, 223.26, 0.533632, 61);
INSERT INTO EMPRESA_USUARIO_ITEM (EMPUSU_ID, TECNOLOGIA_ID, DATA_INI, DATA_FIM, FREQUENCIA, CA, DET, EXP)
                          VALUES (6, 13, NULL, NULL, 3, 90.44, 0.333472, 34);
INSERT INTO EMPRESA_USUARIO_ITEM (EMPUSU_ID, TECNOLOGIA_ID, DATA_INI, DATA_FIM, FREQUENCIA, CA, DET, EXP)
                          VALUES (6, 34, NULL, NULL, 3, 90.44, 0.333472, 34);
INSERT INTO EMPRESA_USUARIO_ITEM (EMPUSU_ID, TECNOLOGIA_ID, DATA_INI, DATA_FIM, FREQUENCIA, CA, DET, EXP)
                          VALUES (6, 47, NULL, NULL, 5, 113.22, 0.467584, 34);
INSERT INTO EMPRESA_USUARIO_ITEM (EMPUSU_ID, TECNOLOGIA_ID, DATA_INI, DATA_FIM, FREQUENCIA, CA, DET, EXP)
                          VALUES (6, 10, NULL, NULL, 3, 90.44, 0.333472, 34);
INSERT INTO EMPRESA_USUARIO_ITEM (EMPUSU_ID, TECNOLOGIA_ID, DATA_INI, DATA_FIM, FREQUENCIA, CA, DET, EXP)
                          VALUES (6, 9, NULL, NULL, 2, 79.22, 0.267424, 34);
INSERT INTO EMPRESA_USUARIO_ITEM (EMPUSU_ID, TECNOLOGIA_ID, DATA_INI, DATA_FIM, FREQUENCIA, CA, DET, EXP)
                          VALUES (7, 1, NULL, NULL, 4, 108, 0.533632, 36);
INSERT INTO EMPRESA_USUARIO_ITEM (EMPUSU_ID, TECNOLOGIA_ID, DATA_INI, DATA_FIM, FREQUENCIA, CA, DET, EXP)
                          VALUES (7, 17, NULL, NULL, 3, 95.76, 0, 36);
INSERT INTO EMPRESA_USUARIO_ITEM (EMPUSU_ID, TECNOLOGIA_ID, DATA_INI, DATA_FIM, FREQUENCIA, CA, DET, EXP)
                          VALUES (8, 1, NULL, NULL, 5, 58.56, 0.533632, 16);
INSERT INTO EMPRESA_USUARIO_ITEM (EMPUSU_ID, TECNOLOGIA_ID, DATA_INI, DATA_FIM, FREQUENCIA, CA, DET, EXP)
                          VALUES (8, 5, NULL, NULL, 4, 53.28, 0.533632, 16);
INSERT INTO EMPRESA_USUARIO_ITEM (EMPUSU_ID, TECNOLOGIA_ID, DATA_INI, DATA_FIM, FREQUENCIA, CA, DET, EXP)
                          VALUES (9, 4, NULL, NULL, 2, 23.94, 0, 9);
INSERT INTO EMPRESA_USUARIO_ITEM (EMPUSU_ID, TECNOLOGIA_ID, DATA_INI, DATA_FIM, FREQUENCIA, CA, DET, EXP)
                          VALUES (9, 48, NULL, NULL, 4, 29.97, 0, 9);
INSERT INTO EMPRESA_USUARIO_ITEM (EMPUSU_ID, TECNOLOGIA_ID, DATA_INI, DATA_FIM, FREQUENCIA, CA, DET, EXP)
                          VALUES (9, 5, NULL, NULL, 5, 32.94, 0.533632, 9);
INSERT INTO EMPRESA_USUARIO_ITEM (EMPUSU_ID, TECNOLOGIA_ID, DATA_INI, DATA_FIM, FREQUENCIA, CA, DET, EXP)
                          VALUES (11, 1, NULL, NULL, 5, 79.92, 0.533632, 24);
INSERT INTO EMPRESA_USUARIO_ITEM (EMPUSU_ID, TECNOLOGIA_ID, DATA_INI, DATA_FIM, FREQUENCIA, CA, DET, EXP)
                          VALUES (11, 5, NULL, NULL, 5, 79.92, 0.533632, 24);
INSERT INTO EMPRESA_USUARIO_ITEM (EMPUSU_ID, TECNOLOGIA_ID, DATA_INI, DATA_FIM, FREQUENCIA, CA, DET, EXP)
                          VALUES (11, 26, NULL, NULL, 4, 72, 0.39952, 24);
INSERT INTO EMPRESA_USUARIO_ITEM (EMPUSU_ID, TECNOLOGIA_ID, DATA_INI, DATA_FIM, FREQUENCIA, CA, DET, EXP)
                          VALUES (12, 1, NULL, NULL, 5, 124.44, 0.533632, 34);
INSERT INTO EMPRESA_USUARIO_ITEM (EMPUSU_ID, TECNOLOGIA_ID, DATA_INI, DATA_FIM, FREQUENCIA, CA, DET, EXP)
                          VALUES (12, 5, NULL, NULL, 5, 124.44, 0.533632, 34);
INSERT INTO EMPRESA_USUARIO_ITEM (EMPUSU_ID, TECNOLOGIA_ID, DATA_INI, DATA_FIM, FREQUENCIA, CA, DET, EXP)
                          VALUES (12, 26, NULL, NULL, 4, 113.22, 0.39952, 34);
INSERT INTO EMPRESA_USUARIO_ITEM (EMPUSU_ID, TECNOLOGIA_ID, DATA_INI, DATA_FIM, FREQUENCIA, CA, DET, EXP)
                          VALUES (13, 1, NULL, NULL, 4, 33.3, 0.533632, 10);
INSERT INTO EMPRESA_USUARIO_ITEM (EMPUSU_ID, TECNOLOGIA_ID, DATA_INI, DATA_FIM, FREQUENCIA, CA, DET, EXP)
                          VALUES (13, 5, NULL, NULL, 4, 33.3, 0.533632, 10);
INSERT INTO EMPRESA_USUARIO_ITEM (EMPUSU_ID, TECNOLOGIA_ID, DATA_INI, DATA_FIM, FREQUENCIA, CA, DET, EXP)
                          VALUES (13, 26, NULL, NULL, 2, 26.6, 0.39952, 10);
INSERT INTO EMPRESA_USUARIO_ITEM (EMPUSU_ID, TECNOLOGIA_ID, DATA_INI, DATA_FIM, FREQUENCIA, CA, DET, EXP)
                          VALUES (14, 9, NULL, NULL, 4, 186.19, 0.54964, 43);
INSERT INTO EMPRESA_USUARIO_ITEM (EMPUSU_ID, TECNOLOGIA_ID, DATA_INI, DATA_FIM, FREQUENCIA, CA, DET, EXP)
                          VALUES (14, 33, NULL, NULL, 2, 157.38, 0, 43);
INSERT INTO EMPRESA_USUARIO_ITEM (EMPUSU_ID, TECNOLOGIA_ID, DATA_INI, DATA_FIM, FREQUENCIA, CA, DET, EXP)
                          VALUES (14, 5, NULL, NULL, 2, 157.38, 0.533632, 43);
INSERT INTO EMPRESA_USUARIO_ITEM (EMPUSU_ID, TECNOLOGIA_ID, DATA_INI, DATA_FIM, FREQUENCIA, CA, DET, EXP)
                          VALUES (14, 34, NULL, NULL, 2, 157.38, 0, 43);
INSERT INTO EMPRESA_USUARIO_ITEM (EMPUSU_ID, TECNOLOGIA_ID, DATA_INI, DATA_FIM, FREQUENCIA, CA, DET, EXP)
                          VALUES (14, 10, NULL, NULL, 3, 172, 0.600688, 43);
INSERT INTO EMPRESA_USUARIO_ITEM (EMPUSU_ID, TECNOLOGIA_ID, DATA_INI, DATA_FIM, FREQUENCIA, CA, DET, EXP)
                          VALUES (14, 4, NULL, NULL, 3, 172, 0.54964, 43);
INSERT INTO EMPRESA_USUARIO_ITEM (EMPUSU_ID, TECNOLOGIA_ID, DATA_INI, DATA_FIM, FREQUENCIA, CA, DET, EXP)
                          VALUES (14, 50, NULL, NULL, 2, 157.38, 0, 43);
INSERT INTO EMPRESA_USUARIO_ITEM (EMPUSU_ID, TECNOLOGIA_ID, DATA_INI, DATA_FIM, FREQUENCIA, CA, DET, EXP)
                          VALUES (14, 52, NULL, NULL, 2, 157.38, 0, 43);
INSERT INTO EMPRESA_USUARIO_ITEM (EMPUSU_ID, TECNOLOGIA_ID, DATA_INI, DATA_FIM, FREQUENCIA, CA, DET, EXP)
                          VALUES (14, 51, NULL, NULL, 2, 157.38, 0, 43);
INSERT INTO EMPRESA_USUARIO_ITEM (EMPUSU_ID, TECNOLOGIA_ID, DATA_INI, DATA_FIM, FREQUENCIA, CA, DET, EXP)
                          VALUES (14, 54, NULL, NULL, 2, 157.38, 0, 43);
INSERT INTO EMPRESA_USUARIO_ITEM (EMPUSU_ID, TECNOLOGIA_ID, DATA_INI, DATA_FIM, FREQUENCIA, CA, DET, EXP)
                          VALUES (14, 53, NULL, NULL, 1, 143.19, 0, 43);
INSERT INTO EMPRESA_USUARIO_ITEM (EMPUSU_ID, TECNOLOGIA_ID, DATA_INI, DATA_FIM, FREQUENCIA, CA, DET, EXP)
                          VALUES (15, 4, '2015-05-01', NULL, 2, 54, 0.54964, 18);
INSERT INTO EMPRESA_USUARIO_ITEM (EMPUSU_ID, TECNOLOGIA_ID, DATA_INI, DATA_FIM, FREQUENCIA, CA, DET, EXP)
                          VALUES (15, 1, NULL, NULL, 4, 98.82, 0.533632, 27);
INSERT INTO EMPRESA_USUARIO_ITEM (EMPUSU_ID, TECNOLOGIA_ID, DATA_INI, DATA_FIM, FREQUENCIA, CA, DET, EXP)
                          VALUES (15, 5, NULL, NULL, 4, 98.82, 0.533632, 27);
INSERT INTO EMPRESA_USUARIO_ITEM (EMPUSU_ID, TECNOLOGIA_ID, DATA_INI, DATA_FIM, FREQUENCIA, CA, DET, EXP)
                          VALUES (15, 26, NULL, NULL, 2, 81, 0.39952, 27);
INSERT INTO EMPRESA_USUARIO_ITEM (EMPUSU_ID, TECNOLOGIA_ID, DATA_INI, DATA_FIM, FREQUENCIA, CA, DET, EXP)
                          VALUES (15, 19, '2015-05-01', NULL, 2, 54, 0.54964, 18);
INSERT INTO EMPRESA_USUARIO_ITEM (EMPUSU_ID, TECNOLOGIA_ID, DATA_INI, DATA_FIM, FREQUENCIA, CA, DET, EXP)
                          VALUES (15, 9, '2015-05-01', NULL, 2, 54, 0.54964, 18);
INSERT INTO EMPRESA_USUARIO_ITEM (EMPUSU_ID, TECNOLOGIA_ID, DATA_INI, DATA_FIM, FREQUENCIA, CA, DET, EXP)
                          VALUES (15, 10, '2015-05-01', NULL, 3, 59.94, 0.600688, 18);
INSERT INTO EMPRESA_USUARIO_ITEM (EMPUSU_ID, TECNOLOGIA_ID, DATA_INI, DATA_FIM, FREQUENCIA, CA, DET, EXP)
                          VALUES (16, 13, NULL, NULL, 4, 29.26, 0, 11);
INSERT INTO EMPRESA_USUARIO_ITEM (EMPUSU_ID, TECNOLOGIA_ID, DATA_INI, DATA_FIM, FREQUENCIA, CA, DET, EXP)
                          VALUES (16, 9, NULL, NULL, 3, 25.63, 0, 11);
INSERT INTO EMPRESA_USUARIO_ITEM (EMPUSU_ID, TECNOLOGIA_ID, DATA_INI, DATA_FIM, FREQUENCIA, CA, DET, EXP)
                          VALUES (16, 10, NULL, NULL, 3, 25.63, 0, 11);
INSERT INTO EMPRESA_USUARIO_ITEM (EMPUSU_ID, TECNOLOGIA_ID, DATA_INI, DATA_FIM, FREQUENCIA, CA, DET, EXP)
                          VALUES (16, 34, NULL, NULL, 3, 25.63, 0, 11);
INSERT INTO EMPRESA_USUARIO_ITEM (EMPUSU_ID, TECNOLOGIA_ID, DATA_INI, DATA_FIM, FREQUENCIA, CA, DET, EXP)
                          VALUES (17, 1, NULL, NULL, 5, 43.29, 0.533632, 13);
INSERT INTO EMPRESA_USUARIO_ITEM (EMPUSU_ID, TECNOLOGIA_ID, DATA_INI, DATA_FIM, FREQUENCIA, CA, DET, EXP)
                          VALUES (17, 16, NULL, NULL, 5, 43.29, 0, 13);
INSERT INTO EMPRESA_USUARIO_ITEM (EMPUSU_ID, TECNOLOGIA_ID, DATA_INI, DATA_FIM, FREQUENCIA, CA, DET, EXP)
                          VALUES (18, 1, NULL, NULL, 5, 33.3, 0.533632, 10);
INSERT INTO EMPRESA_USUARIO_ITEM (EMPUSU_ID, TECNOLOGIA_ID, DATA_INI, DATA_FIM, FREQUENCIA, CA, DET, EXP)
                          VALUES (18, 16, NULL, NULL, 5, 33.3, 0, 10);
INSERT INTO EMPRESA_USUARIO_ITEM (EMPUSU_ID, TECNOLOGIA_ID, DATA_INI, DATA_FIM, FREQUENCIA, CA, DET, EXP)
                          VALUES (19, 1, NULL, NULL, 5, 14.64, 0.533632, 4);
INSERT INTO EMPRESA_USUARIO_ITEM (EMPUSU_ID, TECNOLOGIA_ID, DATA_INI, DATA_FIM, FREQUENCIA, CA, DET, EXP)
                          VALUES (19, 6, NULL, NULL, 5, 14.64, 0.533632, 4);
INSERT INTO EMPRESA_USUARIO_ITEM (EMPUSU_ID, TECNOLOGIA_ID, DATA_INI, DATA_FIM, FREQUENCIA, CA, DET, EXP)
                          VALUES (20, 1, NULL, NULL, 5, 113.46, 0.533632, 31);
INSERT INTO EMPRESA_USUARIO_ITEM (EMPUSU_ID, TECNOLOGIA_ID, DATA_INI, DATA_FIM, FREQUENCIA, CA, DET, EXP)
                          VALUES (20, 6, NULL, NULL, 5, 113.46, 0.533632, 31);
INSERT INTO EMPRESA_USUARIO_ITEM (EMPUSU_ID, TECNOLOGIA_ID, DATA_INI, DATA_FIM, FREQUENCIA, CA, DET, EXP)
                          VALUES (21, 1, NULL, NULL, 5, 27, 0.59968, 9);
INSERT INTO EMPRESA_USUARIO_ITEM (EMPUSU_ID, TECNOLOGIA_ID, DATA_INI, DATA_FIM, FREQUENCIA, CA, DET, EXP)
                          VALUES (21, 18, NULL, NULL, 4, 23.94, 0, 9);
INSERT INTO EMPRESA_USUARIO_ITEM (EMPUSU_ID, TECNOLOGIA_ID, DATA_INI, DATA_FIM, FREQUENCIA, CA, DET, EXP)
                          VALUES (22, 1, NULL, NULL, 4, 10.64, 0.59968, 4);
INSERT INTO EMPRESA_USUARIO_ITEM (EMPUSU_ID, TECNOLOGIA_ID, DATA_INI, DATA_FIM, FREQUENCIA, CA, DET, EXP)
                          VALUES (22, 13, NULL, NULL, 3, 9.32, 0, 4);
INSERT INTO EMPRESA_USUARIO_ITEM (EMPUSU_ID, TECNOLOGIA_ID, DATA_INI, DATA_FIM, FREQUENCIA, CA, DET, EXP)
                          VALUES (22, 34, NULL, NULL, 3, 9.32, 0, 4);
INSERT INTO EMPRESA_USUARIO_ITEM (EMPUSU_ID, TECNOLOGIA_ID, DATA_INI, DATA_FIM, FREQUENCIA, CA, DET, EXP)
                          VALUES (23, 13, NULL, NULL, 5, 51.24, 0, 14);
INSERT INTO EMPRESA_USUARIO_ITEM (EMPUSU_ID, TECNOLOGIA_ID, DATA_INI, DATA_FIM, FREQUENCIA, CA, DET, EXP)
                          VALUES (23, 34, NULL, NULL, 4, 46.62, 0, 14);
INSERT INTO EMPRESA_USUARIO_ITEM (EMPUSU_ID, TECNOLOGIA_ID, DATA_INI, DATA_FIM, FREQUENCIA, CA, DET, EXP)
                          VALUES (24, 1, NULL, NULL, 5, 29.97, 0.59968, 9);
INSERT INTO EMPRESA_USUARIO_ITEM (EMPUSU_ID, TECNOLOGIA_ID, DATA_INI, DATA_FIM, FREQUENCIA, CA, DET, EXP)
                          VALUES (24, 5, NULL, NULL, 4, 27, 0.59968, 9);
INSERT INTO EMPRESA_USUARIO_ITEM (EMPUSU_ID, TECNOLOGIA_ID, DATA_INI, DATA_FIM, FREQUENCIA, CA, DET, EXP)
                          VALUES (24, 26, NULL, NULL, 3, 23.94, 0.39952, 9);
INSERT INTO EMPRESA_USUARIO_ITEM (EMPUSU_ID, TECNOLOGIA_ID, DATA_INI, DATA_FIM, FREQUENCIA, CA, DET, EXP)
                          VALUES (25, 1, NULL, NULL, 5, 304, 0.59968, 76);
INSERT INTO EMPRESA_USUARIO_ITEM (EMPUSU_ID, TECNOLOGIA_ID, DATA_INI, DATA_FIM, FREQUENCIA, CA, DET, EXP)
                          VALUES (25, 6, NULL, NULL, 3, 253.08, 0.467584, 76);
INSERT INTO EMPRESA_USUARIO_ITEM (EMPUSU_ID, TECNOLOGIA_ID, DATA_INI, DATA_FIM, FREQUENCIA, CA, DET, EXP)
                          VALUES (25, 5, NULL, NULL, 5, 304, 0.59968, 76);
INSERT INTO EMPRESA_USUARIO_ITEM (EMPUSU_ID, TECNOLOGIA_ID, DATA_INI, DATA_FIM, FREQUENCIA, CA, DET, EXP)
                          VALUES (25, 26, NULL, NULL, 2, 228, 0.39952, 76);
INSERT INTO EMPRESA_USUARIO_ITEM (EMPUSU_ID, TECNOLOGIA_ID, DATA_INI, DATA_FIM, FREQUENCIA, CA, DET, EXP)
                          VALUES (25, 19, '2015-05-01', '2016-03-01', 2, 30, 0.4162, 10);
INSERT INTO EMPRESA_USUARIO_ITEM (EMPUSU_ID, TECNOLOGIA_ID, DATA_INI, DATA_FIM, FREQUENCIA, CA, DET, EXP)
                          VALUES (25, 4, NULL, NULL, 2, 228, 0.39952, 76);
INSERT INTO EMPRESA_USUARIO_ITEM (EMPUSU_ID, TECNOLOGIA_ID, DATA_INI, DATA_FIM, FREQUENCIA, CA, DET, EXP)
                          VALUES (25, 10, NULL, NULL, 2, 228, 0.39952, 76);
INSERT INTO EMPRESA_USUARIO_ITEM (EMPUSU_ID, TECNOLOGIA_ID, DATA_INI, DATA_FIM, FREQUENCIA, CA, DET, EXP)
                          VALUES (25, 9, NULL, NULL, 2, 228, 0.39952, 76);
INSERT INTO EMPRESA_USUARIO_ITEM (EMPUSU_ID, TECNOLOGIA_ID, DATA_INI, DATA_FIM, FREQUENCIA, CA, DET, EXP)
                          VALUES (26, 1, NULL, NULL, 5, 99.9, 0.59968, 30);
INSERT INTO EMPRESA_USUARIO_ITEM (EMPUSU_ID, TECNOLOGIA_ID, DATA_INI, DATA_FIM, FREQUENCIA, CA, DET, EXP)
                          VALUES (26, 17, NULL, NULL, 5, 99.9, 0, 30);
INSERT INTO EMPRESA_USUARIO_ITEM (EMPUSU_ID, TECNOLOGIA_ID, DATA_INI, DATA_FIM, FREQUENCIA, CA, DET, EXP)
                          VALUES (27, 1, NULL, NULL, 5, 304, 0.59968, 76);
INSERT INTO EMPRESA_USUARIO_ITEM (EMPUSU_ID, TECNOLOGIA_ID, DATA_INI, DATA_FIM, FREQUENCIA, CA, DET, EXP)
                          VALUES (27, 6, NULL, NULL, 5, 304, 0.59968, 76);
INSERT INTO EMPRESA_USUARIO_ITEM (EMPUSU_ID, TECNOLOGIA_ID, DATA_INI, DATA_FIM, FREQUENCIA, CA, DET, EXP)
                          VALUES (27, 26, NULL, NULL, 3, 253.08, 0.467584, 76);
INSERT INTO EMPRESA_USUARIO_ITEM (EMPUSU_ID, TECNOLOGIA_ID, DATA_INI, DATA_FIM, FREQUENCIA, CA, DET, EXP)
                          VALUES (27, 2, NULL, NULL, 3, 253.08, 0.467584, 76);
INSERT INTO EMPRESA_USUARIO_ITEM (EMPUSU_ID, TECNOLOGIA_ID, DATA_INI, DATA_FIM, FREQUENCIA, CA, DET, EXP)
                          VALUES (28, 1, NULL, NULL, 5, 288, 0.533632, 72);
INSERT INTO EMPRESA_USUARIO_ITEM (EMPUSU_ID, TECNOLOGIA_ID, DATA_INI, DATA_FIM, FREQUENCIA, CA, DET, EXP)
                          VALUES (28, 17, NULL, NULL, 5, 288, 0, 72);
INSERT INTO EMPRESA_USUARIO_ITEM (EMPUSU_ID, TECNOLOGIA_ID, DATA_INI, DATA_FIM, FREQUENCIA, CA, DET, EXP)
                          VALUES (29, 1, NULL, NULL, 5, 21, 0.533632, 7);
INSERT INTO EMPRESA_USUARIO_ITEM (EMPUSU_ID, TECNOLOGIA_ID, DATA_INI, DATA_FIM, FREQUENCIA, CA, DET, EXP)
                          VALUES (29, 17, NULL, NULL, 4, 18.62, 0, 7);
INSERT INTO EMPRESA_USUARIO_ITEM (EMPUSU_ID, TECNOLOGIA_ID, DATA_INI, DATA_FIM, FREQUENCIA, CA, DET, EXP)
                          VALUES (30, 47, NULL, NULL, 3, 223.44, 0, 84);
INSERT INTO EMPRESA_USUARIO_ITEM (EMPUSU_ID, TECNOLOGIA_ID, DATA_INI, DATA_FIM, FREQUENCIA, CA, DET, EXP)
                          VALUES (30, 13, NULL, NULL, 2, 195.72, 0, 84);
INSERT INTO EMPRESA_USUARIO_ITEM (EMPUSU_ID, TECNOLOGIA_ID, DATA_INI, DATA_FIM, FREQUENCIA, CA, DET, EXP)
                          VALUES (30, 9, NULL, NULL, 2, 195.72, 0, 84);
INSERT INTO EMPRESA_USUARIO_ITEM (EMPUSU_ID, TECNOLOGIA_ID, DATA_INI, DATA_FIM, FREQUENCIA, CA, DET, EXP)
                          VALUES (30, 10, NULL, NULL, 3, 223.44, 0, 84);
INSERT INTO EMPRESA_USUARIO_ITEM (EMPUSU_ID, TECNOLOGIA_ID, DATA_INI, DATA_FIM, FREQUENCIA, CA, DET, EXP)
                          VALUES (30, 1, NULL, NULL, 4, 252, 0.533632, 84);
INSERT INTO EMPRESA_USUARIO_ITEM (EMPUSU_ID, TECNOLOGIA_ID, DATA_INI, DATA_FIM, FREQUENCIA, CA, DET, EXP)
                          VALUES (30, 17, NULL, NULL, 3, 223.44, 0, 84);
INSERT INTO EMPRESA_USUARIO_ITEM (EMPUSU_ID, TECNOLOGIA_ID, DATA_INI, DATA_FIM, FREQUENCIA, CA, DET, EXP)
                          VALUES (30, 34, NULL, NULL, 3, 223.44, 0, 84);
INSERT INTO EMPRESA_USUARIO_ITEM (EMPUSU_ID, TECNOLOGIA_ID, DATA_INI, DATA_FIM, FREQUENCIA, CA, DET, EXP)
                          VALUES (31, 1, NULL, NULL, 5, 116.55, 0.533632, 35);
INSERT INTO EMPRESA_USUARIO_ITEM (EMPUSU_ID, TECNOLOGIA_ID, DATA_INI, DATA_FIM, FREQUENCIA, CA, DET, EXP)
                          VALUES (31, 6, NULL, NULL, 5, 116.55, 0, 35);
INSERT INTO EMPRESA_USUARIO_ITEM (EMPUSU_ID, TECNOLOGIA_ID, DATA_INI, DATA_FIM, FREQUENCIA, CA, DET, EXP)
                          VALUES (32, 33, NULL, NULL, 3, 116.55, 0.467584, 35);
INSERT INTO EMPRESA_USUARIO_ITEM (EMPUSU_ID, TECNOLOGIA_ID, DATA_INI, DATA_FIM, FREQUENCIA, CA, DET, EXP)
                          VALUES (32, 1, NULL, NULL, 4, 128.1, 0.533632, 35);
INSERT INTO EMPRESA_USUARIO_ITEM (EMPUSU_ID, TECNOLOGIA_ID, DATA_INI, DATA_FIM, FREQUENCIA, CA, DET, EXP)
                          VALUES (32, 5, NULL, NULL, 3, 116.55, 0.467584, 35);
INSERT INTO EMPRESA_USUARIO_ITEM (EMPUSU_ID, TECNOLOGIA_ID, DATA_INI, DATA_FIM, FREQUENCIA, CA, DET, EXP)
                          VALUES (33, 1, NULL, NULL, 5, 399.6, 0.367504, 120);
INSERT INTO EMPRESA_USUARIO_ITEM (EMPUSU_ID, TECNOLOGIA_ID, DATA_INI, DATA_FIM, FREQUENCIA, CA, DET, EXP)
                          VALUES (33, 5, NULL, NULL, 5, 399.6, 0, 120);
INSERT INTO EMPRESA_USUARIO_ITEM (EMPUSU_ID, TECNOLOGIA_ID, DATA_INI, DATA_FIM, FREQUENCIA, CA, DET, EXP)
                          VALUES (33, 26, NULL, NULL, 3, 319.2, 0, 120);
INSERT INTO EMPRESA_USUARIO_ITEM (EMPUSU_ID, TECNOLOGIA_ID, DATA_INI, DATA_FIM, FREQUENCIA, CA, DET, EXP)
                          VALUES (34, 55, NULL, NULL, 3, 24, 0, 8);
INSERT INTO EMPRESA_USUARIO_ITEM (EMPUSU_ID, TECNOLOGIA_ID, DATA_INI, DATA_FIM, FREQUENCIA, CA, DET, EXP)
                          VALUES (34, 1, NULL, NULL, 4, 26.64, 0.367504, 8);
INSERT INTO EMPRESA_USUARIO_ITEM (EMPUSU_ID, TECNOLOGIA_ID, DATA_INI, DATA_FIM, FREQUENCIA, CA, DET, EXP)
                          VALUES (34, 5, NULL, NULL, 3, 24, 0, 8);
INSERT INTO EMPRESA_USUARIO_ITEM (EMPUSU_ID, TECNOLOGIA_ID, DATA_INI, DATA_FIM, FREQUENCIA, CA, DET, EXP)
                          VALUES (35, 1, NULL, NULL, 5, 216.45, 0.367504, 65);
INSERT INTO EMPRESA_USUARIO_ITEM (EMPUSU_ID, TECNOLOGIA_ID, DATA_INI, DATA_FIM, FREQUENCIA, CA, DET, EXP)
                          VALUES (35, 6, NULL, NULL, 5, 216.45, 0.467584, 65);
INSERT INTO EMPRESA_USUARIO_ITEM (EMPUSU_ID, TECNOLOGIA_ID, DATA_INI, DATA_FIM, FREQUENCIA, CA, DET, EXP)
                          VALUES (36, 1, NULL, NULL, 3, 153.78, 0.367504, 66);
INSERT INTO EMPRESA_USUARIO_ITEM (EMPUSU_ID, TECNOLOGIA_ID, DATA_INI, DATA_FIM, FREQUENCIA, CA, DET, EXP)
                          VALUES (36, 17, NULL, NULL, 4, 175.56, 0.333472, 66);
INSERT INTO EMPRESA_USUARIO_ITEM (EMPUSU_ID, TECNOLOGIA_ID, DATA_INI, DATA_FIM, FREQUENCIA, CA, DET, EXP)
                          VALUES (37, 1, NULL, NULL, 5, 32.94, 0.667744, 9);
INSERT INTO EMPRESA_USUARIO_ITEM (EMPUSU_ID, TECNOLOGIA_ID, DATA_INI, DATA_FIM, FREQUENCIA, CA, DET, EXP)
                          VALUES (37, 17, NULL, NULL, 5, 32.94, 0, 9);
INSERT INTO EMPRESA_USUARIO_ITEM (EMPUSU_ID, TECNOLOGIA_ID, DATA_INI, DATA_FIM, FREQUENCIA, CA, DET, EXP)
                          VALUES (37, 2, NULL, NULL, 3, 27, 0.59968, 9);
INSERT INTO EMPRESA_USUARIO_ITEM (EMPUSU_ID, TECNOLOGIA_ID, DATA_INI, DATA_FIM, FREQUENCIA, CA, DET, EXP)
                          VALUES (38, 1, NULL, NULL, 3, 215.94, 0.667744, 59);
INSERT INTO EMPRESA_USUARIO_ITEM (EMPUSU_ID, TECNOLOGIA_ID, DATA_INI, DATA_FIM, FREQUENCIA, CA, DET, EXP)
                          VALUES (38, 2, NULL, NULL, 4, 236, 0.59968, 59);
INSERT INTO EMPRESA_USUARIO_ITEM (EMPUSU_ID, TECNOLOGIA_ID, DATA_INI, DATA_FIM, FREQUENCIA, CA, DET, EXP)
                          VALUES (38, 16, NULL, NULL, 4, 236, 0, 59);
INSERT INTO EMPRESA_USUARIO_ITEM (EMPUSU_ID, TECNOLOGIA_ID, DATA_INI, DATA_FIM, FREQUENCIA, CA, DET, EXP)
                          VALUES (38, 17, NULL, NULL, 3, 215.94, 0, 59);
INSERT INTO EMPRESA_USUARIO_ITEM (EMPUSU_ID, TECNOLOGIA_ID, DATA_INI, DATA_FIM, FREQUENCIA, CA, DET, EXP)
                          VALUES (38, 11, NULL, NULL, 3, 215.94, 0.59968, 59);
INSERT INTO EMPRESA_USUARIO_ITEM (EMPUSU_ID, TECNOLOGIA_ID, DATA_INI, DATA_FIM, FREQUENCIA, CA, DET, EXP)
                          VALUES (39, 1, NULL, NULL, 5, 18.3, 0.667744, 5);
INSERT INTO EMPRESA_USUARIO_ITEM (EMPUSU_ID, TECNOLOGIA_ID, DATA_INI, DATA_FIM, FREQUENCIA, CA, DET, EXP)
                          VALUES (39, 5, NULL, NULL, 4, 16.65, 0.59968, 5);
INSERT INTO EMPRESA_USUARIO_ITEM (EMPUSU_ID, TECNOLOGIA_ID, DATA_INI, DATA_FIM, FREQUENCIA, CA, DET, EXP)
                          VALUES (39, 26, NULL, NULL, 3, 15, 0, 5);
INSERT INTO EMPRESA_USUARIO_ITEM (EMPUSU_ID, TECNOLOGIA_ID, DATA_INI, DATA_FIM, FREQUENCIA, CA, DET, EXP)
                          VALUES (39, 11, NULL, NULL, 3, 15, 0.59968, 5);
INSERT INTO EMPRESA_USUARIO_ITEM (EMPUSU_ID, TECNOLOGIA_ID, DATA_INI, DATA_FIM, FREQUENCIA, CA, DET, EXP)
                          VALUES (40, 11, NULL, NULL, 5, 172, 0.59968, 43);
INSERT INTO EMPRESA_USUARIO_ITEM (EMPUSU_ID, TECNOLOGIA_ID, DATA_INI, DATA_FIM, FREQUENCIA, CA, DET, EXP)
                          VALUES (40, 21, NULL, NULL, 2, 129, 0.39952, 43);
INSERT INTO EMPRESA_USUARIO_ITEM (EMPUSU_ID, TECNOLOGIA_ID, DATA_INI, DATA_FIM, FREQUENCIA, CA, DET, EXP)
                          VALUES (40, 4, NULL, NULL, 3, 143.19, 0.500608, 43);
INSERT INTO EMPRESA_USUARIO_ITEM (EMPUSU_ID, TECNOLOGIA_ID, DATA_INI, DATA_FIM, FREQUENCIA, CA, DET, EXP)
                          VALUES (40, 10, NULL, NULL, 3, 143.19, 0.467584, 43);
INSERT INTO EMPRESA_USUARIO_ITEM (EMPUSU_ID, TECNOLOGIA_ID, DATA_INI, DATA_FIM, FREQUENCIA, CA, DET, EXP)
                          VALUES (40, 9, NULL, NULL, 2, 129, 0.39952, 43);
INSERT INTO EMPRESA_USUARIO_ITEM (EMPUSU_ID, TECNOLOGIA_ID, DATA_INI, DATA_FIM, FREQUENCIA, CA, DET, EXP)
                          VALUES (41, 1, NULL, NULL, 5, 79.92, 0.667744, 24);
INSERT INTO EMPRESA_USUARIO_ITEM (EMPUSU_ID, TECNOLOGIA_ID, DATA_INI, DATA_FIM, FREQUENCIA, CA, DET, EXP)
                          VALUES (41, 6, NULL, NULL, 4, 72, 0.467584, 24);
INSERT INTO EMPRESA_USUARIO_ITEM (EMPUSU_ID, TECNOLOGIA_ID, DATA_INI, DATA_FIM, FREQUENCIA, CA, DET, EXP)
                          VALUES (41, 5, NULL, NULL, 3, 63.84, 0.59968, 24);
INSERT INTO EMPRESA_USUARIO_ITEM (EMPUSU_ID, TECNOLOGIA_ID, DATA_INI, DATA_FIM, FREQUENCIA, CA, DET, EXP)
                          VALUES (42, 1, NULL, NULL, 5, 147.22, 0.667744, 34);
INSERT INTO EMPRESA_USUARIO_ITEM (EMPUSU_ID, TECNOLOGIA_ID, DATA_INI, DATA_FIM, FREQUENCIA, CA, DET, EXP)
                          VALUES (42, 5, NULL, NULL, 4, 136, 0.59968, 34);
INSERT INTO EMPRESA_USUARIO_ITEM (EMPUSU_ID, TECNOLOGIA_ID, DATA_INI, DATA_FIM, FREQUENCIA, CA, DET, EXP)
                          VALUES (42, 2, NULL, NULL, 4, 136, 0.59968, 34);
INSERT INTO EMPRESA_USUARIO_ITEM (EMPUSU_ID, TECNOLOGIA_ID, DATA_INI, DATA_FIM, FREQUENCIA, CA, DET, EXP)
                          VALUES (42, 4, NULL, NULL, 3, 124.44, 0.500608, 34);
INSERT INTO EMPRESA_USUARIO_ITEM (EMPUSU_ID, TECNOLOGIA_ID, DATA_INI, DATA_FIM, FREQUENCIA, CA, DET, EXP)
                          VALUES (42, 6, NULL, NULL, 2, 113.22, 0.467584, 34);
INSERT INTO EMPRESA_USUARIO_ITEM (EMPUSU_ID, TECNOLOGIA_ID, DATA_INI, DATA_FIM, FREQUENCIA, CA, DET, EXP)
                          VALUES (43, 1, NULL, NULL, 5, 92, 0.533632, 23);
INSERT INTO EMPRESA_USUARIO_ITEM (EMPUSU_ID, TECNOLOGIA_ID, DATA_INI, DATA_FIM, FREQUENCIA, CA, DET, EXP)
                          VALUES (43, 16, NULL, NULL, 4, 84.18, 0, 23);
INSERT INTO EMPRESA_USUARIO_ITEM (EMPUSU_ID, TECNOLOGIA_ID, DATA_INI, DATA_FIM, FREQUENCIA, CA, DET, EXP)
                          VALUES (43, 5, NULL, NULL, 4, 84.18, 0.533632, 23);
INSERT INTO EMPRESA_USUARIO_ITEM (EMPUSU_ID, TECNOLOGIA_ID, DATA_INI, DATA_FIM, FREQUENCIA, CA, DET, EXP)
                          VALUES (44, 1, NULL, NULL, 5, 146.4, 0.533632, 40);
INSERT INTO EMPRESA_USUARIO_ITEM (EMPUSU_ID, TECNOLOGIA_ID, DATA_INI, DATA_FIM, FREQUENCIA, CA, DET, EXP)
                          VALUES (44, 5, NULL, NULL, 5, 146.4, 0.533632, 40);
INSERT INTO EMPRESA_USUARIO_ITEM (EMPUSU_ID, TECNOLOGIA_ID, DATA_INI, DATA_FIM, FREQUENCIA, CA, DET, EXP)
                          VALUES (44, 26, NULL, NULL, 3, 120, 0.39952, 40);
INSERT INTO EMPRESA_USUARIO_ITEM (EMPUSU_ID, TECNOLOGIA_ID, DATA_INI, DATA_FIM, FREQUENCIA, CA, DET, EXP)
                          VALUES (44, 4, '2015-05-01', '2016-03-01', 2, 26.6, 0.38868, 10);
INSERT INTO EMPRESA_USUARIO_ITEM (EMPUSU_ID, TECNOLOGIA_ID, DATA_INI, DATA_FIM, FREQUENCIA, CA, DET, EXP)
                          VALUES (44, 19, NULL, NULL, 2, 106.4, 0.333472, 40);
INSERT INTO EMPRESA_USUARIO_ITEM (EMPUSU_ID, TECNOLOGIA_ID, DATA_INI, DATA_FIM, FREQUENCIA, CA, DET, EXP)
                          VALUES (44, 6, NULL, NULL, 3, 120, 0.39952, 40);
INSERT INTO EMPRESA_USUARIO_ITEM (EMPUSU_ID, TECNOLOGIA_ID, DATA_INI, DATA_FIM, FREQUENCIA, CA, DET, EXP)
                          VALUES (45, 1, NULL, NULL, 3, 7.98, 0.59968, 3);
INSERT INTO EMPRESA_USUARIO_ITEM (EMPUSU_ID, TECNOLOGIA_ID, DATA_INI, DATA_FIM, FREQUENCIA, CA, DET, EXP)
                          VALUES (45, 17, NULL, NULL, 3, 7.98, 0, 3);
INSERT INTO EMPRESA_USUARIO_ITEM (EMPUSU_ID, TECNOLOGIA_ID, DATA_INI, DATA_FIM, FREQUENCIA, CA, DET, EXP)
                          VALUES (46, 1, NULL, NULL, 5, 216.5, 0.59968, 50);
INSERT INTO EMPRESA_USUARIO_ITEM (EMPUSU_ID, TECNOLOGIA_ID, DATA_INI, DATA_FIM, FREQUENCIA, CA, DET, EXP)
                          VALUES (46, 13, NULL, NULL, 3, 183, 0, 50);
INSERT INTO EMPRESA_USUARIO_ITEM (EMPUSU_ID, TECNOLOGIA_ID, DATA_INI, DATA_FIM, FREQUENCIA, CA, DET, EXP)
                          VALUES (46, 34, NULL, NULL, 3, 183, 0, 50);
INSERT INTO EMPRESA_USUARIO_ITEM (EMPUSU_ID, TECNOLOGIA_ID, DATA_INI, DATA_FIM, FREQUENCIA, CA, DET, EXP)
                          VALUES (46, 36, NULL, NULL, 3, 183, 0, 50);
INSERT INTO EMPRESA_USUARIO_ITEM (EMPUSU_ID, TECNOLOGIA_ID, DATA_INI, DATA_FIM, FREQUENCIA, CA, DET, EXP)
                          VALUES (46, 44, NULL, NULL, 3, 183, 0, 50);
INSERT INTO EMPRESA_USUARIO_ITEM (EMPUSU_ID, TECNOLOGIA_ID, DATA_INI, DATA_FIM, FREQUENCIA, CA, DET, EXP)
                          VALUES (46, 16, NULL, NULL, 4, 200, 0, 50);
INSERT INTO EMPRESA_USUARIO_ITEM (EMPUSU_ID, TECNOLOGIA_ID, DATA_INI, DATA_FIM, FREQUENCIA, CA, DET, EXP)
                          VALUES (46, 17, NULL, NULL, 3, 183, 0, 50);
INSERT INTO EMPRESA_USUARIO_ITEM (EMPUSU_ID, TECNOLOGIA_ID, DATA_INI, DATA_FIM, FREQUENCIA, CA, DET, EXP)
                          VALUES (46, 4, NULL, NULL, 2, 166.5, 0.39952, 50);
INSERT INTO EMPRESA_USUARIO_ITEM (EMPUSU_ID, TECNOLOGIA_ID, DATA_INI, DATA_FIM, FREQUENCIA, CA, DET, EXP)
                          VALUES (46, 56, NULL, NULL, 3, 183, 0, 50);
INSERT INTO EMPRESA_USUARIO_ITEM (EMPUSU_ID, TECNOLOGIA_ID, DATA_INI, DATA_FIM, FREQUENCIA, CA, DET, EXP)
                          VALUES (47, 1, NULL, NULL, 5, 128, 0.59968, 32);
INSERT INTO EMPRESA_USUARIO_ITEM (EMPUSU_ID, TECNOLOGIA_ID, DATA_INI, DATA_FIM, FREQUENCIA, CA, DET, EXP)
                          VALUES (47, 5, NULL, NULL, 4, 117.12, 0.533632, 32);
INSERT INTO EMPRESA_USUARIO_ITEM (EMPUSU_ID, TECNOLOGIA_ID, DATA_INI, DATA_FIM, FREQUENCIA, CA, DET, EXP)
                          VALUES (47, 26, NULL, NULL, 2, 96, 0.39952, 32);
INSERT INTO EMPRESA_USUARIO_ITEM (EMPUSU_ID, TECNOLOGIA_ID, DATA_INI, DATA_FIM, FREQUENCIA, CA, DET, EXP)
                          VALUES (47, 2, NULL, NULL, 3, 106.56, 0.467584, 32);
INSERT INTO EMPRESA_USUARIO_ITEM (EMPUSU_ID, TECNOLOGIA_ID, DATA_INI, DATA_FIM, FREQUENCIA, CA, DET, EXP)
                          VALUES (47, 4, NULL, NULL, 2, 96, 0.39952, 32);
INSERT INTO EMPRESA_USUARIO_ITEM (EMPUSU_ID, TECNOLOGIA_ID, DATA_INI, DATA_FIM, FREQUENCIA, CA, DET, EXP)
                          VALUES (47, 19, NULL, NULL, 2, 96, 0.39952, 32);
INSERT INTO EMPRESA_USUARIO_ITEM (EMPUSU_ID, TECNOLOGIA_ID, DATA_INI, DATA_FIM, FREQUENCIA, CA, DET, EXP)
                          VALUES (47, 10, NULL, NULL, 2, 96, 0.39952, 32);
INSERT INTO EMPRESA_USUARIO_ITEM (EMPUSU_ID, TECNOLOGIA_ID, DATA_INI, DATA_FIM, FREQUENCIA, CA, DET, EXP)
                          VALUES (48, 1, NULL, NULL, 2, 128.15, 0.333472, 55);
INSERT INTO EMPRESA_USUARIO_ITEM (EMPUSU_ID, TECNOLOGIA_ID, DATA_INI, DATA_FIM, FREQUENCIA, CA, DET, EXP)
                          VALUES (48, 17, NULL, NULL, 3, 146.3, 0, 55);
INSERT INTO EMPRESA_USUARIO_ITEM (EMPUSU_ID, TECNOLOGIA_ID, DATA_INI, DATA_FIM, FREQUENCIA, CA, DET, EXP)
                          VALUES (49, 1, NULL, NULL, 2, 393.68, 0.333472, 148);
INSERT INTO EMPRESA_USUARIO_ITEM (EMPUSU_ID, TECNOLOGIA_ID, DATA_INI, DATA_FIM, FREQUENCIA, CA, DET, EXP)
                          VALUES (49, 47, NULL, NULL, 3, 444, 0.39952, 148);
INSERT INTO EMPRESA_USUARIO_ITEM (EMPUSU_ID, TECNOLOGIA_ID, DATA_INI, DATA_FIM, FREQUENCIA, CA, DET, EXP)
                          VALUES (49, 13, NULL, NULL, 3, 444, 0.39952, 148);
INSERT INTO EMPRESA_USUARIO_ITEM (EMPUSU_ID, TECNOLOGIA_ID, DATA_INI, DATA_FIM, FREQUENCIA, CA, DET, EXP)
                          VALUES (49, 9, NULL, NULL, 3, 444, 0.39952, 148);
INSERT INTO EMPRESA_USUARIO_ITEM (EMPUSU_ID, TECNOLOGIA_ID, DATA_INI, DATA_FIM, FREQUENCIA, CA, DET, EXP)
                          VALUES (49, 34, NULL, NULL, 2, 393.68, 0.333472, 148);
INSERT INTO EMPRESA_USUARIO_ITEM (EMPUSU_ID, TECNOLOGIA_ID, DATA_INI, DATA_FIM, FREQUENCIA, CA, DET, EXP)
                          VALUES (49, 2, NULL, NULL, 2, 393.68, 0.400528, 148);
INSERT INTO EMPRESA_USUARIO_ITEM (EMPUSU_ID, TECNOLOGIA_ID, DATA_INI, DATA_FIM, FREQUENCIA, CA, DET, EXP)
                          VALUES (49, 16, NULL, NULL, 3, 444, 0.39952, 148);
INSERT INTO EMPRESA_USUARIO_ITEM (EMPUSU_ID, TECNOLOGIA_ID, DATA_INI, DATA_FIM, FREQUENCIA, CA, DET, EXP)
                          VALUES (50, 57, NULL, NULL, 5, 267.18, 0, 73);
INSERT INTO EMPRESA_USUARIO_ITEM (EMPUSU_ID, TECNOLOGIA_ID, DATA_INI, DATA_FIM, FREQUENCIA, CA, DET, EXP)
                          VALUES (50, 4, NULL, NULL, 3, 219, 0.467584, 73);
INSERT INTO EMPRESA_USUARIO_ITEM (EMPUSU_ID, TECNOLOGIA_ID, DATA_INI, DATA_FIM, FREQUENCIA, CA, DET, EXP)
                          VALUES (50, 44, NULL, NULL, 3, 219, 0, 73);
INSERT INTO EMPRESA_USUARIO_ITEM (EMPUSU_ID, TECNOLOGIA_ID, DATA_INI, DATA_FIM, FREQUENCIA, CA, DET, EXP)
                          VALUES (50, 26, NULL, NULL, 4, 243.09, 0, 73);
INSERT INTO EMPRESA_USUARIO_ITEM (EMPUSU_ID, TECNOLOGIA_ID, DATA_INI, DATA_FIM, FREQUENCIA, CA, DET, EXP)
                          VALUES (50, 9, NULL, NULL, 3, 219, 0.39952, 73);
INSERT INTO EMPRESA_USUARIO_ITEM (EMPUSU_ID, TECNOLOGIA_ID, DATA_INI, DATA_FIM, FREQUENCIA, CA, DET, EXP)
                          VALUES (50, 5, NULL, NULL, 5, 267.18, 0, 73);
INSERT INTO EMPRESA_USUARIO_ITEM (EMPUSU_ID, TECNOLOGIA_ID, DATA_INI, DATA_FIM, FREQUENCIA, CA, DET, EXP)
                          VALUES (51, 2, NULL, NULL, 3, 106.56, 0.400528, 32);
INSERT INTO EMPRESA_USUARIO_ITEM (EMPUSU_ID, TECNOLOGIA_ID, DATA_INI, DATA_FIM, FREQUENCIA, CA, DET, EXP)
                          VALUES (51, 4, NULL, NULL, 3, 106.56, 0.467584, 32);
INSERT INTO EMPRESA_USUARIO_ITEM (EMPUSU_ID, TECNOLOGIA_ID, DATA_INI, DATA_FIM, FREQUENCIA, CA, DET, EXP)
                          VALUES (53, 14, NULL, NULL, 4, 15.96, 0, 6);
INSERT INTO EMPRESA_USUARIO_ITEM (EMPUSU_ID, TECNOLOGIA_ID, DATA_INI, DATA_FIM, FREQUENCIA, CA, DET, EXP)
                          VALUES (53, 40, NULL, NULL, 4, 15.96, 0, 6);
INSERT INTO EMPRESA_USUARIO_ITEM (EMPUSU_ID, TECNOLOGIA_ID, DATA_INI, DATA_FIM, FREQUENCIA, CA, DET, EXP)
                          VALUES (53, 5, NULL, NULL, 4, 15.96, 0.533632, 6);
INSERT INTO EMPRESA_USUARIO_ITEM (EMPUSU_ID, TECNOLOGIA_ID, DATA_INI, DATA_FIM, FREQUENCIA, CA, DET, EXP)
                          VALUES (53, 26, NULL, NULL, 3, 13.98, 0, 6);
INSERT INTO EMPRESA_USUARIO_ITEM (EMPUSU_ID, TECNOLOGIA_ID, DATA_INI, DATA_FIM, FREQUENCIA, CA, DET, EXP)
                          VALUES (53, 3, NULL, NULL, 3, 13.98, 0, 6);
INSERT INTO EMPRESA_USUARIO_ITEM (EMPUSU_ID, TECNOLOGIA_ID, DATA_INI, DATA_FIM, FREQUENCIA, CA, DET, EXP)
                          VALUES (52, 13, NULL, NULL, 4, 62.22, 0, 17);
INSERT INTO EMPRESA_USUARIO_ITEM (EMPUSU_ID, TECNOLOGIA_ID, DATA_INI, DATA_FIM, FREQUENCIA, CA, DET, EXP)
                          VALUES (52, 9, NULL, NULL, 3, 56.61, 0, 17);
INSERT INTO EMPRESA_USUARIO_ITEM (EMPUSU_ID, TECNOLOGIA_ID, DATA_INI, DATA_FIM, FREQUENCIA, CA, DET, EXP)
                          VALUES (52, 10, NULL, NULL, 4, 62.22, 0, 17);
INSERT INTO EMPRESA_USUARIO_ITEM (EMPUSU_ID, TECNOLOGIA_ID, DATA_INI, DATA_FIM, FREQUENCIA, CA, DET, EXP)
                          VALUES (52, 27, NULL, NULL, 4, 62.22, 0, 17);
INSERT INTO EMPRESA_USUARIO_ITEM (EMPUSU_ID, TECNOLOGIA_ID, DATA_INI, DATA_FIM, FREQUENCIA, CA, DET, EXP)
                          VALUES (52, 36, NULL, NULL, 3, 56.61, 0, 17);
INSERT INTO EMPRESA_USUARIO_ITEM (EMPUSU_ID, TECNOLOGIA_ID, DATA_INI, DATA_FIM, FREQUENCIA, CA, DET, EXP)
                          VALUES (52, 34, NULL, NULL, 4, 62.22, 0, 17);
INSERT INTO EMPRESA_USUARIO_ITEM (EMPUSU_ID, TECNOLOGIA_ID, DATA_INI, DATA_FIM, FREQUENCIA, CA, DET, EXP)
                          VALUES (54, 2, NULL, NULL, 5, 244, 0.59968, 61);
INSERT INTO EMPRESA_USUARIO_ITEM (EMPUSU_ID, TECNOLOGIA_ID, DATA_INI, DATA_FIM, FREQUENCIA, CA, DET, EXP)
                          VALUES (54, 16, NULL, NULL, 4, 223.26, 0.533632, 61);
INSERT INTO EMPRESA_USUARIO_ITEM (EMPUSU_ID, TECNOLOGIA_ID, DATA_INI, DATA_FIM, FREQUENCIA, CA, DET, EXP)
                          VALUES (54, 38, NULL, NULL, 4, 223.26, 0.533632, 61);
INSERT INTO EMPRESA_USUARIO_ITEM (EMPUSU_ID, TECNOLOGIA_ID, DATA_INI, DATA_FIM, FREQUENCIA, CA, DET, EXP)
                          VALUES (54, 37, NULL, NULL, 3, 203.13, 0.467584, 61);
INSERT INTO EMPRESA_USUARIO_ITEM (EMPUSU_ID, TECNOLOGIA_ID, DATA_INI, DATA_FIM, FREQUENCIA, CA, DET, EXP)
                          VALUES (54, 5, NULL, NULL, 4, 223.26, 0.533632, 61);
INSERT INTO EMPRESA_USUARIO_ITEM (EMPUSU_ID, TECNOLOGIA_ID, DATA_INI, DATA_FIM, FREQUENCIA, CA, DET, EXP)
                          VALUES (57, 1, NULL, NULL, 5, 456, 0.59968, 114);
INSERT INTO EMPRESA_USUARIO_ITEM (EMPUSU_ID, TECNOLOGIA_ID, DATA_INI, DATA_FIM, FREQUENCIA, CA, DET, EXP)
                          VALUES (57, 5, NULL, NULL, 5, 456, 0.59968, 114);
INSERT INTO EMPRESA_USUARIO_ITEM (EMPUSU_ID, TECNOLOGIA_ID, DATA_INI, DATA_FIM, FREQUENCIA, CA, DET, EXP)
                          VALUES (57, 26, NULL, NULL, 4, 417.24, 0.533632, 114);
INSERT INTO EMPRESA_USUARIO_ITEM (EMPUSU_ID, TECNOLOGIA_ID, DATA_INI, DATA_FIM, FREQUENCIA, CA, DET, EXP)
                          VALUES (58, 28, NULL, NULL, 5, 29.97, 0.04924, 9);
INSERT INTO EMPRESA_USUARIO_ITEM (EMPUSU_ID, TECNOLOGIA_ID, DATA_INI, DATA_FIM, FREQUENCIA, CA, DET, EXP)
                          VALUES (58, 18, NULL, NULL, 4, 27, 0, 9);
INSERT INTO EMPRESA_USUARIO_ITEM (EMPUSU_ID, TECNOLOGIA_ID, DATA_INI, DATA_FIM, FREQUENCIA, CA, DET, EXP)
                          VALUES (59, 1, NULL, NULL, 5, 43.92, 0, 12);
INSERT INTO EMPRESA_USUARIO_ITEM (EMPUSU_ID, TECNOLOGIA_ID, DATA_INI, DATA_FIM, FREQUENCIA, CA, DET, EXP)
                          VALUES (59, 17, NULL, NULL, 5, 43.92, 0, 12);
INSERT INTO EMPRESA_USUARIO_ITEM (EMPUSU_ID, TECNOLOGIA_ID, DATA_INI, DATA_FIM, FREQUENCIA, CA, DET, EXP)
                          VALUES (60, 4, NULL, NULL, 4, 252.54, 0.723094, 69);
INSERT INTO EMPRESA_USUARIO_ITEM (EMPUSU_ID, TECNOLOGIA_ID, DATA_INI, DATA_FIM, FREQUENCIA, CA, DET, EXP)
                          VALUES (60, 10, NULL, NULL, 4, 252.54, 0, 69);
INSERT INTO EMPRESA_USUARIO_ITEM (EMPUSU_ID, TECNOLOGIA_ID, DATA_INI, DATA_FIM, FREQUENCIA, CA, DET, EXP)
                          VALUES (60, 9, NULL, NULL, 4, 252.54, 0, 69);
INSERT INTO EMPRESA_USUARIO_ITEM (EMPUSU_ID, TECNOLOGIA_ID, DATA_INI, DATA_FIM, FREQUENCIA, CA, DET, EXP)
                          VALUES (60, 29, NULL, NULL, 3, 229.77, 0, 69);
INSERT INTO EMPRESA_USUARIO_ITEM (EMPUSU_ID, TECNOLOGIA_ID, DATA_INI, DATA_FIM, FREQUENCIA, CA, DET, EXP)
                          VALUES (60, 44, NULL, NULL, 3, 229.77, 0, 69);
INSERT INTO EMPRESA_USUARIO_ITEM (EMPUSU_ID, TECNOLOGIA_ID, DATA_INI, DATA_FIM, FREQUENCIA, CA, DET, EXP)
                          VALUES (60, 24, NULL, NULL, 4, 252.54, 0.732505, 69);
INSERT INTO EMPRESA_USUARIO_ITEM (EMPUSU_ID, TECNOLOGIA_ID, DATA_INI, DATA_FIM, FREQUENCIA, CA, DET, EXP)
                          VALUES (60, 43, NULL, NULL, 4, 252.54, 0, 69);
INSERT INTO EMPRESA_USUARIO_ITEM (EMPUSU_ID, TECNOLOGIA_ID, DATA_INI, DATA_FIM, FREQUENCIA, CA, DET, EXP)
                          VALUES (60, 16, NULL, NULL, 4, 252.54, 0, 69);
INSERT INTO EMPRESA_USUARIO_ITEM (EMPUSU_ID, TECNOLOGIA_ID, DATA_INI, DATA_FIM, FREQUENCIA, CA, DET, EXP)
                          VALUES (60, 58, NULL, NULL, 3, 229.77, 0.72916, 69);
INSERT INTO EMPRESA_USUARIO_ITEM (EMPUSU_ID, TECNOLOGIA_ID, DATA_INI, DATA_FIM, FREQUENCIA, CA, DET, EXP)
                          VALUES (60, 59, NULL, NULL, 3, 229.77, 0, 69);
INSERT INTO EMPRESA_USUARIO_ITEM (EMPUSU_ID, TECNOLOGIA_ID, DATA_INI, DATA_FIM, FREQUENCIA, CA, DET, EXP)
                          VALUES (60, 60, NULL, NULL, 2, 207, 0, 69);
INSERT INTO EMPRESA_USUARIO_ITEM (EMPUSU_ID, TECNOLOGIA_ID, DATA_INI, DATA_FIM, FREQUENCIA, CA, DET, EXP)
                          VALUES (61, 4, NULL, NULL, 5, 23.31, 0.723094, 7);
INSERT INTO EMPRESA_USUARIO_ITEM (EMPUSU_ID, TECNOLOGIA_ID, DATA_INI, DATA_FIM, FREQUENCIA, CA, DET, EXP)
                          VALUES (61, 5, NULL, NULL, 4, 21, 0.75043, 7);
INSERT INTO EMPRESA_USUARIO_ITEM (EMPUSU_ID, TECNOLOGIA_ID, DATA_INI, DATA_FIM, FREQUENCIA, CA, DET, EXP)
                          VALUES (61, 26, NULL, NULL, 3, 18.62, 0, 7);
INSERT INTO EMPRESA_USUARIO_ITEM (EMPUSU_ID, TECNOLOGIA_ID, DATA_INI, DATA_FIM, FREQUENCIA, CA, DET, EXP)
                          VALUES (61, 36, NULL, NULL, 4, 21, 0, 7);
INSERT INTO EMPRESA_USUARIO_ITEM (EMPUSU_ID, TECNOLOGIA_ID, DATA_INI, DATA_FIM, FREQUENCIA, CA, DET, EXP)
                          VALUES (61, 58, NULL, NULL, 4, 21, 0.72916, 7);
INSERT INTO EMPRESA_USUARIO_ITEM (EMPUSU_ID, TECNOLOGIA_ID, DATA_INI, DATA_FIM, FREQUENCIA, CA, DET, EXP)
                          VALUES (61, 38, NULL, NULL, 3, 18.62, 0, 7);
INSERT INTO EMPRESA_USUARIO_ITEM (EMPUSU_ID, TECNOLOGIA_ID, DATA_INI, DATA_FIM, FREQUENCIA, CA, DET, EXP)
                          VALUES (61, 49, NULL, NULL, 4, 21, 0, 7);
INSERT INTO EMPRESA_USUARIO_ITEM (EMPUSU_ID, TECNOLOGIA_ID, DATA_INI, DATA_FIM, FREQUENCIA, CA, DET, EXP)
                          VALUES (61, 9, NULL, NULL, 4, 21, 0, 7);
INSERT INTO EMPRESA_USUARIO_ITEM (EMPUSU_ID, TECNOLOGIA_ID, DATA_INI, DATA_FIM, FREQUENCIA, CA, DET, EXP)
                          VALUES (62, 4, NULL, NULL, 5, 142.89, 0.723094, 33);
INSERT INTO EMPRESA_USUARIO_ITEM (EMPUSU_ID, TECNOLOGIA_ID, DATA_INI, DATA_FIM, FREQUENCIA, CA, DET, EXP)
                          VALUES (62, 28, NULL, NULL, 4, 132, 0.04924, 33);
INSERT INTO EMPRESA_USUARIO_ITEM (EMPUSU_ID, TECNOLOGIA_ID, DATA_INI, DATA_FIM, FREQUENCIA, CA, DET, EXP)
                          VALUES (62, 62, NULL, NULL, 3, 120.78, 0.043736, 33);
INSERT INTO EMPRESA_USUARIO_ITEM (EMPUSU_ID, TECNOLOGIA_ID, DATA_INI, DATA_FIM, FREQUENCIA, CA, DET, EXP)
                          VALUES (62, 61, NULL, NULL, 3, 120.78, 0.043736, 33);
INSERT INTO EMPRESA_USUARIO_ITEM (EMPUSU_ID, TECNOLOGIA_ID, DATA_INI, DATA_FIM, FREQUENCIA, CA, DET, EXP)
                          VALUES (63, 4, NULL, NULL, 5, 9.32, 0.723094, 2);
INSERT INTO EMPRESA_USUARIO_ITEM (EMPUSU_ID, TECNOLOGIA_ID, DATA_INI, DATA_FIM, FREQUENCIA, CA, DET, EXP)
                          VALUES (63, 24, NULL, NULL, 4, 8.66, 0.732505, 2);
INSERT INTO EMPRESA_USUARIO_ITEM (EMPUSU_ID, TECNOLOGIA_ID, DATA_INI, DATA_FIM, FREQUENCIA, CA, DET, EXP)
                          VALUES (64, 4, NULL, NULL, 5, 36, 0.723094, 9);
INSERT INTO EMPRESA_USUARIO_ITEM (EMPUSU_ID, TECNOLOGIA_ID, DATA_INI, DATA_FIM, FREQUENCIA, CA, DET, EXP)
                          VALUES (64, 24, NULL, NULL, 5, 36, 0.732505, 9);
INSERT INTO EMPRESA_USUARIO_ITEM (EMPUSU_ID, TECNOLOGIA_ID, DATA_INI, DATA_FIM, FREQUENCIA, CA, DET, EXP)
                          VALUES (64, 58, NULL, NULL, 4, 32.94, 0.72916, 9);
INSERT INTO EMPRESA_USUARIO_ITEM (EMPUSU_ID, TECNOLOGIA_ID, DATA_INI, DATA_FIM, FREQUENCIA, CA, DET, EXP)
                          VALUES (64, 5, NULL, NULL, 4, 32.94, 0.75043, 9);
INSERT INTO EMPRESA_USUARIO_ITEM (EMPUSU_ID, TECNOLOGIA_ID, DATA_INI, DATA_FIM, FREQUENCIA, CA, DET, EXP)
                          VALUES (65, 4, NULL, NULL, 4, 24, 0.723094, 6);
INSERT INTO EMPRESA_USUARIO_ITEM (EMPUSU_ID, TECNOLOGIA_ID, DATA_INI, DATA_FIM, FREQUENCIA, CA, DET, EXP)
                          VALUES (65, 39, NULL, NULL, 4, 24, 0.89992, 6);
INSERT INTO EMPRESA_USUARIO_ITEM (EMPUSU_ID, TECNOLOGIA_ID, DATA_INI, DATA_FIM, FREQUENCIA, CA, DET, EXP)
                          VALUES (65, 24, NULL, NULL, 4, 24, 0.732505, 6);
INSERT INTO EMPRESA_USUARIO_ITEM (EMPUSU_ID, TECNOLOGIA_ID, DATA_INI, DATA_FIM, FREQUENCIA, CA, DET, EXP)
                          VALUES (65, 58, NULL, NULL, 4, 24, 0.72916, 6);
INSERT INTO EMPRESA_USUARIO_ITEM (EMPUSU_ID, TECNOLOGIA_ID, DATA_INI, DATA_FIM, FREQUENCIA, CA, DET, EXP)
                          VALUES (65, 5, NULL, NULL, 5, 25.98, 0.75043, 6);
INSERT INTO EMPRESA_USUARIO_ITEM (EMPUSU_ID, TECNOLOGIA_ID, DATA_INI, DATA_FIM, FREQUENCIA, CA, DET, EXP)
                          VALUES (66, 4, NULL, NULL, 5, 88, 0.533632, 22);
INSERT INTO EMPRESA_USUARIO_ITEM (EMPUSU_ID, TECNOLOGIA_ID, DATA_INI, DATA_FIM, FREQUENCIA, CA, DET, EXP)
                          VALUES (66, 43, NULL, NULL, 5, 88, 0, 22);
INSERT INTO EMPRESA_USUARIO_ITEM (EMPUSU_ID, TECNOLOGIA_ID, DATA_INI, DATA_FIM, FREQUENCIA, CA, DET, EXP)
                          VALUES (66, 28, NULL, NULL, 5, 88, 0.467584, 22);
INSERT INTO EMPRESA_USUARIO_ITEM (EMPUSU_ID, TECNOLOGIA_ID, DATA_INI, DATA_FIM, FREQUENCIA, CA, DET, EXP)
                          VALUES (67, 2, NULL, NULL, 4, 117.12, 0.533632, 32);
INSERT INTO EMPRESA_USUARIO_ITEM (EMPUSU_ID, TECNOLOGIA_ID, DATA_INI, DATA_FIM, FREQUENCIA, CA, DET, EXP)
                          VALUES (67, 4, NULL, NULL, 4, 117.12, 0.533632, 32);
INSERT INTO EMPRESA_USUARIO_ITEM (EMPUSU_ID, TECNOLOGIA_ID, DATA_INI, DATA_FIM, FREQUENCIA, CA, DET, EXP)
                          VALUES (67, 24, NULL, NULL, 4, 117.12, 0.533632, 32);
INSERT INTO EMPRESA_USUARIO_ITEM (EMPUSU_ID, TECNOLOGIA_ID, DATA_INI, DATA_FIM, FREQUENCIA, CA, DET, EXP)
                          VALUES (67, 5, NULL, NULL, 3, 106.56, 0.467584, 32);
INSERT INTO EMPRESA_USUARIO_ITEM (EMPUSU_ID, TECNOLOGIA_ID, DATA_INI, DATA_FIM, FREQUENCIA, CA, DET, EXP)
                          VALUES (67, 28, NULL, NULL, 3, 106.56, 0.467584, 32);
INSERT INTO EMPRESA_USUARIO_ITEM (EMPUSU_ID, TECNOLOGIA_ID, DATA_INI, DATA_FIM, FREQUENCIA, CA, DET, EXP)
                          VALUES (68, 1, NULL, NULL, 4, 51.24, 0, 14);
INSERT INTO EMPRESA_USUARIO_ITEM (EMPUSU_ID, TECNOLOGIA_ID, DATA_INI, DATA_FIM, FREQUENCIA, CA, DET, EXP)
                          VALUES (68, 13, NULL, NULL, 3, 46.62, 0, 14);
INSERT INTO EMPRESA_USUARIO_ITEM (EMPUSU_ID, TECNOLOGIA_ID, DATA_INI, DATA_FIM, FREQUENCIA, CA, DET, EXP)
                          VALUES (68, 32, NULL, NULL, 4, 51.24, 0, 14);
INSERT INTO EMPRESA_USUARIO_ITEM (EMPUSU_ID, TECNOLOGIA_ID, DATA_INI, DATA_FIM, FREQUENCIA, CA, DET, EXP)
                          VALUES (68, 34, NULL, NULL, 4, 51.24, 0, 14);
INSERT INTO EMPRESA_USUARIO_ITEM (EMPUSU_ID, TECNOLOGIA_ID, DATA_INI, DATA_FIM, FREQUENCIA, CA, DET, EXP)
                          VALUES (69, 1, NULL, NULL, 5, 106.14, 0, 29);
INSERT INTO EMPRESA_USUARIO_ITEM (EMPUSU_ID, TECNOLOGIA_ID, DATA_INI, DATA_FIM, FREQUENCIA, CA, DET, EXP)
                          VALUES (69, 5, NULL, NULL, 5, 106.14, 0.467584, 29);
INSERT INTO EMPRESA_USUARIO_ITEM (EMPUSU_ID, TECNOLOGIA_ID, DATA_INI, DATA_FIM, FREQUENCIA, CA, DET, EXP)
                          VALUES (69, 6, NULL, NULL, 5, 106.14, 0, 29);
INSERT INTO EMPRESA_USUARIO_ITEM (EMPUSU_ID, TECNOLOGIA_ID, DATA_INI, DATA_FIM, FREQUENCIA, CA, DET, EXP)
                          VALUES (69, 26, NULL, NULL, 3, 87, 0.39952, 29);
INSERT INTO EMPRESA_USUARIO_ITEM (EMPUSU_ID, TECNOLOGIA_ID, DATA_INI, DATA_FIM, FREQUENCIA, CA, DET, EXP)
                          VALUES (70, 2, NULL, NULL, 5, 44, 0.467584, 11);
INSERT INTO EMPRESA_USUARIO_ITEM (EMPUSU_ID, TECNOLOGIA_ID, DATA_INI, DATA_FIM, FREQUENCIA, CA, DET, EXP)
                          VALUES (70, 38, NULL, NULL, 4, 40.26, 0, 11);
INSERT INTO EMPRESA_USUARIO_ITEM (EMPUSU_ID, TECNOLOGIA_ID, DATA_INI, DATA_FIM, FREQUENCIA, CA, DET, EXP)
                          VALUES (70, 16, NULL, NULL, 5, 44, 0.39952, 11);
INSERT INTO EMPRESA_USUARIO_ITEM (EMPUSU_ID, TECNOLOGIA_ID, DATA_INI, DATA_FIM, FREQUENCIA, CA, DET, EXP)
                          VALUES (71, 33, NULL, NULL, 3, 237, 0.39952, 79);
INSERT INTO EMPRESA_USUARIO_ITEM (EMPUSU_ID, TECNOLOGIA_ID, DATA_INI, DATA_FIM, FREQUENCIA, CA, DET, EXP)
                          VALUES (71, 2, NULL, NULL, 4, 263.07, 0.467584, 79);
INSERT INTO EMPRESA_USUARIO_ITEM (EMPUSU_ID, TECNOLOGIA_ID, DATA_INI, DATA_FIM, FREQUENCIA, CA, DET, EXP)
                          VALUES (71, 5, NULL, NULL, 4, 263.07, 0.467584, 79);
INSERT INTO EMPRESA_USUARIO_ITEM (EMPUSU_ID, TECNOLOGIA_ID, DATA_INI, DATA_FIM, FREQUENCIA, CA, DET, EXP)
                          VALUES (71, 26, NULL, NULL, 3, 237, 0.39952, 79);
INSERT INTO EMPRESA_USUARIO_ITEM (EMPUSU_ID, TECNOLOGIA_ID, DATA_INI, DATA_FIM, FREQUENCIA, CA, DET, EXP)
                          VALUES (71, 16, NULL, NULL, 3, 237, 0.39952, 79);
INSERT INTO EMPRESA_USUARIO_ITEM (EMPUSU_ID, TECNOLOGIA_ID, DATA_INI, DATA_FIM, FREQUENCIA, CA, DET, EXP)
                          VALUES (71, 63, NULL, NULL, 3, 237, 0.39952, 79);
INSERT INTO EMPRESA_USUARIO_ITEM (EMPUSU_ID, TECNOLOGIA_ID, DATA_INI, DATA_FIM, FREQUENCIA, CA, DET, EXP)
                          VALUES (72, 1, NULL, NULL, 5, 348, 0, 87);
INSERT INTO EMPRESA_USUARIO_ITEM (EMPUSU_ID, TECNOLOGIA_ID, DATA_INI, DATA_FIM, FREQUENCIA, CA, DET, EXP)
                          VALUES (72, 5, NULL, NULL, 5, 348, 0.667744, 87);
INSERT INTO EMPRESA_USUARIO_ITEM (EMPUSU_ID, TECNOLOGIA_ID, DATA_INI, DATA_FIM, FREQUENCIA, CA, DET, EXP)
                          VALUES (72, 26, NULL, NULL, 4, 318.42, 0.59968, 87);
INSERT INTO EMPRESA_USUARIO_ITEM (EMPUSU_ID, TECNOLOGIA_ID, DATA_INI, DATA_FIM, FREQUENCIA, CA, DET, EXP)
                          VALUES (73, 57, NULL, NULL, 5, 173.2, 0.667744, 40);
INSERT INTO EMPRESA_USUARIO_ITEM (EMPUSU_ID, TECNOLOGIA_ID, DATA_INI, DATA_FIM, FREQUENCIA, CA, DET, EXP)
                          VALUES (73, 5, NULL, NULL, 5, 173.2, 0.667744, 40);
INSERT INTO EMPRESA_USUARIO_ITEM (EMPUSU_ID, TECNOLOGIA_ID, DATA_INI, DATA_FIM, FREQUENCIA, CA, DET, EXP)
                          VALUES (73, 26, NULL, NULL, 4, 160, 0.59968, 40);
INSERT INTO EMPRESA_USUARIO_ITEM (EMPUSU_ID, TECNOLOGIA_ID, DATA_INI, DATA_FIM, FREQUENCIA, CA, DET, EXP)
                          VALUES (73, 44, NULL, NULL, 4, 160, 0.59968, 40);
INSERT INTO EMPRESA_USUARIO_ITEM (EMPUSU_ID, TECNOLOGIA_ID, DATA_INI, DATA_FIM, FREQUENCIA, CA, DET, EXP)
                          VALUES (73, 4, NULL, NULL, 4, 160, 0.59968, 40);
INSERT INTO EMPRESA_USUARIO_ITEM (EMPUSU_ID, TECNOLOGIA_ID, DATA_INI, DATA_FIM, FREQUENCIA, CA, DET, EXP)
                          VALUES (74, 13, NULL, NULL, 5, 39.96, 0.59968, 12);
INSERT INTO EMPRESA_USUARIO_ITEM (EMPUSU_ID, TECNOLOGIA_ID, DATA_INI, DATA_FIM, FREQUENCIA, CA, DET, EXP)
                          VALUES (74, 9, NULL, NULL, 5, 39.96, 0.733792, 12);
INSERT INTO EMPRESA_USUARIO_ITEM (EMPUSU_ID, TECNOLOGIA_ID, DATA_INI, DATA_FIM, FREQUENCIA, CA, DET, EXP)
                          VALUES (74, 10, NULL, NULL, 4, 36, 0.667744, 12);
INSERT INTO EMPRESA_USUARIO_ITEM (EMPUSU_ID, TECNOLOGIA_ID, DATA_INI, DATA_FIM, FREQUENCIA, CA, DET, EXP)
                          VALUES (74, 34, NULL, NULL, 4, 36, 0, 12);
INSERT INTO EMPRESA_USUARIO_ITEM (EMPUSU_ID, TECNOLOGIA_ID, DATA_INI, DATA_FIM, FREQUENCIA, CA, DET, EXP)
                          VALUES (75, 2, NULL, NULL, 5, 134.23, 0, 31);
INSERT INTO EMPRESA_USUARIO_ITEM (EMPUSU_ID, TECNOLOGIA_ID, DATA_INI, DATA_FIM, FREQUENCIA, CA, DET, EXP)
                          VALUES (75, 13, NULL, NULL, 4, 124, 0.59968, 31);
INSERT INTO EMPRESA_USUARIO_ITEM (EMPUSU_ID, TECNOLOGIA_ID, DATA_INI, DATA_FIM, FREQUENCIA, CA, DET, EXP)
                          VALUES (75, 9, NULL, NULL, 5, 134.23, 0.733792, 31);
INSERT INTO EMPRESA_USUARIO_ITEM (EMPUSU_ID, TECNOLOGIA_ID, DATA_INI, DATA_FIM, FREQUENCIA, CA, DET, EXP)
                          VALUES (75, 34, NULL, NULL, 5, 134.23, 0, 31);
INSERT INTO EMPRESA_USUARIO_ITEM (EMPUSU_ID, TECNOLOGIA_ID, DATA_INI, DATA_FIM, FREQUENCIA, CA, DET, EXP)
                          VALUES (75, 32, NULL, NULL, 4, 124, 0, 31);
INSERT INTO EMPRESA_USUARIO_ITEM (EMPUSU_ID, TECNOLOGIA_ID, DATA_INI, DATA_FIM, FREQUENCIA, CA, DET, EXP)
                          VALUES (75, 5, NULL, NULL, 4, 124, 0, 31);
INSERT INTO EMPRESA_USUARIO_ITEM (EMPUSU_ID, TECNOLOGIA_ID, DATA_INI, DATA_FIM, FREQUENCIA, CA, DET, EXP)
                          VALUES (75, 4, NULL, NULL, 5, 134.23, 0.59968, 31);
INSERT INTO EMPRESA_USUARIO_ITEM (EMPUSU_ID, TECNOLOGIA_ID, DATA_INI, DATA_FIM, FREQUENCIA, CA, DET, EXP)
                          VALUES (76, 33, NULL, NULL, 2, 248.88, 0.533632, 68);
INSERT INTO EMPRESA_USUARIO_ITEM (EMPUSU_ID, TECNOLOGIA_ID, DATA_INI, DATA_FIM, FREQUENCIA, CA, DET, EXP)
                          VALUES (76, 11, NULL, NULL, 3, 272, 0.59968, 68);
INSERT INTO EMPRESA_USUARIO_ITEM (EMPUSU_ID, TECNOLOGIA_ID, DATA_INI, DATA_FIM, FREQUENCIA, CA, DET, EXP)
                          VALUES (76, 4, NULL, NULL, 3, 272, 0.59968, 68);
INSERT INTO EMPRESA_USUARIO_ITEM (EMPUSU_ID, TECNOLOGIA_ID, DATA_INI, DATA_FIM, FREQUENCIA, CA, DET, EXP)
                          VALUES (76, 36, NULL, NULL, 4, 294.44, 0.667744, 68);
INSERT INTO EMPRESA_USUARIO_ITEM (EMPUSU_ID, TECNOLOGIA_ID, DATA_INI, DATA_FIM, FREQUENCIA, CA, DET, EXP)
                          VALUES (76, 10, NULL, NULL, 4, 294.44, 0.667744, 68);
INSERT INTO EMPRESA_USUARIO_ITEM (EMPUSU_ID, TECNOLOGIA_ID, DATA_INI, DATA_FIM, FREQUENCIA, CA, DET, EXP)
                          VALUES (76, 13, NULL, NULL, 3, 272, 0.59968, 68);
INSERT INTO EMPRESA_USUARIO_ITEM (EMPUSU_ID, TECNOLOGIA_ID, DATA_INI, DATA_FIM, FREQUENCIA, CA, DET, EXP)
                          VALUES (76, 45, NULL, NULL, 3, 272, 0.59968, 68);
INSERT INTO EMPRESA_USUARIO_ITEM (EMPUSU_ID, TECNOLOGIA_ID, DATA_INI, DATA_FIM, FREQUENCIA, CA, DET, EXP)
                          VALUES (76, 8, NULL, NULL, 4, 294.44, 0.667744, 68);
INSERT INTO EMPRESA_USUARIO_ITEM (EMPUSU_ID, TECNOLOGIA_ID, DATA_INI, DATA_FIM, FREQUENCIA, CA, DET, EXP)
                          VALUES (76, 9, NULL, NULL, 5, 316.88, 0.733792, 68);
INSERT INTO EMPRESA_USUARIO_ITEM (EMPUSU_ID, TECNOLOGIA_ID, DATA_INI, DATA_FIM, FREQUENCIA, CA, DET, EXP)
                          VALUES (76, 12, NULL, NULL, 3, 272, 0.59968, 68);
INSERT INTO EMPRESA_USUARIO_ITEM (EMPUSU_ID, TECNOLOGIA_ID, DATA_INI, DATA_FIM, FREQUENCIA, CA, DET, EXP)
                          VALUES (76, 64, NULL, NULL, 3, 272, 0.59968, 68);
INSERT INTO EMPRESA_USUARIO_ITEM (EMPUSU_ID, TECNOLOGIA_ID, DATA_INI, DATA_FIM, FREQUENCIA, CA, DET, EXP)
                          VALUES (77, 4, NULL, NULL, 4, 219.78, 0.667744, 66);
INSERT INTO EMPRESA_USUARIO_ITEM (EMPUSU_ID, TECNOLOGIA_ID, DATA_INI, DATA_FIM, FREQUENCIA, CA, DET, EXP)
                          VALUES (77, 24, NULL, NULL, 4, 219.78, 0.59968, 66);
INSERT INTO EMPRESA_USUARIO_ITEM (EMPUSU_ID, TECNOLOGIA_ID, DATA_INI, DATA_FIM, FREQUENCIA, CA, DET, EXP)
                          VALUES (77, 43, NULL, NULL, 3, 198, 0.59968, 66);
INSERT INTO EMPRESA_USUARIO_ITEM (EMPUSU_ID, TECNOLOGIA_ID, DATA_INI, DATA_FIM, FREQUENCIA, CA, DET, EXP)
                          VALUES (77, 23, NULL, NULL, 5, 241.56, 0, 66);
INSERT INTO EMPRESA_USUARIO_ITEM (EMPUSU_ID, TECNOLOGIA_ID, DATA_INI, DATA_FIM, FREQUENCIA, CA, DET, EXP)
                          VALUES (77, 29, NULL, NULL, 3, 198, 0, 66);
INSERT INTO EMPRESA_USUARIO_ITEM (EMPUSU_ID, TECNOLOGIA_ID, DATA_INI, DATA_FIM, FREQUENCIA, CA, DET, EXP)
                          VALUES (77, 44, NULL, NULL, 3, 198, 0, 66);
INSERT INTO EMPRESA_USUARIO_ITEM (EMPUSU_ID, TECNOLOGIA_ID, DATA_INI, DATA_FIM, FREQUENCIA, CA, DET, EXP)
                          VALUES (77, 16, NULL, NULL, 5, 241.56, 0, 66);
INSERT INTO EMPRESA_USUARIO_ITEM (EMPUSU_ID, TECNOLOGIA_ID, DATA_INI, DATA_FIM, FREQUENCIA, CA, DET, EXP)
                          VALUES (78, 4, NULL, NULL, 5, 194.85, 0.667744, 45);
INSERT INTO EMPRESA_USUARIO_ITEM (EMPUSU_ID, TECNOLOGIA_ID, DATA_INI, DATA_FIM, FREQUENCIA, CA, DET, EXP)
                          VALUES (78, 43, NULL, NULL, 4, 180, 0.59968, 45);
INSERT INTO EMPRESA_USUARIO_ITEM (EMPUSU_ID, TECNOLOGIA_ID, DATA_INI, DATA_FIM, FREQUENCIA, CA, DET, EXP)
                          VALUES (78, 24, NULL, NULL, 4, 180, 0.59968, 45);
INSERT INTO EMPRESA_USUARIO_ITEM (EMPUSU_ID, TECNOLOGIA_ID, DATA_INI, DATA_FIM, FREQUENCIA, CA, DET, EXP)
                          VALUES (79, 4, NULL, NULL, 5, 112, 0.77816, 28);
INSERT INTO EMPRESA_USUARIO_ITEM (EMPUSU_ID, TECNOLOGIA_ID, DATA_INI, DATA_FIM, FREQUENCIA, CA, DET, EXP)
                          VALUES (79, 43, NULL, NULL, 4, 102.48, 0, 28);
INSERT INTO EMPRESA_USUARIO_ITEM (EMPUSU_ID, TECNOLOGIA_ID, DATA_INI, DATA_FIM, FREQUENCIA, CA, DET, EXP)
                          VALUES (79, 24, NULL, NULL, 4, 102.48, 0.72312, 28);
INSERT INTO EMPRESA_USUARIO_ITEM (EMPUSU_ID, TECNOLOGIA_ID, DATA_INI, DATA_FIM, FREQUENCIA, CA, DET, EXP)
                          VALUES (79, 16, NULL, NULL, 5, 112, 0, 28);
INSERT INTO EMPRESA_USUARIO_ITEM (EMPUSU_ID, TECNOLOGIA_ID, DATA_INI, DATA_FIM, FREQUENCIA, CA, DET, EXP)
                          VALUES (79, 23, NULL, NULL, 5, 112, 0, 28);
INSERT INTO EMPRESA_USUARIO_ITEM (EMPUSU_ID, TECNOLOGIA_ID, DATA_INI, DATA_FIM, FREQUENCIA, CA, DET, EXP)
                          VALUES (79, 1, NULL, NULL, 3, 93.24, 0, 28);
INSERT INTO EMPRESA_USUARIO_ITEM (EMPUSU_ID, TECNOLOGIA_ID, DATA_INI, DATA_FIM, FREQUENCIA, CA, DET, EXP)
                          VALUES (79, 5, NULL, NULL, 4, 102.48, 0.889248, 28);
INSERT INTO EMPRESA_USUARIO_ITEM (EMPUSU_ID, TECNOLOGIA_ID, DATA_INI, DATA_FIM, FREQUENCIA, CA, DET, EXP)
                          VALUES (79, 66, NULL, NULL, 3, 93.24, 0, 28);
INSERT INTO EMPRESA_USUARIO_ITEM (EMPUSU_ID, TECNOLOGIA_ID, DATA_INI, DATA_FIM, FREQUENCIA, CA, DET, EXP)
                          VALUES (79, 65, NULL, NULL, 4, 102.48, 0, 28);
INSERT INTO EMPRESA_USUARIO_ITEM (EMPUSU_ID, TECNOLOGIA_ID, DATA_INI, DATA_FIM, FREQUENCIA, CA, DET, EXP)
                          VALUES (80, 4, NULL, NULL, 5, 60.58, 0.77816, 13);
INSERT INTO EMPRESA_USUARIO_ITEM (EMPUSU_ID, TECNOLOGIA_ID, DATA_INI, DATA_FIM, FREQUENCIA, CA, DET, EXP)
                          VALUES (80, 14, NULL, NULL, 4, 56.29, 0, 13);
INSERT INTO EMPRESA_USUARIO_ITEM (EMPUSU_ID, TECNOLOGIA_ID, DATA_INI, DATA_FIM, FREQUENCIA, CA, DET, EXP)
                          VALUES (80, 5, NULL, NULL, 4, 56.29, 0.889248, 13);
INSERT INTO EMPRESA_USUARIO_ITEM (EMPUSU_ID, TECNOLOGIA_ID, DATA_INI, DATA_FIM, FREQUENCIA, CA, DET, EXP)
                          VALUES (80, 71, NULL, NULL, 3, 52, 0, 13);
INSERT INTO EMPRESA_USUARIO_ITEM (EMPUSU_ID, TECNOLOGIA_ID, DATA_INI, DATA_FIM, FREQUENCIA, CA, DET, EXP)
                          VALUES (80, 70, NULL, NULL, 3, 52, 0, 13);
INSERT INTO EMPRESA_USUARIO_ITEM (EMPUSU_ID, TECNOLOGIA_ID, DATA_INI, DATA_FIM, FREQUENCIA, CA, DET, EXP)
                          VALUES (80, 69, NULL, NULL, 4, 56.29, 0, 13);
INSERT INTO EMPRESA_USUARIO_ITEM (EMPUSU_ID, TECNOLOGIA_ID, DATA_INI, DATA_FIM, FREQUENCIA, CA, DET, EXP)
                          VALUES (80, 68, NULL, NULL, 3, 52, 0, 13);
INSERT INTO EMPRESA_USUARIO_ITEM (EMPUSU_ID, TECNOLOGIA_ID, DATA_INI, DATA_FIM, FREQUENCIA, CA, DET, EXP)
                          VALUES (81, 4, NULL, NULL, 5, 25.62, 0.77816, 7);
INSERT INTO EMPRESA_USUARIO_ITEM (EMPUSU_ID, TECNOLOGIA_ID, DATA_INI, DATA_FIM, FREQUENCIA, CA, DET, EXP)
                          VALUES (81, 23, NULL, NULL, 5, 25.62, 0, 7);
INSERT INTO EMPRESA_USUARIO_ITEM (EMPUSU_ID, TECNOLOGIA_ID, DATA_INI, DATA_FIM, FREQUENCIA, CA, DET, EXP)
                          VALUES (81, 16, NULL, NULL, 5, 25.62, 0, 7);
INSERT INTO EMPRESA_USUARIO_ITEM (EMPUSU_ID, TECNOLOGIA_ID, DATA_INI, DATA_FIM, FREQUENCIA, CA, DET, EXP)
                          VALUES (81, 10, NULL, NULL, 5, 25.62, 0, 7);
INSERT INTO EMPRESA_USUARIO_ITEM (EMPUSU_ID, TECNOLOGIA_ID, DATA_INI, DATA_FIM, FREQUENCIA, CA, DET, EXP)
                          VALUES (82, 4, NULL, NULL, 5, 48, 0.77816, 12);
INSERT INTO EMPRESA_USUARIO_ITEM (EMPUSU_ID, TECNOLOGIA_ID, DATA_INI, DATA_FIM, FREQUENCIA, CA, DET, EXP)
                          VALUES (82, 28, NULL, NULL, 5, 48, 0, 12);
INSERT INTO EMPRESA_USUARIO_ITEM (EMPUSU_ID, TECNOLOGIA_ID, DATA_INI, DATA_FIM, FREQUENCIA, CA, DET, EXP)
                          VALUES (82, 23, NULL, NULL, 5, 48, 0, 12);
INSERT INTO EMPRESA_USUARIO_ITEM (EMPUSU_ID, TECNOLOGIA_ID, DATA_INI, DATA_FIM, FREQUENCIA, CA, DET, EXP)
                          VALUES (82, 10, NULL, NULL, 4, 43.92, 0, 12);
INSERT INTO EMPRESA_USUARIO_ITEM (EMPUSU_ID, TECNOLOGIA_ID, DATA_INI, DATA_FIM, FREQUENCIA, CA, DET, EXP)
                          VALUES (82, 24, NULL, NULL, 5, 48, 0.72312, 12);
INSERT INTO EMPRESA_USUARIO_ITEM (EMPUSU_ID, TECNOLOGIA_ID, DATA_INI, DATA_FIM, FREQUENCIA, CA, DET, EXP)
                          VALUES (82, 31, NULL, NULL, 4, 43.92, 0.366496, 12);
INSERT INTO EMPRESA_USUARIO_ITEM (EMPUSU_ID, TECNOLOGIA_ID, DATA_INI, DATA_FIM, FREQUENCIA, CA, DET, EXP)
                          VALUES (82, 72, NULL, NULL, 3, 39.96, 0, 12);
INSERT INTO EMPRESA_USUARIO_ITEM (EMPUSU_ID, TECNOLOGIA_ID, DATA_INI, DATA_FIM, FREQUENCIA, CA, DET, EXP)
                          VALUES (83, 4, NULL, NULL, 5, 6.66, 0.77816, 2);
INSERT INTO EMPRESA_USUARIO_ITEM (EMPUSU_ID, TECNOLOGIA_ID, DATA_INI, DATA_FIM, FREQUENCIA, CA, DET, EXP)
                          VALUES (83, 10, NULL, NULL, 4, 6, 0, 2);
INSERT INTO EMPRESA_USUARIO_ITEM (EMPUSU_ID, TECNOLOGIA_ID, DATA_INI, DATA_FIM, FREQUENCIA, CA, DET, EXP)
                          VALUES (83, 9, NULL, NULL, 4, 6, 0, 2);
INSERT INTO EMPRESA_USUARIO_ITEM (EMPUSU_ID, TECNOLOGIA_ID, DATA_INI, DATA_FIM, FREQUENCIA, CA, DET, EXP)
                          VALUES (84, 4, NULL, NULL, 5, 92, 0.77816, 23);
INSERT INTO EMPRESA_USUARIO_ITEM (EMPUSU_ID, TECNOLOGIA_ID, DATA_INI, DATA_FIM, FREQUENCIA, CA, DET, EXP)
                          VALUES (84, 44, NULL, NULL, 5, 92, 0, 23);
INSERT INTO EMPRESA_USUARIO_ITEM (EMPUSU_ID, TECNOLOGIA_ID, DATA_INI, DATA_FIM, FREQUENCIA, CA, DET, EXP)
                          VALUES (84, 5, NULL, NULL, 5, 92, 0.889248, 23);
INSERT INTO EMPRESA_USUARIO_ITEM (EMPUSU_ID, TECNOLOGIA_ID, DATA_INI, DATA_FIM, FREQUENCIA, CA, DET, EXP)
                          VALUES (84, 26, NULL, NULL, 5, 92, 0, 23);
INSERT INTO EMPRESA_USUARIO_ITEM (EMPUSU_ID, TECNOLOGIA_ID, DATA_INI, DATA_FIM, FREQUENCIA, CA, DET, EXP)
                          VALUES (85, 74, NULL, NULL, 5, 60, 0.39952, 12);
INSERT INTO EMPRESA_USUARIO_ITEM (EMPUSU_ID, TECNOLOGIA_ID, DATA_INI, DATA_FIM, FREQUENCIA, CA, DET, EXP)
                          VALUES (85, 4, NULL, NULL, 5, 60, 0.77816, 12);
INSERT INTO EMPRESA_USUARIO_ITEM (EMPUSU_ID, TECNOLOGIA_ID, DATA_INI, DATA_FIM, FREQUENCIA, CA, DET, EXP)
                          VALUES (85, 78, NULL, NULL, 3, 51.96, 0.333472, 12);
INSERT INTO EMPRESA_USUARIO_ITEM (EMPUSU_ID, TECNOLOGIA_ID, DATA_INI, DATA_FIM, FREQUENCIA, CA, DET, EXP)
                          VALUES (85, 75, NULL, NULL, 4, 55.92, 0.366496, 12);
INSERT INTO EMPRESA_USUARIO_ITEM (EMPUSU_ID, TECNOLOGIA_ID, DATA_INI, DATA_FIM, FREQUENCIA, CA, DET, EXP)
                          VALUES (85, 73, NULL, NULL, 3, 51.96, 0.333472, 12);
INSERT INTO EMPRESA_USUARIO_ITEM (EMPUSU_ID, TECNOLOGIA_ID, DATA_INI, DATA_FIM, FREQUENCIA, CA, DET, EXP)
                          VALUES (85, 76, NULL, NULL, 4, 55.92, 0.366496, 12);
INSERT INTO EMPRESA_USUARIO_ITEM (EMPUSU_ID, TECNOLOGIA_ID, DATA_INI, DATA_FIM, FREQUENCIA, CA, DET, EXP)
                          VALUES (85, 77, NULL, NULL, 4, 55.92, 0.366496, 12);
INSERT INTO EMPRESA_USUARIO_ITEM (EMPUSU_ID, TECNOLOGIA_ID, DATA_INI, DATA_FIM, FREQUENCIA, CA, DET, EXP)
                          VALUES (85, 31, NULL, NULL, 4, 55.92, 0.366496, 12);
INSERT INTO EMPRESA_USUARIO_ITEM (EMPUSU_ID, TECNOLOGIA_ID, DATA_INI, DATA_FIM, FREQUENCIA, CA, DET, EXP)
                          VALUES (85, 24, NULL, NULL, 3, 51.96, 0.72312, 12);
INSERT INTO EMPRESA_USUARIO_ITEM (EMPUSU_ID, TECNOLOGIA_ID, DATA_INI, DATA_FIM, FREQUENCIA, CA, DET, EXP)
                          VALUES (86, 4, NULL, NULL, 5, 34.64, 0.77816, 8);
INSERT INTO EMPRESA_USUARIO_ITEM (EMPUSU_ID, TECNOLOGIA_ID, DATA_INI, DATA_FIM, FREQUENCIA, CA, DET, EXP)
                          VALUES (86, 24, NULL, NULL, 5, 34.64, 0.72312, 8);
INSERT INTO EMPRESA_USUARIO_ITEM (EMPUSU_ID, TECNOLOGIA_ID, DATA_INI, DATA_FIM, FREQUENCIA, CA, DET, EXP)
                          VALUES (86, 5, NULL, NULL, 5, 34.64, 0.889248, 8);
INSERT INTO EMPRESA_USUARIO_ITEM (EMPUSU_ID, TECNOLOGIA_ID, DATA_INI, DATA_FIM, FREQUENCIA, CA, DET, EXP)
                          VALUES (87, 80, NULL, NULL, 5, 26.64, 0.077264, 8);
INSERT INTO EMPRESA_USUARIO_ITEM (EMPUSU_ID, TECNOLOGIA_ID, DATA_INI, DATA_FIM, FREQUENCIA, CA, DET, EXP)
                          VALUES (87, 79, NULL, NULL, 2, 18.64, 0.043904, 8);
INSERT INTO EMPRESA_USUARIO_ITEM (EMPUSU_ID, TECNOLOGIA_ID, DATA_INI, DATA_FIM, FREQUENCIA, CA, DET, EXP)
                          VALUES (88, 28, NULL, NULL, 4, 9.99, 0.75022, 3);
INSERT INTO EMPRESA_USUARIO_ITEM (EMPUSU_ID, TECNOLOGIA_ID, DATA_INI, DATA_FIM, FREQUENCIA, CA, DET, EXP)
                          VALUES (88, 4, NULL, NULL, 4, 9.99, 0.669656, 3);
INSERT INTO EMPRESA_USUARIO_ITEM (EMPUSU_ID, TECNOLOGIA_ID, DATA_INI, DATA_FIM, FREQUENCIA, CA, DET, EXP)
                          VALUES (88, 29, NULL, NULL, 4, 9.99, 0.75022, 3);
INSERT INTO EMPRESA_USUARIO_ITEM (EMPUSU_ID, TECNOLOGIA_ID, DATA_INI, DATA_FIM, FREQUENCIA, CA, DET, EXP)
                          VALUES (88, 31, NULL, NULL, 3, 9, 0.73604, 3);
INSERT INTO EMPRESA_USUARIO_ITEM (EMPUSU_ID, TECNOLOGIA_ID, DATA_INI, DATA_FIM, FREQUENCIA, CA, DET, EXP)
                          VALUES (88, 27, NULL, NULL, 4, 9.99, 0.75022, 3);
INSERT INTO EMPRESA_USUARIO_ITEM (EMPUSU_ID, TECNOLOGIA_ID, DATA_INI, DATA_FIM, FREQUENCIA, CA, DET, EXP)
                          VALUES (88, 10, NULL, NULL, 4, 9.99, 0.75022, 3);
INSERT INTO EMPRESA_USUARIO_ITEM (EMPUSU_ID, TECNOLOGIA_ID, DATA_INI, DATA_FIM, FREQUENCIA, CA, DET, EXP)
                          VALUES (88, 9, NULL, NULL, 4, 9.99, 0.75022, 3);
INSERT INTO EMPRESA_USUARIO_ITEM (EMPUSU_ID, TECNOLOGIA_ID, DATA_INI, DATA_FIM, FREQUENCIA, CA, DET, EXP)
                          VALUES (88, 30, NULL, NULL, 4, 9.99, 0.266248, 3);
INSERT INTO EMPRESA_USUARIO_ITEM (EMPUSU_ID, TECNOLOGIA_ID, DATA_INI, DATA_FIM, FREQUENCIA, CA, DET, EXP)
                          VALUES (89, 28, NULL, NULL, 4, 25.62, 0.75022, 7);
INSERT INTO EMPRESA_USUARIO_ITEM (EMPUSU_ID, TECNOLOGIA_ID, DATA_INI, DATA_FIM, FREQUENCIA, CA, DET, EXP)
                          VALUES (89, 4, NULL, NULL, 4, 25.62, 0.669656, 7);
INSERT INTO EMPRESA_USUARIO_ITEM (EMPUSU_ID, TECNOLOGIA_ID, DATA_INI, DATA_FIM, FREQUENCIA, CA, DET, EXP)
                          VALUES (89, 10, NULL, NULL, 4, 25.62, 0.75022, 7);
INSERT INTO EMPRESA_USUARIO_ITEM (EMPUSU_ID, TECNOLOGIA_ID, DATA_INI, DATA_FIM, FREQUENCIA, CA, DET, EXP)
                          VALUES (89, 61, NULL, NULL, 5, 28, 0.54964, 7);
INSERT INTO EMPRESA_USUARIO_ITEM (EMPUSU_ID, TECNOLOGIA_ID, DATA_INI, DATA_FIM, FREQUENCIA, CA, DET, EXP)
                          VALUES (89, 31, NULL, NULL, 4, 25.62, 0.73604, 7);
INSERT INTO EMPRESA_USUARIO_ITEM (EMPUSU_ID, TECNOLOGIA_ID, DATA_INI, DATA_FIM, FREQUENCIA, CA, DET, EXP)
                          VALUES (89, 27, NULL, NULL, 4, 25.62, 0.75022, 7);
INSERT INTO EMPRESA_USUARIO_ITEM (EMPUSU_ID, TECNOLOGIA_ID, DATA_INI, DATA_FIM, FREQUENCIA, CA, DET, EXP)
                          VALUES (89, 29, NULL, NULL, 4, 25.62, 0.75022, 7);
INSERT INTO EMPRESA_USUARIO_ITEM (EMPUSU_ID, TECNOLOGIA_ID, DATA_INI, DATA_FIM, FREQUENCIA, CA, DET, EXP)
                          VALUES (89, 9, NULL, NULL, 4, 25.62, 0.75022, 7);
INSERT INTO EMPRESA_USUARIO_ITEM (EMPUSU_ID, TECNOLOGIA_ID, DATA_INI, DATA_FIM, FREQUENCIA, CA, DET, EXP)
                          VALUES (90, 4, NULL, NULL, 5, 28, 0.669656, 7);
INSERT INTO EMPRESA_USUARIO_ITEM (EMPUSU_ID, TECNOLOGIA_ID, DATA_INI, DATA_FIM, FREQUENCIA, CA, DET, EXP)
                          VALUES (90, 5, NULL, NULL, 5, 28, 0.88324, 7);
INSERT INTO EMPRESA_USUARIO_ITEM (EMPUSU_ID, TECNOLOGIA_ID, DATA_INI, DATA_FIM, FREQUENCIA, CA, DET, EXP)
                          VALUES (90, 26, NULL, NULL, 4, 25.62, 0.863976, 7);
INSERT INTO EMPRESA_USUARIO_ITEM (EMPUSU_ID, TECNOLOGIA_ID, DATA_INI, DATA_FIM, FREQUENCIA, CA, DET, EXP)
                          VALUES (90, 44, NULL, NULL, 4, 25.62, 0.863976, 7);
INSERT INTO EMPRESA_USUARIO_ITEM (EMPUSU_ID, TECNOLOGIA_ID, DATA_INI, DATA_FIM, FREQUENCIA, CA, DET, EXP)
                          VALUES (91, 4, NULL, NULL, 4, 108, 0.648974, 27);
INSERT INTO EMPRESA_USUARIO_ITEM (EMPUSU_ID, TECNOLOGIA_ID, DATA_INI, DATA_FIM, FREQUENCIA, CA, DET, EXP)
                          VALUES (91, 31, NULL, NULL, 4, 108, 0.61636, 27);
INSERT INTO EMPRESA_USUARIO_ITEM (EMPUSU_ID, TECNOLOGIA_ID, DATA_INI, DATA_FIM, FREQUENCIA, CA, DET, EXP)
                          VALUES (91, 29, NULL, NULL, 4, 108, 0.61636, 27);
INSERT INTO EMPRESA_USUARIO_ITEM (EMPUSU_ID, TECNOLOGIA_ID, DATA_INI, DATA_FIM, FREQUENCIA, CA, DET, EXP)
                          VALUES (91, 9, NULL, NULL, 4, 108, 0.61636, 27);
INSERT INTO EMPRESA_USUARIO_ITEM (EMPUSU_ID, TECNOLOGIA_ID, DATA_INI, DATA_FIM, FREQUENCIA, CA, DET, EXP)
                          VALUES (91, 10, NULL, NULL, 4, 108, 0.61636, 27);
INSERT INTO EMPRESA_USUARIO_ITEM (EMPUSU_ID, TECNOLOGIA_ID, DATA_INI, DATA_FIM, FREQUENCIA, CA, DET, EXP)
                          VALUES (91, 30, NULL, NULL, 4, 108, 0.584712, 27);
INSERT INTO EMPRESA_USUARIO_ITEM (EMPUSU_ID, TECNOLOGIA_ID, DATA_INI, DATA_FIM, FREQUENCIA, CA, DET, EXP)
                          VALUES (91, 28, NULL, NULL, 4, 108, 0.61636, 27);
INSERT INTO EMPRESA_USUARIO_ITEM (EMPUSU_ID, TECNOLOGIA_ID, DATA_INI, DATA_FIM, FREQUENCIA, CA, DET, EXP)
                          VALUES (91, 61, NULL, NULL, 4, 108, 0.61636, 27);
INSERT INTO EMPRESA_USUARIO_ITEM (EMPUSU_ID, TECNOLOGIA_ID, DATA_INI, DATA_FIM, FREQUENCIA, CA, DET, EXP)
                          VALUES (92, 4, NULL, NULL, 5, 64.95, 0.648974, 15);
INSERT INTO EMPRESA_USUARIO_ITEM (EMPUSU_ID, TECNOLOGIA_ID, DATA_INI, DATA_FIM, FREQUENCIA, CA, DET, EXP)
                          VALUES (92, 31, NULL, NULL, 4, 60, 0.61636, 15);
INSERT INTO EMPRESA_USUARIO_ITEM (EMPUSU_ID, TECNOLOGIA_ID, DATA_INI, DATA_FIM, FREQUENCIA, CA, DET, EXP)
                          VALUES (92, 29, NULL, NULL, 4, 60, 0.61636, 15);
INSERT INTO EMPRESA_USUARIO_ITEM (EMPUSU_ID, TECNOLOGIA_ID, DATA_INI, DATA_FIM, FREQUENCIA, CA, DET, EXP)
                          VALUES (92, 27, NULL, NULL, 4, 60, 0.7498, 15);
INSERT INTO EMPRESA_USUARIO_ITEM (EMPUSU_ID, TECNOLOGIA_ID, DATA_INI, DATA_FIM, FREQUENCIA, CA, DET, EXP)
                          VALUES (92, 9, NULL, NULL, 4, 60, 0.61636, 15);
INSERT INTO EMPRESA_USUARIO_ITEM (EMPUSU_ID, TECNOLOGIA_ID, DATA_INI, DATA_FIM, FREQUENCIA, CA, DET, EXP)
                          VALUES (92, 10, NULL, NULL, 4, 60, 0.61636, 15);
INSERT INTO EMPRESA_USUARIO_ITEM (EMPUSU_ID, TECNOLOGIA_ID, DATA_INI, DATA_FIM, FREQUENCIA, CA, DET, EXP)
                          VALUES (92, 28, NULL, NULL, 4, 60, 0.61636, 15);
INSERT INTO EMPRESA_USUARIO_ITEM (EMPUSU_ID, TECNOLOGIA_ID, DATA_INI, DATA_FIM, FREQUENCIA, CA, DET, EXP)
                          VALUES (92, 61, NULL, NULL, 4, 60, 0.61636, 15);
INSERT INTO EMPRESA_USUARIO_ITEM (EMPUSU_ID, TECNOLOGIA_ID, DATA_INI, DATA_FIM, FREQUENCIA, CA, DET, EXP)
                          VALUES (92, 30, NULL, NULL, 3, 54.9, 0.584712, 15);
INSERT INTO EMPRESA_USUARIO_ITEM (EMPUSU_ID, TECNOLOGIA_ID, DATA_INI, DATA_FIM, FREQUENCIA, CA, DET, EXP)
                          VALUES (93, 4, NULL, NULL, 5, 135, 0.553064, 27);
INSERT INTO EMPRESA_USUARIO_ITEM (EMPUSU_ID, TECNOLOGIA_ID, DATA_INI, DATA_FIM, FREQUENCIA, CA, DET, EXP)
                          VALUES (93, 10, NULL, NULL, 5, 135, 0.553064, 27);
INSERT INTO EMPRESA_USUARIO_ITEM (EMPUSU_ID, TECNOLOGIA_ID, DATA_INI, DATA_FIM, FREQUENCIA, CA, DET, EXP)
                          VALUES (93, 9, NULL, NULL, 5, 135, 0.553064, 27);
INSERT INTO EMPRESA_USUARIO_ITEM (EMPUSU_ID, TECNOLOGIA_ID, DATA_INI, DATA_FIM, FREQUENCIA, CA, DET, EXP)
                          VALUES (93, 24, NULL, NULL, 5, 135, 0, 27);
INSERT INTO EMPRESA_USUARIO_ITEM (EMPUSU_ID, TECNOLOGIA_ID, DATA_INI, DATA_FIM, FREQUENCIA, CA, DET, EXP)
                          VALUES (93, 23, NULL, NULL, 5, 135, 0, 27);
INSERT INTO EMPRESA_USUARIO_ITEM (EMPUSU_ID, TECNOLOGIA_ID, DATA_INI, DATA_FIM, FREQUENCIA, CA, DET, EXP)
                          VALUES (93, 32, NULL, NULL, 5, 135, 0, 27);
INSERT INTO EMPRESA_USUARIO_ITEM (EMPUSU_ID, TECNOLOGIA_ID, DATA_INI, DATA_FIM, FREQUENCIA, CA, DET, EXP)
                          VALUES (94, 4, NULL, NULL, 4, 69.54, 0.553064, 19);
INSERT INTO EMPRESA_USUARIO_ITEM (EMPUSU_ID, TECNOLOGIA_ID, DATA_INI, DATA_FIM, FREQUENCIA, CA, DET, EXP)
                          VALUES (94, 31, NULL, NULL, 4, 69.54, 0.553064, 19);
INSERT INTO EMPRESA_USUARIO_ITEM (EMPUSU_ID, TECNOLOGIA_ID, DATA_INI, DATA_FIM, FREQUENCIA, CA, DET, EXP)
                          VALUES (94, 29, NULL, NULL, 4, 69.54, 0.553064, 19);
INSERT INTO EMPRESA_USUARIO_ITEM (EMPUSU_ID, TECNOLOGIA_ID, DATA_INI, DATA_FIM, FREQUENCIA, CA, DET, EXP)
                          VALUES (94, 27, NULL, NULL, 3, 63.27, 0.521416, 19);
INSERT INTO EMPRESA_USUARIO_ITEM (EMPUSU_ID, TECNOLOGIA_ID, DATA_INI, DATA_FIM, FREQUENCIA, CA, DET, EXP)
                          VALUES (94, 9, NULL, NULL, 4, 69.54, 0.553064, 19);
INSERT INTO EMPRESA_USUARIO_ITEM (EMPUSU_ID, TECNOLOGIA_ID, DATA_INI, DATA_FIM, FREQUENCIA, CA, DET, EXP)
                          VALUES (94, 10, NULL, NULL, 4, 69.54, 0.553064, 19);
INSERT INTO EMPRESA_USUARIO_ITEM (EMPUSU_ID, TECNOLOGIA_ID, DATA_INI, DATA_FIM, FREQUENCIA, CA, DET, EXP)
                          VALUES (94, 30, NULL, NULL, 4, 69.54, 0.177344, 19);
INSERT INTO EMPRESA_USUARIO_ITEM (EMPUSU_ID, TECNOLOGIA_ID, DATA_INI, DATA_FIM, FREQUENCIA, CA, DET, EXP)
                          VALUES (94, 28, NULL, NULL, 4, 69.54, 0.553064, 19);
INSERT INTO EMPRESA_USUARIO_ITEM (EMPUSU_ID, TECNOLOGIA_ID, DATA_INI, DATA_FIM, FREQUENCIA, CA, DET, EXP)
                          VALUES (95, 4, NULL, NULL, 4, 54.9, 0.553064, 15);
INSERT INTO EMPRESA_USUARIO_ITEM (EMPUSU_ID, TECNOLOGIA_ID, DATA_INI, DATA_FIM, FREQUENCIA, CA, DET, EXP)
                          VALUES (95, 31, NULL, NULL, 4, 54.9, 0.553064, 15);
INSERT INTO EMPRESA_USUARIO_ITEM (EMPUSU_ID, TECNOLOGIA_ID, DATA_INI, DATA_FIM, FREQUENCIA, CA, DET, EXP)
                          VALUES (95, 29, NULL, NULL, 4, 54.9, 0.553064, 15);
INSERT INTO EMPRESA_USUARIO_ITEM (EMPUSU_ID, TECNOLOGIA_ID, DATA_INI, DATA_FIM, FREQUENCIA, CA, DET, EXP)
                          VALUES (95, 27, NULL, NULL, 4, 54.9, 0.521416, 15);
INSERT INTO EMPRESA_USUARIO_ITEM (EMPUSU_ID, TECNOLOGIA_ID, DATA_INI, DATA_FIM, FREQUENCIA, CA, DET, EXP)
                          VALUES (95, 9, NULL, NULL, 4, 54.9, 0.553064, 15);
INSERT INTO EMPRESA_USUARIO_ITEM (EMPUSU_ID, TECNOLOGIA_ID, DATA_INI, DATA_FIM, FREQUENCIA, CA, DET, EXP)
                          VALUES (95, 10, NULL, NULL, 4, 54.9, 0.553064, 15);
INSERT INTO EMPRESA_USUARIO_ITEM (EMPUSU_ID, TECNOLOGIA_ID, DATA_INI, DATA_FIM, FREQUENCIA, CA, DET, EXP)
                          VALUES (95, 28, NULL, NULL, 4, 54.9, 0.553064, 15);
INSERT INTO EMPRESA_USUARIO_ITEM (EMPUSU_ID, TECNOLOGIA_ID, DATA_INI, DATA_FIM, FREQUENCIA, CA, DET, EXP)
                          VALUES (96, 2, NULL, NULL, 5, 167.76, 0.56716, 36);
INSERT INTO EMPRESA_USUARIO_ITEM (EMPUSU_ID, TECNOLOGIA_ID, DATA_INI, DATA_FIM, FREQUENCIA, CA, DET, EXP)
                          VALUES (96, 9, NULL, NULL, 4, 155.88, 0.550648, 36);
INSERT INTO EMPRESA_USUARIO_ITEM (EMPUSU_ID, TECNOLOGIA_ID, DATA_INI, DATA_FIM, FREQUENCIA, CA, DET, EXP)
                          VALUES (96, 10, NULL, NULL, 4, 155.88, 0.534136, 36);
INSERT INTO EMPRESA_USUARIO_ITEM (EMPUSU_ID, TECNOLOGIA_ID, DATA_INI, DATA_FIM, FREQUENCIA, CA, DET, EXP)
                          VALUES (97, 2, NULL, NULL, 4, 21.96, 0.56716, 6);
INSERT INTO EMPRESA_USUARIO_ITEM (EMPUSU_ID, TECNOLOGIA_ID, DATA_INI, DATA_FIM, FREQUENCIA, CA, DET, EXP)
                          VALUES (97, 3, NULL, NULL, 3, 19.98, 0.574996, 6);
INSERT INTO EMPRESA_USUARIO_ITEM (EMPUSU_ID, TECNOLOGIA_ID, DATA_INI, DATA_FIM, FREQUENCIA, CA, DET, EXP)
                          VALUES (97, 16, NULL, NULL, 5, 24, 0.844544, 6);
INSERT INTO EMPRESA_USUARIO_ITEM (EMPUSU_ID, TECNOLOGIA_ID, DATA_INI, DATA_FIM, FREQUENCIA, CA, DET, EXP)
                          VALUES (97, 9, NULL, NULL, 4, 21.96, 0.550648, 6);
INSERT INTO EMPRESA_USUARIO_ITEM (EMPUSU_ID, TECNOLOGIA_ID, DATA_INI, DATA_FIM, FREQUENCIA, CA, DET, EXP)
                          VALUES (97, 10, NULL, NULL, 4, 21.96, 0.534136, 6);
INSERT INTO EMPRESA_USUARIO_ITEM (EMPUSU_ID, TECNOLOGIA_ID, DATA_INI, DATA_FIM, FREQUENCIA, CA, DET, EXP)
                          VALUES (98, 2, NULL, NULL, 4, 6.66, 0.56716, 2);
INSERT INTO EMPRESA_USUARIO_ITEM (EMPUSU_ID, TECNOLOGIA_ID, DATA_INI, DATA_FIM, FREQUENCIA, CA, DET, EXP)
                          VALUES (98, 16, NULL, NULL, 4, 6.66, 0.844544, 2);
INSERT INTO EMPRESA_USUARIO_ITEM (EMPUSU_ID, TECNOLOGIA_ID, DATA_INI, DATA_FIM, FREQUENCIA, CA, DET, EXP)
                          VALUES (98, 9, NULL, NULL, 4, 6.66, 0.550648, 2);
INSERT INTO EMPRESA_USUARIO_ITEM (EMPUSU_ID, TECNOLOGIA_ID, DATA_INI, DATA_FIM, FREQUENCIA, CA, DET, EXP)
                          VALUES (98, 10, NULL, NULL, 4, 6.66, 0.534136, 2);
INSERT INTO EMPRESA_USUARIO_ITEM (EMPUSU_ID, TECNOLOGIA_ID, DATA_INI, DATA_FIM, FREQUENCIA, CA, DET, EXP)
                          VALUES (99, 2, NULL, NULL, 5, 245.22, 0.56716, 67);
INSERT INTO EMPRESA_USUARIO_ITEM (EMPUSU_ID, TECNOLOGIA_ID, DATA_INI, DATA_FIM, FREQUENCIA, CA, DET, EXP)
                          VALUES (99, 9, NULL, NULL, 5, 245.22, 0.550648, 67);
INSERT INTO EMPRESA_USUARIO_ITEM (EMPUSU_ID, TECNOLOGIA_ID, DATA_INI, DATA_FIM, FREQUENCIA, CA, DET, EXP)
                          VALUES (99, 10, NULL, NULL, 4, 223.11, 0.534136, 67);
INSERT INTO EMPRESA_USUARIO_ITEM (EMPUSU_ID, TECNOLOGIA_ID, DATA_INI, DATA_FIM, FREQUENCIA, CA, DET, EXP)
                          VALUES (100, 4, NULL, NULL, 4, 36.63, 0.59968, 11);
INSERT INTO EMPRESA_USUARIO_ITEM (EMPUSU_ID, TECNOLOGIA_ID, DATA_INI, DATA_FIM, FREQUENCIA, CA, DET, EXP)
                          VALUES (100, 9, NULL, NULL, 4, 36.63, 0.533632, 11);
INSERT INTO EMPRESA_USUARIO_ITEM (EMPUSU_ID, TECNOLOGIA_ID, DATA_INI, DATA_FIM, FREQUENCIA, CA, DET, EXP)
                          VALUES (100, 10, NULL, NULL, 4, 36.63, 0.533632, 11);
INSERT INTO EMPRESA_USUARIO_ITEM (EMPUSU_ID, TECNOLOGIA_ID, DATA_INI, DATA_FIM, FREQUENCIA, CA, DET, EXP)
                          VALUES (100, 34, NULL, NULL, 3, 33, 0, 11);
INSERT INTO EMPRESA_USUARIO_ITEM (EMPUSU_ID, TECNOLOGIA_ID, DATA_INI, DATA_FIM, FREQUENCIA, CA, DET, EXP)
                          VALUES (101, 4, NULL, NULL, 4, 516, 0.59968, 129);
INSERT INTO EMPRESA_USUARIO_ITEM (EMPUSU_ID, TECNOLOGIA_ID, DATA_INI, DATA_FIM, FREQUENCIA, CA, DET, EXP)
                          VALUES (101, 24, NULL, NULL, 4, 516, 0.59968, 129);
INSERT INTO EMPRESA_USUARIO_ITEM (EMPUSU_ID, TECNOLOGIA_ID, DATA_INI, DATA_FIM, FREQUENCIA, CA, DET, EXP)
                          VALUES (101, 43, NULL, NULL, 5, 558.57, 0.667744, 129);
INSERT INTO EMPRESA_USUARIO_ITEM (EMPUSU_ID, TECNOLOGIA_ID, DATA_INI, DATA_FIM, FREQUENCIA, CA, DET, EXP)
                          VALUES (101, 9, NULL, NULL, 3, 472.14, 0.533632, 129);
INSERT INTO EMPRESA_USUARIO_ITEM (EMPUSU_ID, TECNOLOGIA_ID, DATA_INI, DATA_FIM, FREQUENCIA, CA, DET, EXP)
                          VALUES (101, 10, NULL, NULL, 3, 472.14, 0.533632, 129);
INSERT INTO EMPRESA_USUARIO_ITEM (EMPUSU_ID, TECNOLOGIA_ID, DATA_INI, DATA_FIM, FREQUENCIA, CA, DET, EXP)
                          VALUES (101, 25, NULL, NULL, 4, 516, 0.59968, 129);
INSERT INTO EMPRESA_USUARIO_ITEM (EMPUSU_ID, TECNOLOGIA_ID, DATA_INI, DATA_FIM, FREQUENCIA, CA, DET, EXP)
                          VALUES (101, 42, NULL, NULL, 4, 516, 0.59968, 129);
INSERT INTO EMPRESA_USUARIO_ITEM (EMPUSU_ID, TECNOLOGIA_ID, DATA_INI, DATA_FIM, FREQUENCIA, CA, DET, EXP)
                          VALUES (101, 31, NULL, NULL, 3, 472.14, 0.533632, 129);
INSERT INTO EMPRESA_USUARIO_ITEM (EMPUSU_ID, TECNOLOGIA_ID, DATA_INI, DATA_FIM, FREQUENCIA, CA, DET, EXP)
                          VALUES (101, 29, NULL, NULL, 4, 516, 0.59968, 129);
INSERT INTO EMPRESA_USUARIO_ITEM (EMPUSU_ID, TECNOLOGIA_ID, DATA_INI, DATA_FIM, FREQUENCIA, CA, DET, EXP)
                          VALUES (101, 32, NULL, NULL, 4, 516, 0.59968, 129);
INSERT INTO EMPRESA_USUARIO_ITEM (EMPUSU_ID, TECNOLOGIA_ID, DATA_INI, DATA_FIM, FREQUENCIA, CA, DET, EXP)
                          VALUES (102, 13, NULL, NULL, 5, 43.92, 0, 12);
INSERT INTO EMPRESA_USUARIO_ITEM (EMPUSU_ID, TECNOLOGIA_ID, DATA_INI, DATA_FIM, FREQUENCIA, CA, DET, EXP)
                          VALUES (102, 9, NULL, NULL, 4, 39.96, 0.59968, 12);
INSERT INTO EMPRESA_USUARIO_ITEM (EMPUSU_ID, TECNOLOGIA_ID, DATA_INI, DATA_FIM, FREQUENCIA, CA, DET, EXP)
                          VALUES (102, 10, NULL, NULL, 4, 39.96, 0.533632, 12);
INSERT INTO EMPRESA_USUARIO_ITEM (EMPUSU_ID, TECNOLOGIA_ID, DATA_INI, DATA_FIM, FREQUENCIA, CA, DET, EXP)
                          VALUES (102, 34, NULL, NULL, 4, 39.96, 0, 12);
INSERT INTO EMPRESA_USUARIO_ITEM (EMPUSU_ID, TECNOLOGIA_ID, DATA_INI, DATA_FIM, FREQUENCIA, CA, DET, EXP)
                          VALUES (103, 57, NULL, NULL, 5, 80.52, 0, 22);
INSERT INTO EMPRESA_USUARIO_ITEM (EMPUSU_ID, TECNOLOGIA_ID, DATA_INI, DATA_FIM, FREQUENCIA, CA, DET, EXP)
                          VALUES (103, 5, NULL, NULL, 5, 80.52, 0, 22);
INSERT INTO EMPRESA_USUARIO_ITEM (EMPUSU_ID, TECNOLOGIA_ID, DATA_INI, DATA_FIM, FREQUENCIA, CA, DET, EXP)
                          VALUES (103, 26, NULL, NULL, 5, 80.52, 0, 22);
INSERT INTO EMPRESA_USUARIO_ITEM (EMPUSU_ID, TECNOLOGIA_ID, DATA_INI, DATA_FIM, FREQUENCIA, CA, DET, EXP)
                          VALUES (104, 3, NULL, NULL, 5, 100, 0.4996, 25);
INSERT INTO EMPRESA_USUARIO_ITEM (EMPUSU_ID, TECNOLOGIA_ID, DATA_INI, DATA_FIM, FREQUENCIA, CA, DET, EXP)
                          VALUES (104, 16, NULL, NULL, 5, 100, 0.4996, 25);
INSERT INTO EMPRESA_USUARIO_ITEM (EMPUSU_ID, TECNOLOGIA_ID, DATA_INI, DATA_FIM, FREQUENCIA, CA, DET, EXP)
                          VALUES (104, 38, NULL, NULL, 4, 91.5, 0.11596, 25);
INSERT INTO EMPRESA_USUARIO_ITEM (EMPUSU_ID, TECNOLOGIA_ID, DATA_INI, DATA_FIM, FREQUENCIA, CA, DET, EXP)
                          VALUES (104, 14, NULL, NULL, 3, 83.25, 0, 25);
INSERT INTO EMPRESA_USUARIO_ITEM (EMPUSU_ID, TECNOLOGIA_ID, DATA_INI, DATA_FIM, FREQUENCIA, CA, DET, EXP)
                          VALUES (105, 2, NULL, NULL, 5, 106.14, 0.135812, 29);
INSERT INTO EMPRESA_USUARIO_ITEM (EMPUSU_ID, TECNOLOGIA_ID, DATA_INI, DATA_FIM, FREQUENCIA, CA, DET, EXP)
                          VALUES (105, 16, NULL, NULL, 5, 106.14, 0.4996, 29);
INSERT INTO EMPRESA_USUARIO_ITEM (EMPUSU_ID, TECNOLOGIA_ID, DATA_INI, DATA_FIM, FREQUENCIA, CA, DET, EXP)
                          VALUES (105, 67, NULL, NULL, 3, 87, 0, 29);
INSERT INTO EMPRESA_USUARIO_ITEM (EMPUSU_ID, TECNOLOGIA_ID, DATA_INI, DATA_FIM, FREQUENCIA, CA, DET, EXP)
                          VALUES (106, 2, NULL, NULL, 4, 93.24, 0.135812, 28);
INSERT INTO EMPRESA_USUARIO_ITEM (EMPUSU_ID, TECNOLOGIA_ID, DATA_INI, DATA_FIM, FREQUENCIA, CA, DET, EXP)
                          VALUES (106, 3, NULL, NULL, 3, 84, 0.4996, 28);
INSERT INTO EMPRESA_USUARIO_ITEM (EMPUSU_ID, TECNOLOGIA_ID, DATA_INI, DATA_FIM, FREQUENCIA, CA, DET, EXP)
                          VALUES (106, 16, NULL, NULL, 3, 84, 0.4996, 28);
INSERT INTO EMPRESA_USUARIO_ITEM (EMPUSU_ID, TECNOLOGIA_ID, DATA_INI, DATA_FIM, FREQUENCIA, CA, DET, EXP)
                          VALUES (106, 38, NULL, NULL, 3, 84, 0.11596, 28);
INSERT INTO EMPRESA_USUARIO_ITEM (EMPUSU_ID, TECNOLOGIA_ID, DATA_INI, DATA_FIM, FREQUENCIA, CA, DET, EXP)
                          VALUES (107, 3, NULL, NULL, 5, 536, 0.4996, 134);
INSERT INTO EMPRESA_USUARIO_ITEM (EMPUSU_ID, TECNOLOGIA_ID, DATA_INI, DATA_FIM, FREQUENCIA, CA, DET, EXP)
                          VALUES (107, 9, NULL, NULL, 5, 536, 0.59968, 134);
INSERT INTO EMPRESA_USUARIO_ITEM (EMPUSU_ID, TECNOLOGIA_ID, DATA_INI, DATA_FIM, FREQUENCIA, CA, DET, EXP)
                          VALUES (107, 10, NULL, NULL, 4, 490.44, 0.533632, 134);
INSERT INTO EMPRESA_USUARIO_ITEM (EMPUSU_ID, TECNOLOGIA_ID, DATA_INI, DATA_FIM, FREQUENCIA, CA, DET, EXP)
                          VALUES (107, 16, NULL, NULL, 5, 536, 0.4996, 134);
INSERT INTO EMPRESA_USUARIO_ITEM (EMPUSU_ID, TECNOLOGIA_ID, DATA_INI, DATA_FIM, FREQUENCIA, CA, DET, EXP)
                          VALUES (108, 13, NULL, NULL, 5, 10.98, 0.733792, 3);
INSERT INTO EMPRESA_USUARIO_ITEM (EMPUSU_ID, TECNOLOGIA_ID, DATA_INI, DATA_FIM, FREQUENCIA, CA, DET, EXP)
                          VALUES (108, 10, NULL, NULL, 4, 9.99, 0.733792, 3);
INSERT INTO EMPRESA_USUARIO_ITEM (EMPUSU_ID, TECNOLOGIA_ID, DATA_INI, DATA_FIM, FREQUENCIA, CA, DET, EXP)
                          VALUES (108, 9, NULL, NULL, 4, 9.99, 0.733792, 3);
INSERT INTO EMPRESA_USUARIO_ITEM (EMPUSU_ID, TECNOLOGIA_ID, DATA_INI, DATA_FIM, FREQUENCIA, CA, DET, EXP)
                          VALUES (108, 34, NULL, NULL, 3, 9, 0, 3);
INSERT INTO EMPRESA_USUARIO_ITEM (EMPUSU_ID, TECNOLOGIA_ID, DATA_INI, DATA_FIM, FREQUENCIA, CA, DET, EXP)
                          VALUES (109, 13, NULL, NULL, 5, 120, 0.733792, 30);
INSERT INTO EMPRESA_USUARIO_ITEM (EMPUSU_ID, TECNOLOGIA_ID, DATA_INI, DATA_FIM, FREQUENCIA, CA, DET, EXP)
                          VALUES (109, 4, NULL, NULL, 3, 99.9, 0, 30);
INSERT INTO EMPRESA_USUARIO_ITEM (EMPUSU_ID, TECNOLOGIA_ID, DATA_INI, DATA_FIM, FREQUENCIA, CA, DET, EXP)
                          VALUES (109, 34, NULL, NULL, 3, 99.9, 0, 30);
INSERT INTO EMPRESA_USUARIO_ITEM (EMPUSU_ID, TECNOLOGIA_ID, DATA_INI, DATA_FIM, FREQUENCIA, CA, DET, EXP)
                          VALUES (109, 2, NULL, NULL, 4, 109.8, 0, 30);
INSERT INTO EMPRESA_USUARIO_ITEM (EMPUSU_ID, TECNOLOGIA_ID, DATA_INI, DATA_FIM, FREQUENCIA, CA, DET, EXP)
                          VALUES (110, 4, NULL, NULL, 5, 21.96, 0, 6);
INSERT INTO EMPRESA_USUARIO_ITEM (EMPUSU_ID, TECNOLOGIA_ID, DATA_INI, DATA_FIM, FREQUENCIA, CA, DET, EXP)
                          VALUES (110, 10, NULL, NULL, 4, 19.98, 0.733792, 6);
INSERT INTO EMPRESA_USUARIO_ITEM (EMPUSU_ID, TECNOLOGIA_ID, DATA_INI, DATA_FIM, FREQUENCIA, CA, DET, EXP)
                          VALUES (110, 9, NULL, NULL, 4, 19.98, 0.733792, 6);
INSERT INTO EMPRESA_USUARIO_ITEM (EMPUSU_ID, TECNOLOGIA_ID, DATA_INI, DATA_FIM, FREQUENCIA, CA, DET, EXP)
                          VALUES (110, 16, NULL, NULL, 4, 19.98, 0, 6);
INSERT INTO EMPRESA_USUARIO_ITEM (EMPUSU_ID, TECNOLOGIA_ID, DATA_INI, DATA_FIM, FREQUENCIA, CA, DET, EXP)
                          VALUES (111, 13, NULL, NULL, 5, 167.76, 0.733792, 36);
INSERT INTO EMPRESA_USUARIO_ITEM (EMPUSU_ID, TECNOLOGIA_ID, DATA_INI, DATA_FIM, FREQUENCIA, CA, DET, EXP)
                          VALUES (111, 45, NULL, NULL, 4, 155.88, 0.667744, 36);
INSERT INTO EMPRESA_USUARIO_ITEM (EMPUSU_ID, TECNOLOGIA_ID, DATA_INI, DATA_FIM, FREQUENCIA, CA, DET, EXP)
                          VALUES (111, 20, NULL, NULL, 4, 155.88, 0.667744, 36);
INSERT INTO EMPRESA_USUARIO_ITEM (EMPUSU_ID, TECNOLOGIA_ID, DATA_INI, DATA_FIM, FREQUENCIA, CA, DET, EXP)
                          VALUES (111, 8, NULL, NULL, 4, 155.88, 0.667744, 36);
INSERT INTO EMPRESA_USUARIO_ITEM (EMPUSU_ID, TECNOLOGIA_ID, DATA_INI, DATA_FIM, FREQUENCIA, CA, DET, EXP)
                          VALUES (111, 7, NULL, NULL, 4, 155.88, 0.667744, 36);
INSERT INTO EMPRESA_USUARIO_ITEM (EMPUSU_ID, TECNOLOGIA_ID, DATA_INI, DATA_FIM, FREQUENCIA, CA, DET, EXP)
                          VALUES (111, 35, NULL, NULL, 3, 144, 0.59968, 36);
INSERT INTO EMPRESA_USUARIO_ITEM (EMPUSU_ID, TECNOLOGIA_ID, DATA_INI, DATA_FIM, FREQUENCIA, CA, DET, EXP)
                          VALUES (111, 9, NULL, NULL, 5, 167.76, 0.733792, 36);
INSERT INTO EMPRESA_USUARIO_ITEM (EMPUSU_ID, TECNOLOGIA_ID, DATA_INI, DATA_FIM, FREQUENCIA, CA, DET, EXP)
                          VALUES (111, 10, NULL, NULL, 5, 167.76, 0.733792, 36);
INSERT INTO EMPRESA_USUARIO_ITEM (EMPUSU_ID, TECNOLOGIA_ID, DATA_INI, DATA_FIM, FREQUENCIA, CA, DET, EXP)
                          VALUES (112, 1, NULL, NULL, 5, 76.86, 0, 21);
INSERT INTO EMPRESA_USUARIO_ITEM (EMPUSU_ID, TECNOLOGIA_ID, DATA_INI, DATA_FIM, FREQUENCIA, CA, DET, EXP)
                          VALUES (112, 17, NULL, NULL, 4, 69.93, 0, 21);
INSERT INTO EMPRESA_USUARIO_ITEM (EMPUSU_ID, TECNOLOGIA_ID, DATA_INI, DATA_FIM, FREQUENCIA, CA, DET, EXP)
                          VALUES (113, 13, NULL, NULL, 5, 135.42, 0.59968, 37);
INSERT INTO EMPRESA_USUARIO_ITEM (EMPUSU_ID, TECNOLOGIA_ID, DATA_INI, DATA_FIM, FREQUENCIA, CA, DET, EXP)
                          VALUES (113, 34, NULL, NULL, 4, 123.21, 0.59968, 37);
INSERT INTO EMPRESA_USUARIO_ITEM (EMPUSU_ID, TECNOLOGIA_ID, DATA_INI, DATA_FIM, FREQUENCIA, CA, DET, EXP)
                          VALUES (113, 9, NULL, NULL, 4, 123.21, 0, 37);
INSERT INTO EMPRESA_USUARIO_ITEM (EMPUSU_ID, TECNOLOGIA_ID, DATA_INI, DATA_FIM, FREQUENCIA, CA, DET, EXP)
                          VALUES (114, 13, NULL, NULL, 5, 36, 0.59968, 12);
INSERT INTO EMPRESA_USUARIO_ITEM (EMPUSU_ID, TECNOLOGIA_ID, DATA_INI, DATA_FIM, FREQUENCIA, CA, DET, EXP)
                          VALUES (114, 9, NULL, NULL, 4, 31.92, 0, 12);
INSERT INTO EMPRESA_USUARIO_ITEM (EMPUSU_ID, TECNOLOGIA_ID, DATA_INI, DATA_FIM, FREQUENCIA, CA, DET, EXP)
                          VALUES (115, 2, NULL, NULL, 5, 72, 0, 18);
INSERT INTO EMPRESA_USUARIO_ITEM (EMPUSU_ID, TECNOLOGIA_ID, DATA_INI, DATA_FIM, FREQUENCIA, CA, DET, EXP)
                          VALUES (115, 16, NULL, NULL, 4, 65.88, 0.59968, 18);
INSERT INTO EMPRESA_USUARIO_ITEM (EMPUSU_ID, TECNOLOGIA_ID, DATA_INI, DATA_FIM, FREQUENCIA, CA, DET, EXP)
                          VALUES (116, 13, NULL, NULL, 4, 144, 0.59968, 36);
INSERT INTO EMPRESA_USUARIO_ITEM (EMPUSU_ID, TECNOLOGIA_ID, DATA_INI, DATA_FIM, FREQUENCIA, CA, DET, EXP)
                          VALUES (116, 67, NULL, NULL, 3, 131.76, 0.533632, 36);
INSERT INTO EMPRESA_USUARIO_ITEM (EMPUSU_ID, TECNOLOGIA_ID, DATA_INI, DATA_FIM, FREQUENCIA, CA, DET, EXP)
                          VALUES (116, 3, NULL, NULL, 3, 131.76, 0.533632, 36);
INSERT INTO EMPRESA_USUARIO_ITEM (EMPUSU_ID, TECNOLOGIA_ID, DATA_INI, DATA_FIM, FREQUENCIA, CA, DET, EXP)
                          VALUES (116, 34, NULL, NULL, 4, 144, 0.59968, 36);
INSERT INTO EMPRESA_USUARIO_ITEM (EMPUSU_ID, TECNOLOGIA_ID, DATA_INI, DATA_FIM, FREQUENCIA, CA, DET, EXP)
                          VALUES (116, 16, NULL, NULL, 4, 144, 0.59968, 36);
INSERT INTO EMPRESA_USUARIO_ITEM (EMPUSU_ID, TECNOLOGIA_ID, DATA_INI, DATA_FIM, FREQUENCIA, CA, DET, EXP)
                          VALUES (117, 3, NULL, NULL, 4, 12, 0.311456, 4);
INSERT INTO EMPRESA_USUARIO_ITEM (EMPUSU_ID, TECNOLOGIA_ID, DATA_INI, DATA_FIM, FREQUENCIA, CA, DET, EXP)
                          VALUES (117, 16, NULL, NULL, 3, 10.64, 0.521416, 4);
INSERT INTO EMPRESA_USUARIO_ITEM (EMPUSU_ID, TECNOLOGIA_ID, DATA_INI, DATA_FIM, FREQUENCIA, CA, DET, EXP)
                          VALUES (117, 67, NULL, NULL, 3, 10.64, 0.488802, 4);


COMMIT WORK;

INSERT INTO EMPRESA_USUARIO_ITEM (EMPUSU_ID, TECNOLOGIA_ID, DATA_INI, DATA_FIM, FREQUENCIA, CA, DET, EXP)
                          VALUES (118, 67, NULL, NULL, 3, 83.25, 0.488802, 25);
INSERT INTO EMPRESA_USUARIO_ITEM (EMPUSU_ID, TECNOLOGIA_ID, DATA_INI, DATA_FIM, FREQUENCIA, CA, DET, EXP)
                          VALUES (118, 2, NULL, NULL, 4, 91.5, 0.903092, 25);
INSERT INTO EMPRESA_USUARIO_ITEM (EMPUSU_ID, TECNOLOGIA_ID, DATA_INI, DATA_FIM, FREQUENCIA, CA, DET, EXP)
                          VALUES (118, 16, NULL, NULL, 4, 91.5, 0.521416, 25);
INSERT INTO EMPRESA_USUARIO_ITEM (EMPUSU_ID, TECNOLOGIA_ID, DATA_INI, DATA_FIM, FREQUENCIA, CA, DET, EXP)
                          VALUES (118, 36, NULL, NULL, 4, 91.5, 0.88324, 25);
INSERT INTO EMPRESA_USUARIO_ITEM (EMPUSU_ID, TECNOLOGIA_ID, DATA_INI, DATA_FIM, FREQUENCIA, CA, DET, EXP)
                          VALUES (117, 81, NULL, NULL, 4, 12, 0, 4);
INSERT INTO EMPRESA_USUARIO_ITEM (EMPUSU_ID, TECNOLOGIA_ID, DATA_INI, DATA_FIM, FREQUENCIA, CA, DET, EXP)
                          VALUES (118, 81, NULL, NULL, 4, 91.5, 0, 25);
INSERT INTO EMPRESA_USUARIO_ITEM (EMPUSU_ID, TECNOLOGIA_ID, DATA_INI, DATA_FIM, FREQUENCIA, CA, DET, EXP)
                          VALUES (119, 4, NULL, NULL, 3, 43.29, 0, 13);
INSERT INTO EMPRESA_USUARIO_ITEM (EMPUSU_ID, TECNOLOGIA_ID, DATA_INI, DATA_FIM, FREQUENCIA, CA, DET, EXP)
                          VALUES (119, 2, NULL, NULL, 4, 47.58, 0.903092, 13);
INSERT INTO EMPRESA_USUARIO_ITEM (EMPUSU_ID, TECNOLOGIA_ID, DATA_INI, DATA_FIM, FREQUENCIA, CA, DET, EXP)
                          VALUES (119, 67, NULL, NULL, 3, 43.29, 0.488802, 13);
INSERT INTO EMPRESA_USUARIO_ITEM (EMPUSU_ID, TECNOLOGIA_ID, DATA_INI, DATA_FIM, FREQUENCIA, CA, DET, EXP)
                          VALUES (119, 10, NULL, NULL, 4, 47.58, 0, 13);
INSERT INTO EMPRESA_USUARIO_ITEM (EMPUSU_ID, TECNOLOGIA_ID, DATA_INI, DATA_FIM, FREQUENCIA, CA, DET, EXP)
                          VALUES (119, 9, NULL, NULL, 4, 47.58, 0, 13);
INSERT INTO EMPRESA_USUARIO_ITEM (EMPUSU_ID, TECNOLOGIA_ID, DATA_INI, DATA_FIM, FREQUENCIA, CA, DET, EXP)
                          VALUES (119, 36, NULL, NULL, 4, 47.58, 0.88324, 13);
INSERT INTO EMPRESA_USUARIO_ITEM (EMPUSU_ID, TECNOLOGIA_ID, DATA_INI, DATA_FIM, FREQUENCIA, CA, DET, EXP)
                          VALUES (119, 27, NULL, NULL, 4, 47.58, 0, 13);
INSERT INTO EMPRESA_USUARIO_ITEM (EMPUSU_ID, TECNOLOGIA_ID, DATA_INI, DATA_FIM, FREQUENCIA, CA, DET, EXP)
                          VALUES (119, 39, NULL, NULL, 3, 43.29, 0, 13);
INSERT INTO EMPRESA_USUARIO_ITEM (EMPUSU_ID, TECNOLOGIA_ID, DATA_INI, DATA_FIM, FREQUENCIA, CA, DET, EXP)
                          VALUES (119, 41, NULL, NULL, 3, 43.29, 0, 13);
INSERT INTO EMPRESA_USUARIO_ITEM (EMPUSU_ID, TECNOLOGIA_ID, DATA_INI, DATA_FIM, FREQUENCIA, CA, DET, EXP)
                          VALUES (119, 16, NULL, NULL, 4, 47.58, 0.521416, 13);
INSERT INTO EMPRESA_USUARIO_ITEM (EMPUSU_ID, TECNOLOGIA_ID, DATA_INI, DATA_FIM, FREQUENCIA, CA, DET, EXP)
                          VALUES (120, 67, NULL, NULL, 3, 15, 0.488802, 5);
INSERT INTO EMPRESA_USUARIO_ITEM (EMPUSU_ID, TECNOLOGIA_ID, DATA_INI, DATA_FIM, FREQUENCIA, CA, DET, EXP)
                          VALUES (120, 2, NULL, NULL, 4, 16.65, 0.903092, 5);
INSERT INTO EMPRESA_USUARIO_ITEM (EMPUSU_ID, TECNOLOGIA_ID, DATA_INI, DATA_FIM, FREQUENCIA, CA, DET, EXP)
                          VALUES (120, 16, NULL, NULL, 4, 16.65, 0.521416, 5);
INSERT INTO EMPRESA_USUARIO_ITEM (EMPUSU_ID, TECNOLOGIA_ID, DATA_INI, DATA_FIM, FREQUENCIA, CA, DET, EXP)
                          VALUES (121, 67, NULL, NULL, 3, 54, 0.488802, 18);
INSERT INTO EMPRESA_USUARIO_ITEM (EMPUSU_ID, TECNOLOGIA_ID, DATA_INI, DATA_FIM, FREQUENCIA, CA, DET, EXP)
                          VALUES (121, 3, NULL, NULL, 4, 59.94, 0.311456, 18);
INSERT INTO EMPRESA_USUARIO_ITEM (EMPUSU_ID, TECNOLOGIA_ID, DATA_INI, DATA_FIM, FREQUENCIA, CA, DET, EXP)
                          VALUES (121, 37, NULL, NULL, 4, 59.94, 0.553064, 18);
INSERT INTO EMPRESA_USUARIO_ITEM (EMPUSU_ID, TECNOLOGIA_ID, DATA_INI, DATA_FIM, FREQUENCIA, CA, DET, EXP)
                          VALUES (121, 16, NULL, NULL, 4, 59.94, 0.521416, 18);
INSERT INTO EMPRESA_USUARIO_ITEM (EMPUSU_ID, TECNOLOGIA_ID, DATA_INI, DATA_FIM, FREQUENCIA, CA, DET, EXP)
                          VALUES (122, 2, NULL, NULL, 5, 30.31, 0.903092, 7);
INSERT INTO EMPRESA_USUARIO_ITEM (EMPUSU_ID, TECNOLOGIA_ID, DATA_INI, DATA_FIM, FREQUENCIA, CA, DET, EXP)
                          VALUES (122, 67, NULL, NULL, 3, 25.62, 0.488802, 7);
INSERT INTO EMPRESA_USUARIO_ITEM (EMPUSU_ID, TECNOLOGIA_ID, DATA_INI, DATA_FIM, FREQUENCIA, CA, DET, EXP)
                          VALUES (122, 36, NULL, NULL, 4, 28, 0.88324, 7);
INSERT INTO EMPRESA_USUARIO_ITEM (EMPUSU_ID, TECNOLOGIA_ID, DATA_INI, DATA_FIM, FREQUENCIA, CA, DET, EXP)
                          VALUES (122, 37, NULL, NULL, 4, 28, 0.553064, 7);
INSERT INTO EMPRESA_USUARIO_ITEM (EMPUSU_ID, TECNOLOGIA_ID, DATA_INI, DATA_FIM, FREQUENCIA, CA, DET, EXP)
                          VALUES (122, 16, NULL, NULL, 3, 25.62, 0.521416, 7);
INSERT INTO EMPRESA_USUARIO_ITEM (EMPUSU_ID, TECNOLOGIA_ID, DATA_INI, DATA_FIM, FREQUENCIA, CA, DET, EXP)
                          VALUES (123, 2, NULL, NULL, 5, 26.64, 0.61346, 8);
INSERT INTO EMPRESA_USUARIO_ITEM (EMPUSU_ID, TECNOLOGIA_ID, DATA_INI, DATA_FIM, FREQUENCIA, CA, DET, EXP)
                          VALUES (123, 10, NULL, NULL, 4, 24, 0.53151, 8);
INSERT INTO EMPRESA_USUARIO_ITEM (EMPUSU_ID, TECNOLOGIA_ID, DATA_INI, DATA_FIM, FREQUENCIA, CA, DET, EXP)
                          VALUES (123, 38, NULL, NULL, 4, 24, 0.93745, 8);
INSERT INTO EMPRESA_USUARIO_ITEM (EMPUSU_ID, TECNOLOGIA_ID, DATA_INI, DATA_FIM, FREQUENCIA, CA, DET, EXP)
                          VALUES (123, 9, NULL, NULL, 4, 24, 0.01588, 8);
INSERT INTO EMPRESA_USUARIO_ITEM (EMPUSU_ID, TECNOLOGIA_ID, DATA_INI, DATA_FIM, FREQUENCIA, CA, DET, EXP)
                          VALUES (124, 2, NULL, NULL, 5, 76, 0.61346, 19);
INSERT INTO EMPRESA_USUARIO_ITEM (EMPUSU_ID, TECNOLOGIA_ID, DATA_INI, DATA_FIM, FREQUENCIA, CA, DET, EXP)
                          VALUES (124, 67, NULL, NULL, 3, 63.27, 0.563032, 19);
INSERT INTO EMPRESA_USUARIO_ITEM (EMPUSU_ID, TECNOLOGIA_ID, DATA_INI, DATA_FIM, FREQUENCIA, CA, DET, EXP)
                          VALUES (124, 10, NULL, NULL, 4, 69.54, 0.53151, 19);
INSERT INTO EMPRESA_USUARIO_ITEM (EMPUSU_ID, TECNOLOGIA_ID, DATA_INI, DATA_FIM, FREQUENCIA, CA, DET, EXP)
                          VALUES (124, 36, NULL, NULL, 4, 69.54, 0.620824, 19);
INSERT INTO EMPRESA_USUARIO_ITEM (EMPUSU_ID, TECNOLOGIA_ID, DATA_INI, DATA_FIM, FREQUENCIA, CA, DET, EXP)
                          VALUES (124, 27, NULL, NULL, 3, 63.27, 0.453404, 19);
INSERT INTO EMPRESA_USUARIO_ITEM (EMPUSU_ID, TECNOLOGIA_ID, DATA_INI, DATA_FIM, FREQUENCIA, CA, DET, EXP)
                          VALUES (124, 4, NULL, NULL, 3, 63.27, 0.453404, 19);
INSERT INTO EMPRESA_USUARIO_ITEM (EMPUSU_ID, TECNOLOGIA_ID, DATA_INI, DATA_FIM, FREQUENCIA, CA, DET, EXP)
                          VALUES (124, 39, NULL, NULL, 3, 63.27, 0.453404, 19);
INSERT INTO EMPRESA_USUARIO_ITEM (EMPUSU_ID, TECNOLOGIA_ID, DATA_INI, DATA_FIM, FREQUENCIA, CA, DET, EXP)
                          VALUES (124, 41, NULL, NULL, 3, 63.27, 0.453404, 19);
INSERT INTO EMPRESA_USUARIO_ITEM (EMPUSU_ID, TECNOLOGIA_ID, DATA_INI, DATA_FIM, FREQUENCIA, CA, DET, EXP)
                          VALUES (124, 16, NULL, NULL, 4, 69.54, 0.620824, 19);
INSERT INTO EMPRESA_USUARIO_ITEM (EMPUSU_ID, TECNOLOGIA_ID, DATA_INI, DATA_FIM, FREQUENCIA, CA, DET, EXP)
                          VALUES (125, 2, NULL, NULL, 5, 8.66, 0.61346, 2);
INSERT INTO EMPRESA_USUARIO_ITEM (EMPUSU_ID, TECNOLOGIA_ID, DATA_INI, DATA_FIM, FREQUENCIA, CA, DET, EXP)
                          VALUES (125, 67, NULL, NULL, 3, 7.32, 0.563032, 2);
INSERT INTO EMPRESA_USUARIO_ITEM (EMPUSU_ID, TECNOLOGIA_ID, DATA_INI, DATA_FIM, FREQUENCIA, CA, DET, EXP)
                          VALUES (125, 36, NULL, NULL, 4, 8, 0.620824, 2);
INSERT INTO EMPRESA_USUARIO_ITEM (EMPUSU_ID, TECNOLOGIA_ID, DATA_INI, DATA_FIM, FREQUENCIA, CA, DET, EXP)
                          VALUES (125, 10, NULL, NULL, 3, 7.32, 0.53151, 2);
INSERT INTO EMPRESA_USUARIO_ITEM (EMPUSU_ID, TECNOLOGIA_ID, DATA_INI, DATA_FIM, FREQUENCIA, CA, DET, EXP)
                          VALUES (125, 37, NULL, NULL, 4, 8, 0.96664, 2);
INSERT INTO EMPRESA_USUARIO_ITEM (EMPUSU_ID, TECNOLOGIA_ID, DATA_INI, DATA_FIM, FREQUENCIA, CA, DET, EXP)
                          VALUES (125, 38, NULL, NULL, 4, 8, 0.93745, 2);
INSERT INTO EMPRESA_USUARIO_ITEM (EMPUSU_ID, TECNOLOGIA_ID, DATA_INI, DATA_FIM, FREQUENCIA, CA, DET, EXP)
                          VALUES (125, 16, NULL, NULL, 4, 8, 0.620824, 2);
INSERT INTO EMPRESA_USUARIO_ITEM (EMPUSU_ID, TECNOLOGIA_ID, DATA_INI, DATA_FIM, FREQUENCIA, CA, DET, EXP)
                          VALUES (125, 26, NULL, NULL, 2, 6.66, 0.955632, 2);
INSERT INTO EMPRESA_USUARIO_ITEM (EMPUSU_ID, TECNOLOGIA_ID, DATA_INI, DATA_FIM, FREQUENCIA, CA, DET, EXP)
                          VALUES (126, 28, NULL, NULL, 5, 69.54, 0, 19);
INSERT INTO EMPRESA_USUARIO_ITEM (EMPUSU_ID, TECNOLOGIA_ID, DATA_INI, DATA_FIM, FREQUENCIA, CA, DET, EXP)
                          VALUES (126, 1, NULL, NULL, 5, 69.54, 0.489096, 19);
INSERT INTO EMPRESA_USUARIO_ITEM (EMPUSU_ID, TECNOLOGIA_ID, DATA_INI, DATA_FIM, FREQUENCIA, CA, DET, EXP)
                          VALUES (127, 28, NULL, NULL, 5, 54.9, 0, 15);
INSERT INTO EMPRESA_USUARIO_ITEM (EMPUSU_ID, TECNOLOGIA_ID, DATA_INI, DATA_FIM, FREQUENCIA, CA, DET, EXP)
                          VALUES (127, 1, NULL, NULL, 5, 54.9, 0.489096, 15);
INSERT INTO EMPRESA_USUARIO_ITEM (EMPUSU_ID, TECNOLOGIA_ID, DATA_INI, DATA_FIM, FREQUENCIA, CA, DET, EXP)
                          VALUES (127, 4, NULL, NULL, 3, 45, 0, 15);
INSERT INTO EMPRESA_USUARIO_ITEM (EMPUSU_ID, TECNOLOGIA_ID, DATA_INI, DATA_FIM, FREQUENCIA, CA, DET, EXP)
                          VALUES (128, 13, NULL, NULL, 5, 13.32, 0, 4);
INSERT INTO EMPRESA_USUARIO_ITEM (EMPUSU_ID, TECNOLOGIA_ID, DATA_INI, DATA_FIM, FREQUENCIA, CA, DET, EXP)
                          VALUES (128, 10, NULL, NULL, 4, 12, 0, 4);
INSERT INTO EMPRESA_USUARIO_ITEM (EMPUSU_ID, TECNOLOGIA_ID, DATA_INI, DATA_FIM, FREQUENCIA, CA, DET, EXP)
                          VALUES (128, 9, NULL, NULL, 4, 12, 0, 4);
INSERT INTO EMPRESA_USUARIO_ITEM (EMPUSU_ID, TECNOLOGIA_ID, DATA_INI, DATA_FIM, FREQUENCIA, CA, DET, EXP)
                          VALUES (128, 34, NULL, NULL, 4, 12, 0, 4);
INSERT INTO EMPRESA_USUARIO_ITEM (EMPUSU_ID, TECNOLOGIA_ID, DATA_INI, DATA_FIM, FREQUENCIA, CA, DET, EXP)
                          VALUES (129, 1, NULL, NULL, 5, 113.46, 0.489096, 31);
INSERT INTO EMPRESA_USUARIO_ITEM (EMPUSU_ID, TECNOLOGIA_ID, DATA_INI, DATA_FIM, FREQUENCIA, CA, DET, EXP)
                          VALUES (129, 6, NULL, NULL, 5, 113.46, 0.489096, 31);
INSERT INTO EMPRESA_USUARIO_ITEM (EMPUSU_ID, TECNOLOGIA_ID, DATA_INI, DATA_FIM, FREQUENCIA, CA, DET, EXP)
                          VALUES (129, 2, NULL, NULL, 2, 82.46, 0.305616, 31);
INSERT INTO EMPRESA_USUARIO_ITEM (EMPUSU_ID, TECNOLOGIA_ID, DATA_INI, DATA_FIM, FREQUENCIA, CA, DET, EXP)
                          VALUES (129, 5, NULL, NULL, 2, 82.46, 0.305616, 31);
INSERT INTO EMPRESA_USUARIO_ITEM (EMPUSU_ID, TECNOLOGIA_ID, DATA_INI, DATA_FIM, FREQUENCIA, CA, DET, EXP)
                          VALUES (129, 26, NULL, NULL, 2, 82.46, 0.305616, 31);
INSERT INTO EMPRESA_USUARIO_ITEM (EMPUSU_ID, TECNOLOGIA_ID, DATA_INI, DATA_FIM, FREQUENCIA, CA, DET, EXP)
                          VALUES (130, 1, NULL, NULL, 5, 256.2, 0, 70);
INSERT INTO EMPRESA_USUARIO_ITEM (EMPUSU_ID, TECNOLOGIA_ID, DATA_INI, DATA_FIM, FREQUENCIA, CA, DET, EXP)
                          VALUES (130, 16, NULL, NULL, 4, 233.1, 0.633964, 70);
INSERT INTO EMPRESA_USUARIO_ITEM (EMPUSU_ID, TECNOLOGIA_ID, DATA_INI, DATA_FIM, FREQUENCIA, CA, DET, EXP)
                          VALUES (131, 3, NULL, NULL, 5, 96, 0, 24);
INSERT INTO EMPRESA_USUARIO_ITEM (EMPUSU_ID, TECNOLOGIA_ID, DATA_INI, DATA_FIM, FREQUENCIA, CA, DET, EXP)
                          VALUES (131, 67, NULL, NULL, 4, 87.84, 0, 24);
INSERT INTO EMPRESA_USUARIO_ITEM (EMPUSU_ID, TECNOLOGIA_ID, DATA_INI, DATA_FIM, FREQUENCIA, CA, DET, EXP)
                          VALUES (131, 16, NULL, NULL, 4, 87.84, 0.633964, 24);
INSERT INTO EMPRESA_USUARIO_ITEM (EMPUSU_ID, TECNOLOGIA_ID, DATA_INI, DATA_FIM, FREQUENCIA, CA, DET, EXP)
                          VALUES (132, 1, NULL, NULL, 3, 32, 0, 8);
INSERT INTO EMPRESA_USUARIO_ITEM (EMPUSU_ID, TECNOLOGIA_ID, DATA_INI, DATA_FIM, FREQUENCIA, CA, DET, EXP)
                          VALUES (132, 5, NULL, NULL, 4, 34.64, 0, 8);
INSERT INTO EMPRESA_USUARIO_ITEM (EMPUSU_ID, TECNOLOGIA_ID, DATA_INI, DATA_FIM, FREQUENCIA, CA, DET, EXP)
                          VALUES (132, 26, NULL, NULL, 4, 34.64, 0, 8);
INSERT INTO EMPRESA_USUARIO_ITEM (EMPUSU_ID, TECNOLOGIA_ID, DATA_INI, DATA_FIM, FREQUENCIA, CA, DET, EXP)
                          VALUES (132, 6, NULL, NULL, 4, 34.64, 0, 8);
INSERT INTO EMPRESA_USUARIO_ITEM (EMPUSU_ID, TECNOLOGIA_ID, DATA_INI, DATA_FIM, FREQUENCIA, CA, DET, EXP)
                          VALUES (132, 2, NULL, NULL, 3, 32, 0.633964, 8);
INSERT INTO EMPRESA_USUARIO_ITEM (EMPUSU_ID, TECNOLOGIA_ID, DATA_INI, DATA_FIM, FREQUENCIA, CA, DET, EXP)
                          VALUES (132, 16, NULL, NULL, 3, 32, 0.633964, 8);
INSERT INTO EMPRESA_USUARIO_ITEM (EMPUSU_ID, TECNOLOGIA_ID, DATA_INI, DATA_FIM, FREQUENCIA, CA, DET, EXP)
                          VALUES (133, 2, NULL, NULL, 4, 53.28, 0.633964, 16);
INSERT INTO EMPRESA_USUARIO_ITEM (EMPUSU_ID, TECNOLOGIA_ID, DATA_INI, DATA_FIM, FREQUENCIA, CA, DET, EXP)
                          VALUES (133, 10, NULL, NULL, 3, 48, 0.603692, 16);
INSERT INTO EMPRESA_USUARIO_ITEM (EMPUSU_ID, TECNOLOGIA_ID, DATA_INI, DATA_FIM, FREQUENCIA, CA, DET, EXP)
                          VALUES (133, 16, NULL, NULL, 4, 53.28, 0.633964, 16);
INSERT INTO EMPRESA_USUARIO_ITEM (EMPUSU_ID, TECNOLOGIA_ID, DATA_INI, DATA_FIM, FREQUENCIA, CA, DET, EXP)
                          VALUES (134, 9, NULL, NULL, 4, 116.91, 0.633964, 27);
INSERT INTO EMPRESA_USUARIO_ITEM (EMPUSU_ID, TECNOLOGIA_ID, DATA_INI, DATA_FIM, FREQUENCIA, CA, DET, EXP)
                          VALUES (134, 10, NULL, NULL, 4, 116.91, 0.603692, 27);
INSERT INTO EMPRESA_USUARIO_ITEM (EMPUSU_ID, TECNOLOGIA_ID, DATA_INI, DATA_FIM, FREQUENCIA, CA, DET, EXP)
                          VALUES (134, 36, NULL, NULL, 3, 108, 0.572496, 27);
INSERT INTO EMPRESA_USUARIO_ITEM (EMPUSU_ID, TECNOLOGIA_ID, DATA_INI, DATA_FIM, FREQUENCIA, CA, DET, EXP)
                          VALUES (134, 2, NULL, NULL, 4, 116.91, 0.633964, 27);
INSERT INTO EMPRESA_USUARIO_ITEM (EMPUSU_ID, TECNOLOGIA_ID, DATA_INI, DATA_FIM, FREQUENCIA, CA, DET, EXP)
                          VALUES (134, 16, NULL, NULL, 4, 116.91, 0.633964, 27);
INSERT INTO EMPRESA_USUARIO_ITEM (EMPUSU_ID, TECNOLOGIA_ID, DATA_INI, DATA_FIM, FREQUENCIA, CA, DET, EXP)
                          VALUES (135, 2, NULL, NULL, 4, 62.22, 0.633964, 17);
INSERT INTO EMPRESA_USUARIO_ITEM (EMPUSU_ID, TECNOLOGIA_ID, DATA_INI, DATA_FIM, FREQUENCIA, CA, DET, EXP)
                          VALUES (135, 16, NULL, NULL, 4, 62.22, 0.633964, 17);
INSERT INTO EMPRESA_USUARIO_ITEM (EMPUSU_ID, TECNOLOGIA_ID, DATA_INI, DATA_FIM, FREQUENCIA, CA, DET, EXP)
                          VALUES (135, 36, NULL, NULL, 3, 56.61, 0.572496, 17);
INSERT INTO EMPRESA_USUARIO_ITEM (EMPUSU_ID, TECNOLOGIA_ID, DATA_INI, DATA_FIM, FREQUENCIA, CA, DET, EXP)
                          VALUES (135, 10, NULL, NULL, 3, 56.61, 0.603692, 17);
INSERT INTO EMPRESA_USUARIO_ITEM (EMPUSU_ID, TECNOLOGIA_ID, DATA_INI, DATA_FIM, FREQUENCIA, CA, DET, EXP)
                          VALUES (135, 9, NULL, NULL, 4, 62.22, 0.633964, 17);
INSERT INTO EMPRESA_USUARIO_ITEM (EMPUSU_ID, TECNOLOGIA_ID, DATA_INI, DATA_FIM, FREQUENCIA, CA, DET, EXP)
                          VALUES (136, 1, NULL, NULL, 4, 164, 0, 41);
INSERT INTO EMPRESA_USUARIO_ITEM (EMPUSU_ID, TECNOLOGIA_ID, DATA_INI, DATA_FIM, FREQUENCIA, CA, DET, EXP)
                          VALUES (136, 2, NULL, NULL, 4, 164, 0.489768, 41);
INSERT INTO EMPRESA_USUARIO_ITEM (EMPUSU_ID, TECNOLOGIA_ID, DATA_INI, DATA_FIM, FREQUENCIA, CA, DET, EXP)
                          VALUES (136, 5, NULL, NULL, 4, 164, 0, 41);
INSERT INTO EMPRESA_USUARIO_ITEM (EMPUSU_ID, TECNOLOGIA_ID, DATA_INI, DATA_FIM, FREQUENCIA, CA, DET, EXP)
                          VALUES (136, 6, NULL, NULL, 4, 164, 0, 41);
INSERT INTO EMPRESA_USUARIO_ITEM (EMPUSU_ID, TECNOLOGIA_ID, DATA_INI, DATA_FIM, FREQUENCIA, CA, DET, EXP)
                          VALUES (136, 26, NULL, NULL, 3, 150.06, 0, 41);
INSERT INTO EMPRESA_USUARIO_ITEM (EMPUSU_ID, TECNOLOGIA_ID, DATA_INI, DATA_FIM, FREQUENCIA, CA, DET, EXP)
                          VALUES (136, 82, NULL, NULL, 2, 136.53, 0, 41);
INSERT INTO EMPRESA_USUARIO_ITEM (EMPUSU_ID, TECNOLOGIA_ID, DATA_INI, DATA_FIM, FREQUENCIA, CA, DET, EXP)
                          VALUES (136, 83, NULL, NULL, 2, 136.53, 0, 41);
INSERT INTO EMPRESA_USUARIO_ITEM (EMPUSU_ID, TECNOLOGIA_ID, DATA_INI, DATA_FIM, FREQUENCIA, CA, DET, EXP)
                          VALUES (137, 2, NULL, NULL, 5, 242.48, 0.489768, 56);
INSERT INTO EMPRESA_USUARIO_ITEM (EMPUSU_ID, TECNOLOGIA_ID, DATA_INI, DATA_FIM, FREQUENCIA, CA, DET, EXP)
                          VALUES (137, 1, NULL, NULL, 2, 186.48, 0, 56);
INSERT INTO EMPRESA_USUARIO_ITEM (EMPUSU_ID, TECNOLOGIA_ID, DATA_INI, DATA_FIM, FREQUENCIA, CA, DET, EXP)
                          VALUES (137, 5, NULL, NULL, 4, 224, 0, 56);
INSERT INTO EMPRESA_USUARIO_ITEM (EMPUSU_ID, TECNOLOGIA_ID, DATA_INI, DATA_FIM, FREQUENCIA, CA, DET, EXP)
                          VALUES (137, 6, NULL, NULL, 3, 204.96, 0, 56);
INSERT INTO EMPRESA_USUARIO_ITEM (EMPUSU_ID, TECNOLOGIA_ID, DATA_INI, DATA_FIM, FREQUENCIA, CA, DET, EXP)
                          VALUES (137, 26, NULL, NULL, 2, 186.48, 0, 56);
INSERT INTO EMPRESA_USUARIO_ITEM (EMPUSU_ID, TECNOLOGIA_ID, DATA_INI, DATA_FIM, FREQUENCIA, CA, DET, EXP)
                          VALUES (137, 10, NULL, NULL, 3, 204.96, 0.622872, 56);
INSERT INTO EMPRESA_USUARIO_ITEM (EMPUSU_ID, TECNOLOGIA_ID, DATA_INI, DATA_FIM, FREQUENCIA, CA, DET, EXP)
                          VALUES (137, 9, NULL, NULL, 3, 204.96, 0.669656, 56);
INSERT INTO EMPRESA_USUARIO_ITEM (EMPUSU_ID, TECNOLOGIA_ID, DATA_INI, DATA_FIM, FREQUENCIA, CA, DET, EXP)
                          VALUES (137, 36, NULL, NULL, 3, 204.96, 0.57466, 56);
INSERT INTO EMPRESA_USUARIO_ITEM (EMPUSU_ID, TECNOLOGIA_ID, DATA_INI, DATA_FIM, FREQUENCIA, CA, DET, EXP)
                          VALUES (138, 67, NULL, NULL, 2, 43.29, 0.116296, 13);
INSERT INTO EMPRESA_USUARIO_ITEM (EMPUSU_ID, TECNOLOGIA_ID, DATA_INI, DATA_FIM, FREQUENCIA, CA, DET, EXP)
                          VALUES (138, 3, NULL, NULL, 3, 47.58, 0, 13);
INSERT INTO EMPRESA_USUARIO_ITEM (EMPUSU_ID, TECNOLOGIA_ID, DATA_INI, DATA_FIM, FREQUENCIA, CA, DET, EXP)
                          VALUES (138, 16, NULL, NULL, 4, 52, 0.489768, 13);
INSERT INTO EMPRESA_USUARIO_ITEM (EMPUSU_ID, TECNOLOGIA_ID, DATA_INI, DATA_FIM, FREQUENCIA, CA, DET, EXP)
                          VALUES (138, 10, NULL, NULL, 4, 52, 0.622872, 13);
INSERT INTO EMPRESA_USUARIO_ITEM (EMPUSU_ID, TECNOLOGIA_ID, DATA_INI, DATA_FIM, FREQUENCIA, CA, DET, EXP)
                          VALUES (138, 36, NULL, NULL, 4, 52, 0.57466, 13);
INSERT INTO EMPRESA_USUARIO_ITEM (EMPUSU_ID, TECNOLOGIA_ID, DATA_INI, DATA_FIM, FREQUENCIA, CA, DET, EXP)
                          VALUES (138, 9, NULL, NULL, 3, 47.58, 0.669656, 13);
INSERT INTO EMPRESA_USUARIO_ITEM (EMPUSU_ID, TECNOLOGIA_ID, DATA_INI, DATA_FIM, FREQUENCIA, CA, DET, EXP)
                          VALUES (138, 20, NULL, NULL, 3, 47.58, 0, 13);
INSERT INTO EMPRESA_USUARIO_ITEM (EMPUSU_ID, TECNOLOGIA_ID, DATA_INI, DATA_FIM, FREQUENCIA, CA, DET, EXP)
                          VALUES (138, 13, NULL, NULL, 3, 47.58, 0, 13);
INSERT INTO EMPRESA_USUARIO_ITEM (EMPUSU_ID, TECNOLOGIA_ID, DATA_INI, DATA_FIM, FREQUENCIA, CA, DET, EXP)
                          VALUES (138, 11, NULL, NULL, 4, 52, 0, 13);
INSERT INTO EMPRESA_USUARIO_ITEM (EMPUSU_ID, TECNOLOGIA_ID, DATA_INI, DATA_FIM, FREQUENCIA, CA, DET, EXP)
                          VALUES (138, 8, NULL, NULL, 3, 47.58, 0, 13);
INSERT INTO EMPRESA_USUARIO_ITEM (EMPUSU_ID, TECNOLOGIA_ID, DATA_INI, DATA_FIM, FREQUENCIA, CA, DET, EXP)
                          VALUES (138, 34, NULL, NULL, 3, 47.58, 0, 13);
INSERT INTO EMPRESA_USUARIO_ITEM (EMPUSU_ID, TECNOLOGIA_ID, DATA_INI, DATA_FIM, FREQUENCIA, CA, DET, EXP)
                          VALUES (138, 38, NULL, NULL, 4, 52, 0.116296, 13);
INSERT INTO EMPRESA_USUARIO_ITEM (EMPUSU_ID, TECNOLOGIA_ID, DATA_INI, DATA_FIM, FREQUENCIA, CA, DET, EXP)
                          VALUES (138, 84, NULL, NULL, 2, 43.29, 0, 13);
INSERT INTO EMPRESA_USUARIO_ITEM (EMPUSU_ID, TECNOLOGIA_ID, DATA_INI, DATA_FIM, FREQUENCIA, CA, DET, EXP)
                          VALUES (138, 85, NULL, NULL, 3, 47.58, 0, 13);
INSERT INTO EMPRESA_USUARIO_ITEM (EMPUSU_ID, TECNOLOGIA_ID, DATA_INI, DATA_FIM, FREQUENCIA, CA, DET, EXP)
                          VALUES (139, 37, NULL, NULL, 3, 48, 0.09928, 16);
INSERT INTO EMPRESA_USUARIO_ITEM (EMPUSU_ID, TECNOLOGIA_ID, DATA_INI, DATA_FIM, FREQUENCIA, CA, DET, EXP)
                          VALUES (139, 38, NULL, NULL, 4, 53.28, 0.116296, 16);
INSERT INTO EMPRESA_USUARIO_ITEM (EMPUSU_ID, TECNOLOGIA_ID, DATA_INI, DATA_FIM, FREQUENCIA, CA, DET, EXP)
                          VALUES (139, 67, NULL, NULL, 4, 53.28, 0.116296, 16);
INSERT INTO EMPRESA_USUARIO_ITEM (EMPUSU_ID, TECNOLOGIA_ID, DATA_INI, DATA_FIM, FREQUENCIA, CA, DET, EXP)
                          VALUES (139, 2, NULL, NULL, 4, 53.28, 0.489768, 16);
INSERT INTO EMPRESA_USUARIO_ITEM (EMPUSU_ID, TECNOLOGIA_ID, DATA_INI, DATA_FIM, FREQUENCIA, CA, DET, EXP)
                          VALUES (139, 16, NULL, NULL, 4, 53.28, 0.489768, 16);
INSERT INTO EMPRESA_USUARIO_ITEM (EMPUSU_ID, TECNOLOGIA_ID, DATA_INI, DATA_FIM, FREQUENCIA, CA, DET, EXP)
                          VALUES (140, 9, NULL, NULL, 5, 62.22, 0.669656, 17);
INSERT INTO EMPRESA_USUARIO_ITEM (EMPUSU_ID, TECNOLOGIA_ID, DATA_INI, DATA_FIM, FREQUENCIA, CA, DET, EXP)
                          VALUES (140, 10, NULL, NULL, 4, 56.61, 0.622872, 17);
INSERT INTO EMPRESA_USUARIO_ITEM (EMPUSU_ID, TECNOLOGIA_ID, DATA_INI, DATA_FIM, FREQUENCIA, CA, DET, EXP)
                          VALUES (140, 36, NULL, NULL, 3, 51, 0.57466, 17);
INSERT INTO EMPRESA_USUARIO_ITEM (EMPUSU_ID, TECNOLOGIA_ID, DATA_INI, DATA_FIM, FREQUENCIA, CA, DET, EXP)
                          VALUES (140, 2, NULL, NULL, 4, 56.61, 0.489768, 17);
INSERT INTO EMPRESA_USUARIO_ITEM (EMPUSU_ID, TECNOLOGIA_ID, DATA_INI, DATA_FIM, FREQUENCIA, CA, DET, EXP)
                          VALUES (140, 16, NULL, NULL, 4, 56.61, 0.489768, 17);
INSERT INTO EMPRESA_USUARIO_ITEM (EMPUSU_ID, TECNOLOGIA_ID, DATA_INI, DATA_FIM, FREQUENCIA, CA, DET, EXP)
                          VALUES (141, 2, NULL, NULL, 4, 66.6, 0.530376, 20);
INSERT INTO EMPRESA_USUARIO_ITEM (EMPUSU_ID, TECNOLOGIA_ID, DATA_INI, DATA_FIM, FREQUENCIA, CA, DET, EXP)
                          VALUES (141, 16, NULL, NULL, 4, 66.6, 0, 20);
INSERT INTO EMPRESA_USUARIO_ITEM (EMPUSU_ID, TECNOLOGIA_ID, DATA_INI, DATA_FIM, FREQUENCIA, CA, DET, EXP)
                          VALUES (142, 57, NULL, NULL, 5, 39.96, 0, 12);
INSERT INTO EMPRESA_USUARIO_ITEM (EMPUSU_ID, TECNOLOGIA_ID, DATA_INI, DATA_FIM, FREQUENCIA, CA, DET, EXP)
                          VALUES (142, 5, NULL, NULL, 4, 36, 0.19936, 12);
INSERT INTO EMPRESA_USUARIO_ITEM (EMPUSU_ID, TECNOLOGIA_ID, DATA_INI, DATA_FIM, FREQUENCIA, CA, DET, EXP)
                          VALUES (142, 26, NULL, NULL, 3, 31.92, 0, 12);
INSERT INTO EMPRESA_USUARIO_ITEM (EMPUSU_ID, TECNOLOGIA_ID, DATA_INI, DATA_FIM, FREQUENCIA, CA, DET, EXP)
                          VALUES (143, 1, NULL, NULL, 5, 56, 0.244064, 14);
INSERT INTO EMPRESA_USUARIO_ITEM (EMPUSU_ID, TECNOLOGIA_ID, DATA_INI, DATA_FIM, FREQUENCIA, CA, DET, EXP)
                          VALUES (143, 5, NULL, NULL, 4, 51.24, 0.19936, 14);
INSERT INTO EMPRESA_USUARIO_ITEM (EMPUSU_ID, TECNOLOGIA_ID, DATA_INI, DATA_FIM, FREQUENCIA, CA, DET, EXP)
                          VALUES (143, 6, NULL, NULL, 4, 51.24, 0, 14);
INSERT INTO EMPRESA_USUARIO_ITEM (EMPUSU_ID, TECNOLOGIA_ID, DATA_INI, DATA_FIM, FREQUENCIA, CA, DET, EXP)
                          VALUES (144, 1, NULL, NULL, 5, 228.34, 0.244064, 49);
INSERT INTO EMPRESA_USUARIO_ITEM (EMPUSU_ID, TECNOLOGIA_ID, DATA_INI, DATA_FIM, FREQUENCIA, CA, DET, EXP)
                          VALUES (144, 5, NULL, NULL, 3, 196, 0.19936, 49);
INSERT INTO EMPRESA_USUARIO_ITEM (EMPUSU_ID, TECNOLOGIA_ID, DATA_INI, DATA_FIM, FREQUENCIA, CA, DET, EXP)
                          VALUES (145, 4, NULL, NULL, 4, 28, 0.54964, 7);
INSERT INTO EMPRESA_USUARIO_ITEM (EMPUSU_ID, TECNOLOGIA_ID, DATA_INI, DATA_FIM, FREQUENCIA, CA, DET, EXP)
                          VALUES (145, 11, NULL, NULL, 3, 25.62, 0.530376, 7);
INSERT INTO EMPRESA_USUARIO_ITEM (EMPUSU_ID, TECNOLOGIA_ID, DATA_INI, DATA_FIM, FREQUENCIA, CA, DET, EXP)
                          VALUES (145, 2, NULL, NULL, 3, 25.62, 0.530376, 7);
INSERT INTO EMPRESA_USUARIO_ITEM (EMPUSU_ID, TECNOLOGIA_ID, DATA_INI, DATA_FIM, FREQUENCIA, CA, DET, EXP)
                          VALUES (146, 1, NULL, NULL, 5, 76.59, 0.521416, 23);
INSERT INTO EMPRESA_USUARIO_ITEM (EMPUSU_ID, TECNOLOGIA_ID, DATA_INI, DATA_FIM, FREQUENCIA, CA, DET, EXP)
                          VALUES (146, 86, NULL, NULL, 5, 76.59, 0, 23);
INSERT INTO EMPRESA_USUARIO_ITEM (EMPUSU_ID, TECNOLOGIA_ID, DATA_INI, DATA_FIM, FREQUENCIA, CA, DET, EXP)
                          VALUES (147, 1, NULL, NULL, 4, 246.42, 0.521416, 74);
INSERT INTO EMPRESA_USUARIO_ITEM (EMPUSU_ID, TECNOLOGIA_ID, DATA_INI, DATA_FIM, FREQUENCIA, CA, DET, EXP)
                          VALUES (147, 18, NULL, NULL, 5, 270.84, 0, 74);
INSERT INTO EMPRESA_USUARIO_ITEM (EMPUSU_ID, TECNOLOGIA_ID, DATA_INI, DATA_FIM, FREQUENCIA, CA, DET, EXP)
                          VALUES (148, 1, NULL, NULL, 5, 24, 0.521416, 6);
INSERT INTO EMPRESA_USUARIO_ITEM (EMPUSU_ID, TECNOLOGIA_ID, DATA_INI, DATA_FIM, FREQUENCIA, CA, DET, EXP)
                          VALUES (148, 16, NULL, NULL, 4, 21.96, 0, 6);
INSERT INTO EMPRESA_USUARIO_ITEM (EMPUSU_ID, TECNOLOGIA_ID, DATA_INI, DATA_FIM, FREQUENCIA, CA, DET, EXP)
                          VALUES (149, 1, NULL, NULL, 5, 36.63, 0.521416, 11);
INSERT INTO EMPRESA_USUARIO_ITEM (EMPUSU_ID, TECNOLOGIA_ID, DATA_INI, DATA_FIM, FREQUENCIA, CA, DET, EXP)
                          VALUES (149, 6, NULL, NULL, 4, 33, -0.0008, 11);
INSERT INTO EMPRESA_USUARIO_ITEM (EMPUSU_ID, TECNOLOGIA_ID, DATA_INI, DATA_FIM, FREQUENCIA, CA, DET, EXP)
                          VALUES (149, 5, NULL, NULL, 4, 33, 0.457154, 11);
INSERT INTO EMPRESA_USUARIO_ITEM (EMPUSU_ID, TECNOLOGIA_ID, DATA_INI, DATA_FIM, FREQUENCIA, CA, DET, EXP)
                          VALUES (150, 13, NULL, NULL, 3, 76.59, 0.489768, 23);
INSERT INTO EMPRESA_USUARIO_ITEM (EMPUSU_ID, TECNOLOGIA_ID, DATA_INI, DATA_FIM, FREQUENCIA, CA, DET, EXP)
                          VALUES (150, 1, NULL, NULL, 4, 84.18, 0.521416, 23);
INSERT INTO EMPRESA_USUARIO_ITEM (EMPUSU_ID, TECNOLOGIA_ID, DATA_INI, DATA_FIM, FREQUENCIA, CA, DET, EXP)
                          VALUES (150, 34, NULL, NULL, 3, 76.59, 0.489768, 23);
INSERT INTO EMPRESA_USUARIO_ITEM (EMPUSU_ID, TECNOLOGIA_ID, DATA_INI, DATA_FIM, FREQUENCIA, CA, DET, EXP)
                          VALUES (150, 5, NULL, NULL, 3, 76.59, 0.457154, 23);
INSERT INTO EMPRESA_USUARIO_ITEM (EMPUSU_ID, TECNOLOGIA_ID, DATA_INI, DATA_FIM, FREQUENCIA, CA, DET, EXP)
                          VALUES (150, 9, NULL, NULL, 3, 76.59, 0.489768, 23);
INSERT INTO EMPRESA_USUARIO_ITEM (EMPUSU_ID, TECNOLOGIA_ID, DATA_INI, DATA_FIM, FREQUENCIA, CA, DET, EXP)
                          VALUES (150, 10, NULL, NULL, 3, 76.59, 0.489768, 23);
INSERT INTO EMPRESA_USUARIO_ITEM (EMPUSU_ID, TECNOLOGIA_ID, DATA_INI, DATA_FIM, FREQUENCIA, CA, DET, EXP)
                          VALUES (151, 4, NULL, NULL, 4, 62.22, 0, 17);
INSERT INTO EMPRESA_USUARIO_ITEM (EMPUSU_ID, TECNOLOGIA_ID, DATA_INI, DATA_FIM, FREQUENCIA, CA, DET, EXP)
                          VALUES (151, 24, NULL, NULL, 3, 56.61, 0.533632, 17);
INSERT INTO EMPRESA_USUARIO_ITEM (EMPUSU_ID, TECNOLOGIA_ID, DATA_INI, DATA_FIM, FREQUENCIA, CA, DET, EXP)
                          VALUES (151, 10, NULL, NULL, 4, 62.22, 0.533632, 17);
INSERT INTO EMPRESA_USUARIO_ITEM (EMPUSU_ID, TECNOLOGIA_ID, DATA_INI, DATA_FIM, FREQUENCIA, CA, DET, EXP)
                          VALUES (151, 9, NULL, NULL, 4, 62.22, 0.59968, 17);
INSERT INTO EMPRESA_USUARIO_ITEM (EMPUSU_ID, TECNOLOGIA_ID, DATA_INI, DATA_FIM, FREQUENCIA, CA, DET, EXP)
                          VALUES (152, 1, NULL, NULL, 5, 36, 0, 9);
INSERT INTO EMPRESA_USUARIO_ITEM (EMPUSU_ID, TECNOLOGIA_ID, DATA_INI, DATA_FIM, FREQUENCIA, CA, DET, EXP)
                          VALUES (152, 6, NULL, NULL, 5, 36, 0, 9);
INSERT INTO EMPRESA_USUARIO_ITEM (EMPUSU_ID, TECNOLOGIA_ID, DATA_INI, DATA_FIM, FREQUENCIA, CA, DET, EXP)
                          VALUES (153, 4, NULL, NULL, 5, 97.86, 0, 21);
INSERT INTO EMPRESA_USUARIO_ITEM (EMPUSU_ID, TECNOLOGIA_ID, DATA_INI, DATA_FIM, FREQUENCIA, CA, DET, EXP)
                          VALUES (153, 10, NULL, NULL, 4, 90.93, 0.533632, 21);
INSERT INTO EMPRESA_USUARIO_ITEM (EMPUSU_ID, TECNOLOGIA_ID, DATA_INI, DATA_FIM, FREQUENCIA, CA, DET, EXP)
                          VALUES (153, 9, NULL, NULL, 3, 84, 0.59968, 21);
INSERT INTO EMPRESA_USUARIO_ITEM (EMPUSU_ID, TECNOLOGIA_ID, DATA_INI, DATA_FIM, FREQUENCIA, CA, DET, EXP)
                          VALUES (153, 24, NULL, NULL, 3, 84, 0.533632, 21);
INSERT INTO EMPRESA_USUARIO_ITEM (EMPUSU_ID, TECNOLOGIA_ID, DATA_INI, DATA_FIM, FREQUENCIA, CA, DET, EXP)
                          VALUES (153, 11, NULL, NULL, 3, 84, 0.533632, 21);
INSERT INTO EMPRESA_USUARIO_ITEM (EMPUSU_ID, TECNOLOGIA_ID, DATA_INI, DATA_FIM, FREQUENCIA, CA, DET, EXP)
                          VALUES (154, 1, NULL, NULL, 5, 54.9, 0, 15);
INSERT INTO EMPRESA_USUARIO_ITEM (EMPUSU_ID, TECNOLOGIA_ID, DATA_INI, DATA_FIM, FREQUENCIA, CA, DET, EXP)
                          VALUES (154, 6, NULL, NULL, 5, 54.9, 0, 15);
INSERT INTO EMPRESA_USUARIO_ITEM (EMPUSU_ID, TECNOLOGIA_ID, DATA_INI, DATA_FIM, FREQUENCIA, CA, DET, EXP)
                          VALUES (154, 11, NULL, NULL, 2, 39.9, 0.533632, 15);
INSERT INTO EMPRESA_USUARIO_ITEM (EMPUSU_ID, TECNOLOGIA_ID, DATA_INI, DATA_FIM, FREQUENCIA, CA, DET, EXP)
                          VALUES (155, 12, NULL, NULL, 3, 6.66, 0.533632, 2);
INSERT INTO EMPRESA_USUARIO_ITEM (EMPUSU_ID, TECNOLOGIA_ID, DATA_INI, DATA_FIM, FREQUENCIA, CA, DET, EXP)
                          VALUES (155, 11, NULL, NULL, 4, 7.32, 0.533632, 2);
INSERT INTO EMPRESA_USUARIO_ITEM (EMPUSU_ID, TECNOLOGIA_ID, DATA_INI, DATA_FIM, FREQUENCIA, CA, DET, EXP)
                          VALUES (155, 33, NULL, NULL, 2, 6, 0.533632, 2);
INSERT INTO EMPRESA_USUARIO_ITEM (EMPUSU_ID, TECNOLOGIA_ID, DATA_INI, DATA_FIM, FREQUENCIA, CA, DET, EXP)
                          VALUES (156, 13, NULL, NULL, 4, 148, 0.59968, 37);
INSERT INTO EMPRESA_USUARIO_ITEM (EMPUSU_ID, TECNOLOGIA_ID, DATA_INI, DATA_FIM, FREQUENCIA, CA, DET, EXP)
                          VALUES (156, 7, NULL, NULL, 3, 135.42, 0.533632, 37);
INSERT INTO EMPRESA_USUARIO_ITEM (EMPUSU_ID, TECNOLOGIA_ID, DATA_INI, DATA_FIM, FREQUENCIA, CA, DET, EXP)
                          VALUES (156, 8, NULL, NULL, 3, 135.42, 0.533632, 37);
INSERT INTO EMPRESA_USUARIO_ITEM (EMPUSU_ID, TECNOLOGIA_ID, DATA_INI, DATA_FIM, FREQUENCIA, CA, DET, EXP)
                          VALUES (156, 43, NULL, NULL, 4, 148, 0.59968, 37);
INSERT INTO EMPRESA_USUARIO_ITEM (EMPUSU_ID, TECNOLOGIA_ID, DATA_INI, DATA_FIM, FREQUENCIA, CA, DET, EXP)
                          VALUES (156, 24, NULL, NULL, 3, 135.42, 0.533632, 37);
INSERT INTO EMPRESA_USUARIO_ITEM (EMPUSU_ID, TECNOLOGIA_ID, DATA_INI, DATA_FIM, FREQUENCIA, CA, DET, EXP)
                          VALUES (156, 9, NULL, NULL, 4, 148, 0.59968, 37);
INSERT INTO EMPRESA_USUARIO_ITEM (EMPUSU_ID, TECNOLOGIA_ID, DATA_INI, DATA_FIM, FREQUENCIA, CA, DET, EXP)
                          VALUES (156, 10, NULL, NULL, 3, 135.42, 0.533632, 37);
INSERT INTO EMPRESA_USUARIO_ITEM (EMPUSU_ID, TECNOLOGIA_ID, DATA_INI, DATA_FIM, FREQUENCIA, CA, DET, EXP)
                          VALUES (156, 33, NULL, NULL, 3, 135.42, 0.533632, 37);
INSERT INTO EMPRESA_USUARIO_ITEM (EMPUSU_ID, TECNOLOGIA_ID, DATA_INI, DATA_FIM, FREQUENCIA, CA, DET, EXP)
                          VALUES (156, 12, NULL, NULL, 3, 135.42, 0.533632, 37);
INSERT INTO EMPRESA_USUARIO_ITEM (EMPUSU_ID, TECNOLOGIA_ID, DATA_INI, DATA_FIM, FREQUENCIA, CA, DET, EXP)
                          VALUES (156, 11, NULL, NULL, 3, 135.42, 0.533632, 37);
INSERT INTO EMPRESA_USUARIO_ITEM (EMPUSU_ID, TECNOLOGIA_ID, DATA_INI, DATA_FIM, FREQUENCIA, CA, DET, EXP)
                          VALUES (157, 13, NULL, NULL, 3, 372.96, 0.400528, 112);
INSERT INTO EMPRESA_USUARIO_ITEM (EMPUSU_ID, TECNOLOGIA_ID, DATA_INI, DATA_FIM, FREQUENCIA, CA, DET, EXP)
                          VALUES (157, 1, NULL, NULL, 4, 409.92, 0.489592, 112);
INSERT INTO EMPRESA_USUARIO_ITEM (EMPUSU_ID, TECNOLOGIA_ID, DATA_INI, DATA_FIM, FREQUENCIA, CA, DET, EXP)
                          VALUES (157, 2, NULL, NULL, 3, 372.96, 0.057748, 112);
INSERT INTO EMPRESA_USUARIO_ITEM (EMPUSU_ID, TECNOLOGIA_ID, DATA_INI, DATA_FIM, FREQUENCIA, CA, DET, EXP)
                          VALUES (157, 17, NULL, NULL, 4, 409.92, 0.466576, 112);
INSERT INTO EMPRESA_USUARIO_ITEM (EMPUSU_ID, TECNOLOGIA_ID, DATA_INI, DATA_FIM, FREQUENCIA, CA, DET, EXP)
                          VALUES (157, 34, NULL, NULL, 3, 372.96, 0.433552, 112);
INSERT INTO EMPRESA_USUARIO_ITEM (EMPUSU_ID, TECNOLOGIA_ID, DATA_INI, DATA_FIM, FREQUENCIA, CA, DET, EXP)
                          VALUES (157, 16, NULL, NULL, 3, 372.96, 0.057748, 112);
INSERT INTO EMPRESA_USUARIO_ITEM (EMPUSU_ID, TECNOLOGIA_ID, DATA_INI, DATA_FIM, FREQUENCIA, CA, DET, EXP)
                          VALUES (158, 1, NULL, NULL, 5, 432.9, 0.489592, 130);
INSERT INTO EMPRESA_USUARIO_ITEM (EMPUSU_ID, TECNOLOGIA_ID, DATA_INI, DATA_FIM, FREQUENCIA, CA, DET, EXP)
                          VALUES (158, 13, NULL, NULL, 3, 345.8, 0.400528, 130);
INSERT INTO EMPRESA_USUARIO_ITEM (EMPUSU_ID, TECNOLOGIA_ID, DATA_INI, DATA_FIM, FREQUENCIA, CA, DET, EXP)
                          VALUES (158, 17, NULL, NULL, 4, 390, 0.466576, 130);
INSERT INTO EMPRESA_USUARIO_ITEM (EMPUSU_ID, TECNOLOGIA_ID, DATA_INI, DATA_FIM, FREQUENCIA, CA, DET, EXP)
                          VALUES (158, 34, NULL, NULL, 4, 390, 0.433552, 130);
INSERT INTO EMPRESA_USUARIO_ITEM (EMPUSU_ID, TECNOLOGIA_ID, DATA_INI, DATA_FIM, FREQUENCIA, CA, DET, EXP)
                          VALUES (159, 1, NULL, NULL, 4, 33.3, 0.489592, 10);
INSERT INTO EMPRESA_USUARIO_ITEM (EMPUSU_ID, TECNOLOGIA_ID, DATA_INI, DATA_FIM, FREQUENCIA, CA, DET, EXP)
                          VALUES (159, 5, NULL, NULL, 4, 33.3, 0.040984, 10);
INSERT INTO EMPRESA_USUARIO_ITEM (EMPUSU_ID, TECNOLOGIA_ID, DATA_INI, DATA_FIM, FREQUENCIA, CA, DET, EXP)
                          VALUES (160, 1, NULL, NULL, 5, 21.96, 0.489592, 6);
INSERT INTO EMPRESA_USUARIO_ITEM (EMPUSU_ID, TECNOLOGIA_ID, DATA_INI, DATA_FIM, FREQUENCIA, CA, DET, EXP)
                          VALUES (160, 6, NULL, NULL, 5, 21.96, 0, 6);
INSERT INTO EMPRESA_USUARIO_ITEM (EMPUSU_ID, TECNOLOGIA_ID, DATA_INI, DATA_FIM, FREQUENCIA, CA, DET, EXP)
                          VALUES (160, 5, NULL, NULL, 4, 19.98, 0.040984, 6);
INSERT INTO EMPRESA_USUARIO_ITEM (EMPUSU_ID, TECNOLOGIA_ID, DATA_INI, DATA_FIM, FREQUENCIA, CA, DET, EXP)
                          VALUES (161, 1, NULL, NULL, 5, 106.56, 0.489592, 32);
INSERT INTO EMPRESA_USUARIO_ITEM (EMPUSU_ID, TECNOLOGIA_ID, DATA_INI, DATA_FIM, FREQUENCIA, CA, DET, EXP)
                          VALUES (161, 5, NULL, NULL, 3, 85.12, 0.040984, 32);
INSERT INTO EMPRESA_USUARIO_ITEM (EMPUSU_ID, TECNOLOGIA_ID, DATA_INI, DATA_FIM, FREQUENCIA, CA, DET, EXP)
                          VALUES (162, 2, NULL, NULL, 4, 25.62, 0.59267, 7);
INSERT INTO EMPRESA_USUARIO_ITEM (EMPUSU_ID, TECNOLOGIA_ID, DATA_INI, DATA_FIM, FREQUENCIA, CA, DET, EXP)
                          VALUES (162, 11, NULL, NULL, 3, 23.31, 0.572496, 7);
INSERT INTO EMPRESA_USUARIO_ITEM (EMPUSU_ID, TECNOLOGIA_ID, DATA_INI, DATA_FIM, FREQUENCIA, CA, DET, EXP)
                          VALUES (162, 16, NULL, NULL, 4, 25.62, 0.738876, 7);
INSERT INTO EMPRESA_USUARIO_ITEM (EMPUSU_ID, TECNOLOGIA_ID, DATA_INI, DATA_FIM, FREQUENCIA, CA, DET, EXP)
                          VALUES (162, 4, NULL, NULL, 3, 23.31, 0.572496, 7);
INSERT INTO EMPRESA_USUARIO_ITEM (EMPUSU_ID, TECNOLOGIA_ID, DATA_INI, DATA_FIM, FREQUENCIA, CA, DET, EXP)
                          VALUES (163, 1, NULL, NULL, 5, 196.47, 0.305616, 59);
INSERT INTO EMPRESA_USUARIO_ITEM (EMPUSU_ID, TECNOLOGIA_ID, DATA_INI, DATA_FIM, FREQUENCIA, CA, DET, EXP)
                          VALUES (163, 18, NULL, NULL, 4, 177, 0, 59);
INSERT INTO EMPRESA_USUARIO_ITEM (EMPUSU_ID, TECNOLOGIA_ID, DATA_INI, DATA_FIM, FREQUENCIA, CA, DET, EXP)
                          VALUES (164, 1, NULL, NULL, 4, 36, 0.305616, 12);
INSERT INTO EMPRESA_USUARIO_ITEM (EMPUSU_ID, TECNOLOGIA_ID, DATA_INI, DATA_FIM, FREQUENCIA, CA, DET, EXP)
                          VALUES (164, 18, NULL, NULL, 4, 36, 0, 12);
INSERT INTO EMPRESA_USUARIO_ITEM (EMPUSU_ID, TECNOLOGIA_ID, DATA_INI, DATA_FIM, FREQUENCIA, CA, DET, EXP)
                          VALUES (165, 1, NULL, NULL, 4, 36.63, 0.305616, 11);
INSERT INTO EMPRESA_USUARIO_ITEM (EMPUSU_ID, TECNOLOGIA_ID, DATA_INI, DATA_FIM, FREQUENCIA, CA, DET, EXP)
                          VALUES (165, 18, NULL, NULL, 5, 40.26, 0, 11);
INSERT INTO EMPRESA_USUARIO_ITEM (EMPUSU_ID, TECNOLOGIA_ID, DATA_INI, DATA_FIM, FREQUENCIA, CA, DET, EXP)
                          VALUES (166, 1, NULL, NULL, 5, 54.9, 0.305616, 15);
INSERT INTO EMPRESA_USUARIO_ITEM (EMPUSU_ID, TECNOLOGIA_ID, DATA_INI, DATA_FIM, FREQUENCIA, CA, DET, EXP)
                          VALUES (166, 16, NULL, NULL, 4, 49.95, 0.738876, 15);
INSERT INTO EMPRESA_USUARIO_ITEM (EMPUSU_ID, TECNOLOGIA_ID, DATA_INI, DATA_FIM, FREQUENCIA, CA, DET, EXP)
                          VALUES (167, 1, NULL, NULL, 5, 91.5, 0.305616, 25);
INSERT INTO EMPRESA_USUARIO_ITEM (EMPUSU_ID, TECNOLOGIA_ID, DATA_INI, DATA_FIM, FREQUENCIA, CA, DET, EXP)
                          VALUES (167, 17, NULL, NULL, 4, 83.25, 0, 25);
INSERT INTO EMPRESA_USUARIO_ITEM (EMPUSU_ID, TECNOLOGIA_ID, DATA_INI, DATA_FIM, FREQUENCIA, CA, DET, EXP)
                          VALUES (168, 1, NULL, NULL, 5, 96, 0.305616, 24);
INSERT INTO EMPRESA_USUARIO_ITEM (EMPUSU_ID, TECNOLOGIA_ID, DATA_INI, DATA_FIM, FREQUENCIA, CA, DET, EXP)
                          VALUES (168, 6, NULL, NULL, 4, 87.84, 0, 24);
INSERT INTO EMPRESA_USUARIO_ITEM (EMPUSU_ID, TECNOLOGIA_ID, DATA_INI, DATA_FIM, FREQUENCIA, CA, DET, EXP)
                          VALUES (168, 5, NULL, NULL, 2, 72, 0.305616, 24);
INSERT INTO EMPRESA_USUARIO_ITEM (EMPUSU_ID, TECNOLOGIA_ID, DATA_INI, DATA_FIM, FREQUENCIA, CA, DET, EXP)
                          VALUES (169, 1, NULL, NULL, 4, 69.54, 0.305616, 19);
INSERT INTO EMPRESA_USUARIO_ITEM (EMPUSU_ID, TECNOLOGIA_ID, DATA_INI, DATA_FIM, FREQUENCIA, CA, DET, EXP)
                          VALUES (169, 16, NULL, NULL, 4, 69.54, 0.738876, 19);
INSERT INTO EMPRESA_USUARIO_ITEM (EMPUSU_ID, TECNOLOGIA_ID, DATA_INI, DATA_FIM, FREQUENCIA, CA, DET, EXP)
                          VALUES (169, 4, NULL, NULL, 3, 63.27, 0.572496, 19);
INSERT INTO EMPRESA_USUARIO_ITEM (EMPUSU_ID, TECNOLOGIA_ID, DATA_INI, DATA_FIM, FREQUENCIA, CA, DET, EXP)
                          VALUES (169, 44, NULL, NULL, 3, 63.27, 0, 19);
INSERT INTO EMPRESA_USUARIO_ITEM (EMPUSU_ID, TECNOLOGIA_ID, DATA_INI, DATA_FIM, FREQUENCIA, CA, DET, EXP)
                          VALUES (169, 13, NULL, NULL, 4, 69.54, 0, 19);
INSERT INTO EMPRESA_USUARIO_ITEM (EMPUSU_ID, TECNOLOGIA_ID, DATA_INI, DATA_FIM, FREQUENCIA, CA, DET, EXP)
                          VALUES (169, 5, NULL, NULL, 4, 69.54, 0.305616, 19);
INSERT INTO EMPRESA_USUARIO_ITEM (EMPUSU_ID, TECNOLOGIA_ID, DATA_INI, DATA_FIM, FREQUENCIA, CA, DET, EXP)
                          VALUES (170, 1, NULL, NULL, 4, 69.28, 0.305616, 16);
INSERT INTO EMPRESA_USUARIO_ITEM (EMPUSU_ID, TECNOLOGIA_ID, DATA_INI, DATA_FIM, FREQUENCIA, CA, DET, EXP)
                          VALUES (170, 2, NULL, NULL, 3, 64, 0.59267, 16);
INSERT INTO EMPRESA_USUARIO_ITEM (EMPUSU_ID, TECNOLOGIA_ID, DATA_INI, DATA_FIM, FREQUENCIA, CA, DET, EXP)
                          VALUES (170, 4, NULL, NULL, 3, 64, 0.572496, 16);
INSERT INTO EMPRESA_USUARIO_ITEM (EMPUSU_ID, TECNOLOGIA_ID, DATA_INI, DATA_FIM, FREQUENCIA, CA, DET, EXP)
                          VALUES (170, 5, NULL, NULL, 4, 69.28, 0.305616, 16);
INSERT INTO EMPRESA_USUARIO_ITEM (EMPUSU_ID, TECNOLOGIA_ID, DATA_INI, DATA_FIM, FREQUENCIA, CA, DET, EXP)
                          VALUES (170, 11, NULL, NULL, 3, 64, 0.572496, 16);
INSERT INTO EMPRESA_USUARIO_ITEM (EMPUSU_ID, TECNOLOGIA_ID, DATA_INI, DATA_FIM, FREQUENCIA, CA, DET, EXP)
                          VALUES (171, 11, NULL, NULL, 4, 14.64, 0.572496, 4);
INSERT INTO EMPRESA_USUARIO_ITEM (EMPUSU_ID, TECNOLOGIA_ID, DATA_INI, DATA_FIM, FREQUENCIA, CA, DET, EXP)
                          VALUES (171, 2, NULL, NULL, 4, 14.64, 0.59267, 4);
INSERT INTO EMPRESA_USUARIO_ITEM (EMPUSU_ID, TECNOLOGIA_ID, DATA_INI, DATA_FIM, FREQUENCIA, CA, DET, EXP)
                          VALUES (171, 12, NULL, NULL, 3, 13.32, 0.911264, 4);
INSERT INTO EMPRESA_USUARIO_ITEM (EMPUSU_ID, TECNOLOGIA_ID, DATA_INI, DATA_FIM, FREQUENCIA, CA, DET, EXP)
                          VALUES (171, 4, NULL, NULL, 4, 14.64, 0.572496, 4);
INSERT INTO EMPRESA_USUARIO_ITEM (EMPUSU_ID, TECNOLOGIA_ID, DATA_INI, DATA_FIM, FREQUENCIA, CA, DET, EXP)
                          VALUES (172, 1, NULL, NULL, 5, 43.92, 0.59968, 12);
INSERT INTO EMPRESA_USUARIO_ITEM (EMPUSU_ID, TECNOLOGIA_ID, DATA_INI, DATA_FIM, FREQUENCIA, CA, DET, EXP)
                          VALUES (172, 5, NULL, NULL, 5, 43.92, 0.39952, 12);
INSERT INTO EMPRESA_USUARIO_ITEM (EMPUSU_ID, TECNOLOGIA_ID, DATA_INI, DATA_FIM, FREQUENCIA, CA, DET, EXP)
                          VALUES (173, 1, NULL, NULL, 4, 256.41, 0.59968, 77);
INSERT INTO EMPRESA_USUARIO_ITEM (EMPUSU_ID, TECNOLOGIA_ID, DATA_INI, DATA_FIM, FREQUENCIA, CA, DET, EXP)
                          VALUES (173, 5, NULL, NULL, 3, 231, 0.39952, 77);
INSERT INTO EMPRESA_USUARIO_ITEM (EMPUSU_ID, TECNOLOGIA_ID, DATA_INI, DATA_FIM, FREQUENCIA, CA, DET, EXP)
                          VALUES (174, 1, NULL, NULL, 5, 76, 0.59968, 19);
INSERT INTO EMPRESA_USUARIO_ITEM (EMPUSU_ID, TECNOLOGIA_ID, DATA_INI, DATA_FIM, FREQUENCIA, CA, DET, EXP)
                          VALUES (174, 4, NULL, NULL, 3, 63.27, 0.467584, 19);
INSERT INTO EMPRESA_USUARIO_ITEM (EMPUSU_ID, TECNOLOGIA_ID, DATA_INI, DATA_FIM, FREQUENCIA, CA, DET, EXP)
                          VALUES (174, 5, NULL, NULL, 4, 69.54, 0.39952, 19);
INSERT INTO EMPRESA_USUARIO_ITEM (EMPUSU_ID, TECNOLOGIA_ID, DATA_INI, DATA_FIM, FREQUENCIA, CA, DET, EXP)
                          VALUES (174, 34, NULL, NULL, 4, 69.54, 0, 19);
INSERT INTO EMPRESA_USUARIO_ITEM (EMPUSU_ID, TECNOLOGIA_ID, DATA_INI, DATA_FIM, FREQUENCIA, CA, DET, EXP)
                          VALUES (174, 16, NULL, NULL, 3, 63.27, 0, 19);
INSERT INTO EMPRESA_USUARIO_ITEM (EMPUSU_ID, TECNOLOGIA_ID, DATA_INI, DATA_FIM, FREQUENCIA, CA, DET, EXP)
                          VALUES (174, 32, NULL, NULL, 2, 57, 0, 19);
INSERT INTO EMPRESA_USUARIO_ITEM (EMPUSU_ID, TECNOLOGIA_ID, DATA_INI, DATA_FIM, FREQUENCIA, CA, DET, EXP)
                          VALUES (175, 1, NULL, NULL, 5, 10.98, 0.59968, 3);
INSERT INTO EMPRESA_USUARIO_ITEM (EMPUSU_ID, TECNOLOGIA_ID, DATA_INI, DATA_FIM, FREQUENCIA, CA, DET, EXP)
                          VALUES (175, 6, NULL, NULL, 4, 9.99, 0.533632, 3);
INSERT INTO EMPRESA_USUARIO_ITEM (EMPUSU_ID, TECNOLOGIA_ID, DATA_INI, DATA_FIM, FREQUENCIA, CA, DET, EXP)
                          VALUES (176, 1, NULL, NULL, 5, 108, 0.59968, 27);
INSERT INTO EMPRESA_USUARIO_ITEM (EMPUSU_ID, TECNOLOGIA_ID, DATA_INI, DATA_FIM, FREQUENCIA, CA, DET, EXP)
                          VALUES (176, 6, NULL, NULL, 4, 98.82, 0.533632, 27);
INSERT INTO EMPRESA_USUARIO_ITEM (EMPUSU_ID, TECNOLOGIA_ID, DATA_INI, DATA_FIM, FREQUENCIA, CA, DET, EXP)
                          VALUES (176, 5, NULL, NULL, 2, 81, 0.39952, 27);
INSERT INTO EMPRESA_USUARIO_ITEM (EMPUSU_ID, TECNOLOGIA_ID, DATA_INI, DATA_FIM, FREQUENCIA, CA, DET, EXP)
                          VALUES (177, 11, NULL, NULL, 5, 112.58, 0.667744, 26);
INSERT INTO EMPRESA_USUARIO_ITEM (EMPUSU_ID, TECNOLOGIA_ID, DATA_INI, DATA_FIM, FREQUENCIA, CA, DET, EXP)
                          VALUES (177, 4, NULL, NULL, 2, 86.58, 0.467584, 26);
INSERT INTO EMPRESA_USUARIO_ITEM (EMPUSU_ID, TECNOLOGIA_ID, DATA_INI, DATA_FIM, FREQUENCIA, CA, DET, EXP)
                          VALUES (180, 8, NULL, NULL, 4, 86.6, 0.681588, 20);
INSERT INTO EMPRESA_USUARIO_ITEM (EMPUSU_ID, TECNOLOGIA_ID, DATA_INI, DATA_FIM, FREQUENCIA, CA, DET, EXP)
                          VALUES (180, 9, NULL, NULL, 3, 80, 0.61636, 20);
INSERT INTO EMPRESA_USUARIO_ITEM (EMPUSU_ID, TECNOLOGIA_ID, DATA_INI, DATA_FIM, FREQUENCIA, CA, DET, EXP)
                          VALUES (180, 10, NULL, NULL, 3, 80, 0.61636, 20);
INSERT INTO EMPRESA_USUARIO_ITEM (EMPUSU_ID, TECNOLOGIA_ID, DATA_INI, DATA_FIM, FREQUENCIA, CA, DET, EXP)
                          VALUES (181, 8, NULL, NULL, 4, 38.97, 0.681588, 9);
INSERT INTO EMPRESA_USUARIO_ITEM (EMPUSU_ID, TECNOLOGIA_ID, DATA_INI, DATA_FIM, FREQUENCIA, CA, DET, EXP)
                          VALUES (181, 9, NULL, NULL, 3, 36, 0.61636, 9);
INSERT INTO EMPRESA_USUARIO_ITEM (EMPUSU_ID, TECNOLOGIA_ID, DATA_INI, DATA_FIM, FREQUENCIA, CA, DET, EXP)
                          VALUES (181, 10, NULL, NULL, 3, 36, 0.61636, 9);
INSERT INTO EMPRESA_USUARIO_ITEM (EMPUSU_ID, TECNOLOGIA_ID, DATA_INI, DATA_FIM, FREQUENCIA, CA, DET, EXP)
                          VALUES (181, 7, NULL, NULL, 4, 38.97, 0.713236, 9);
INSERT INTO EMPRESA_USUARIO_ITEM (EMPUSU_ID, TECNOLOGIA_ID, DATA_INI, DATA_FIM, FREQUENCIA, CA, DET, EXP)
                          VALUES (182, 14, NULL, NULL, 5, 135.42, 0, 37);
INSERT INTO EMPRESA_USUARIO_ITEM (EMPUSU_ID, TECNOLOGIA_ID, DATA_INI, DATA_FIM, FREQUENCIA, CA, DET, EXP)
                          VALUES (182, 16, NULL, NULL, 3, 111, 0.467584, 37);
INSERT INTO EMPRESA_USUARIO_ITEM (EMPUSU_ID, TECNOLOGIA_ID, DATA_INI, DATA_FIM, FREQUENCIA, CA, DET, EXP)
                          VALUES (182, 67, NULL, NULL, 3, 111, 0.39952, 37);
INSERT INTO EMPRESA_USUARIO_ITEM (EMPUSU_ID, TECNOLOGIA_ID, DATA_INI, DATA_FIM, FREQUENCIA, CA, DET, EXP)
                          VALUES (183, 67, NULL, NULL, 3, 162, 0.39952, 54);
INSERT INTO EMPRESA_USUARIO_ITEM (EMPUSU_ID, TECNOLOGIA_ID, DATA_INI, DATA_FIM, FREQUENCIA, CA, DET, EXP)
                          VALUES (183, 2, NULL, NULL, 4, 179.82, 0.467584, 54);
INSERT INTO EMPRESA_USUARIO_ITEM (EMPUSU_ID, TECNOLOGIA_ID, DATA_INI, DATA_FIM, FREQUENCIA, CA, DET, EXP)
                          VALUES (183, 16, NULL, NULL, 4, 179.82, 0.467584, 54);
INSERT INTO EMPRESA_USUARIO_ITEM (EMPUSU_ID, TECNOLOGIA_ID, DATA_INI, DATA_FIM, FREQUENCIA, CA, DET, EXP)
                          VALUES (183, 38, NULL, NULL, 4, 179.82, 0.467584, 54);
INSERT INTO EMPRESA_USUARIO_ITEM (EMPUSU_ID, TECNOLOGIA_ID, DATA_INI, DATA_FIM, FREQUENCIA, CA, DET, EXP)
                          VALUES (184, 3, NULL, NULL, 4, 33, 0.467584, 11);
INSERT INTO EMPRESA_USUARIO_ITEM (EMPUSU_ID, TECNOLOGIA_ID, DATA_INI, DATA_FIM, FREQUENCIA, CA, DET, EXP)
                          VALUES (184, 16, NULL, NULL, 4, 33, 0.533632, 11);
INSERT INTO EMPRESA_USUARIO_ITEM (EMPUSU_ID, TECNOLOGIA_ID, DATA_INI, DATA_FIM, FREQUENCIA, CA, DET, EXP)
                          VALUES (185, 2, NULL, NULL, 5, 69.54, 0.59968, 19);
INSERT INTO EMPRESA_USUARIO_ITEM (EMPUSU_ID, TECNOLOGIA_ID, DATA_INI, DATA_FIM, FREQUENCIA, CA, DET, EXP)
                          VALUES (185, 3, NULL, NULL, 4, 63.27, 0.467584, 19);
INSERT INTO EMPRESA_USUARIO_ITEM (EMPUSU_ID, TECNOLOGIA_ID, DATA_INI, DATA_FIM, FREQUENCIA, CA, DET, EXP)
                          VALUES (185, 16, NULL, NULL, 5, 69.54, 0.533632, 19);
INSERT INTO EMPRESA_USUARIO_ITEM (EMPUSU_ID, TECNOLOGIA_ID, DATA_INI, DATA_FIM, FREQUENCIA, CA, DET, EXP)
                          VALUES (186, 2, NULL, NULL, 5, 156, 0.59968, 39);
INSERT INTO EMPRESA_USUARIO_ITEM (EMPUSU_ID, TECNOLOGIA_ID, DATA_INI, DATA_FIM, FREQUENCIA, CA, DET, EXP)
                          VALUES (186, 38, NULL, NULL, 4, 142.74, 0.533632, 39);
INSERT INTO EMPRESA_USUARIO_ITEM (EMPUSU_ID, TECNOLOGIA_ID, DATA_INI, DATA_FIM, FREQUENCIA, CA, DET, EXP)
                          VALUES (186, 67, NULL, NULL, 3, 129.87, 0.467584, 39);
INSERT INTO EMPRESA_USUARIO_ITEM (EMPUSU_ID, TECNOLOGIA_ID, DATA_INI, DATA_FIM, FREQUENCIA, CA, DET, EXP)
                          VALUES (186, 3, NULL, NULL, 3, 129.87, 0.467584, 39);
INSERT INTO EMPRESA_USUARIO_ITEM (EMPUSU_ID, TECNOLOGIA_ID, DATA_INI, DATA_FIM, FREQUENCIA, CA, DET, EXP)
                          VALUES (186, 16, NULL, NULL, 4, 142.74, 0.533632, 39);
INSERT INTO EMPRESA_USUARIO_ITEM (EMPUSU_ID, TECNOLOGIA_ID, DATA_INI, DATA_FIM, FREQUENCIA, CA, DET, EXP)
                          VALUES (178, 2, NULL, NULL, 5, 72, 0, 18);
INSERT INTO EMPRESA_USUARIO_ITEM (EMPUSU_ID, TECNOLOGIA_ID, DATA_INI, DATA_FIM, FREQUENCIA, CA, DET, EXP)
                          VALUES (178, 67, NULL, NULL, 4, 65.88, 0, 18);
INSERT INTO EMPRESA_USUARIO_ITEM (EMPUSU_ID, TECNOLOGIA_ID, DATA_INI, DATA_FIM, FREQUENCIA, CA, DET, EXP)
                          VALUES (178, 38, NULL, NULL, 4, 65.88, 0, 18);
INSERT INTO EMPRESA_USUARIO_ITEM (EMPUSU_ID, TECNOLOGIA_ID, DATA_INI, DATA_FIM, FREQUENCIA, CA, DET, EXP)
                          VALUES (178, 16, NULL, NULL, 5, 72, 0, 18);
INSERT INTO EMPRESA_USUARIO_ITEM (EMPUSU_ID, TECNOLOGIA_ID, DATA_INI, DATA_FIM, FREQUENCIA, CA, DET, EXP)
                          VALUES (179, 67, NULL, NULL, 5, 296, 0, 74);
INSERT INTO EMPRESA_USUARIO_ITEM (EMPUSU_ID, TECNOLOGIA_ID, DATA_INI, DATA_FIM, FREQUENCIA, CA, DET, EXP)
                          VALUES (179, 38, NULL, NULL, 4, 270.84, 0, 74);
INSERT INTO EMPRESA_USUARIO_ITEM (EMPUSU_ID, TECNOLOGIA_ID, DATA_INI, DATA_FIM, FREQUENCIA, CA, DET, EXP)
                          VALUES (179, 9, NULL, NULL, 4, 270.84, 0.61636, 74);
INSERT INTO EMPRESA_USUARIO_ITEM (EMPUSU_ID, TECNOLOGIA_ID, DATA_INI, DATA_FIM, FREQUENCIA, CA, DET, EXP)
                          VALUES (179, 36, NULL, NULL, 4, 270.84, 0, 74);
INSERT INTO EMPRESA_USUARIO_ITEM (EMPUSU_ID, TECNOLOGIA_ID, DATA_INI, DATA_FIM, FREQUENCIA, CA, DET, EXP)
                          VALUES (179, 10, NULL, NULL, 4, 270.84, 0.61636, 74);
INSERT INTO EMPRESA_USUARIO_ITEM (EMPUSU_ID, TECNOLOGIA_ID, DATA_INI, DATA_FIM, FREQUENCIA, CA, DET, EXP)
                          VALUES (179, 14, NULL, NULL, 3, 246.42, 0, 74);
INSERT INTO EMPRESA_USUARIO_ITEM (EMPUSU_ID, TECNOLOGIA_ID, DATA_INI, DATA_FIM, FREQUENCIA, CA, DET, EXP)
                          VALUES (187, 14, NULL, NULL, 4, 106.56, 0.333472, 32);
INSERT INTO EMPRESA_USUARIO_ITEM (EMPUSU_ID, TECNOLOGIA_ID, DATA_INI, DATA_FIM, FREQUENCIA, CA, DET, EXP)
                          VALUES (187, 67, NULL, NULL, 4, 106.56, 0.39952, 32);
INSERT INTO EMPRESA_USUARIO_ITEM (EMPUSU_ID, TECNOLOGIA_ID, DATA_INI, DATA_FIM, FREQUENCIA, CA, DET, EXP)
                          VALUES (187, 3, NULL, NULL, 3, 96, 0.467584, 32);
INSERT INTO EMPRESA_USUARIO_ITEM (EMPUSU_ID, TECNOLOGIA_ID, DATA_INI, DATA_FIM, FREQUENCIA, CA, DET, EXP)
                          VALUES (187, 16, NULL, NULL, 3, 96, 0.467584, 32);
INSERT INTO EMPRESA_USUARIO_ITEM (EMPUSU_ID, TECNOLOGIA_ID, DATA_INI, DATA_FIM, FREQUENCIA, CA, DET, EXP)
                          VALUES (188, 67, NULL, NULL, 4, -43.29, 0.39952, -13);
INSERT INTO EMPRESA_USUARIO_ITEM (EMPUSU_ID, TECNOLOGIA_ID, DATA_INI, DATA_FIM, FREQUENCIA, CA, DET, EXP)
                          VALUES (188, 9, NULL, NULL, 3, -39, 0, -13);
INSERT INTO EMPRESA_USUARIO_ITEM (EMPUSU_ID, TECNOLOGIA_ID, DATA_INI, DATA_FIM, FREQUENCIA, CA, DET, EXP)
                          VALUES (188, 10, NULL, NULL, 3, -39, 0, -13);
INSERT INTO EMPRESA_USUARIO_ITEM (EMPUSU_ID, TECNOLOGIA_ID, DATA_INI, DATA_FIM, FREQUENCIA, CA, DET, EXP)
                          VALUES (188, 14, NULL, NULL, 3, -39, 0.333472, -13);
INSERT INTO EMPRESA_USUARIO_ITEM (EMPUSU_ID, TECNOLOGIA_ID, DATA_INI, DATA_FIM, FREQUENCIA, CA, DET, EXP)
                          VALUES (188, 16, NULL, NULL, 4, -43.29, 0.467584, -13);
INSERT INTO EMPRESA_USUARIO_ITEM (EMPUSU_ID, TECNOLOGIA_ID, DATA_INI, DATA_FIM, FREQUENCIA, CA, DET, EXP)
                          VALUES (189, 5, NULL, NULL, 5, 64, 0, 16);
INSERT INTO EMPRESA_USUARIO_ITEM (EMPUSU_ID, TECNOLOGIA_ID, DATA_INI, DATA_FIM, FREQUENCIA, CA, DET, EXP)
                          VALUES (189, 26, NULL, NULL, 3, 53.28, 0, 16);
INSERT INTO EMPRESA_USUARIO_ITEM (EMPUSU_ID, TECNOLOGIA_ID, DATA_INI, DATA_FIM, FREQUENCIA, CA, DET, EXP)
                          VALUES (189, 67, NULL, NULL, 4, 58.56, 0.39952, 16);
INSERT INTO EMPRESA_USUARIO_ITEM (EMPUSU_ID, TECNOLOGIA_ID, DATA_INI, DATA_FIM, FREQUENCIA, CA, DET, EXP)
                          VALUES (189, 3, NULL, NULL, 4, 58.56, 0.467584, 16);
INSERT INTO EMPRESA_USUARIO_ITEM (EMPUSU_ID, TECNOLOGIA_ID, DATA_INI, DATA_FIM, FREQUENCIA, CA, DET, EXP)
                          VALUES (189, 40, NULL, NULL, 3, 53.28, 0, 16);
INSERT INTO EMPRESA_USUARIO_ITEM (EMPUSU_ID, TECNOLOGIA_ID, DATA_INI, DATA_FIM, FREQUENCIA, CA, DET, EXP)
                          VALUES (189, 14, NULL, NULL, 4, 58.56, 0.333472, 16);
INSERT INTO EMPRESA_USUARIO_ITEM (EMPUSU_ID, TECNOLOGIA_ID, DATA_INI, DATA_FIM, FREQUENCIA, CA, DET, EXP)
                          VALUES (190, 5, NULL, NULL, 4, 76.86, 0, 21);
INSERT INTO EMPRESA_USUARIO_ITEM (EMPUSU_ID, TECNOLOGIA_ID, DATA_INI, DATA_FIM, FREQUENCIA, CA, DET, EXP)
                          VALUES (190, 26, NULL, NULL, 3, 69.93, 0, 21);
INSERT INTO EMPRESA_USUARIO_ITEM (EMPUSU_ID, TECNOLOGIA_ID, DATA_INI, DATA_FIM, FREQUENCIA, CA, DET, EXP)
                          VALUES (190, 67, NULL, NULL, 4, 76.86, 0.39952, 21);
INSERT INTO EMPRESA_USUARIO_ITEM (EMPUSU_ID, TECNOLOGIA_ID, DATA_INI, DATA_FIM, FREQUENCIA, CA, DET, EXP)
                          VALUES (190, 14, NULL, NULL, 3, 69.93, 0.333472, 21);
INSERT INTO EMPRESA_USUARIO_ITEM (EMPUSU_ID, TECNOLOGIA_ID, DATA_INI, DATA_FIM, FREQUENCIA, CA, DET, EXP)
                          VALUES (190, 3, NULL, NULL, 3, 69.93, 0.467584, 21);
INSERT INTO EMPRESA_USUARIO_ITEM (EMPUSU_ID, TECNOLOGIA_ID, DATA_INI, DATA_FIM, FREQUENCIA, CA, DET, EXP)
                          VALUES (190, 40, NULL, NULL, 4, 76.86, 0, 21);
INSERT INTO EMPRESA_USUARIO_ITEM (EMPUSU_ID, TECNOLOGIA_ID, DATA_INI, DATA_FIM, FREQUENCIA, CA, DET, EXP)
                          VALUES (190, 16, NULL, NULL, 3, 69.93, 0.467584, 21);
INSERT INTO EMPRESA_USUARIO_ITEM (EMPUSU_ID, TECNOLOGIA_ID, DATA_INI, DATA_FIM, FREQUENCIA, CA, DET, EXP)
                          VALUES (191, 2, NULL, NULL, 3, 171, 0.39952, 57);
INSERT INTO EMPRESA_USUARIO_ITEM (EMPUSU_ID, TECNOLOGIA_ID, DATA_INI, DATA_FIM, FREQUENCIA, CA, DET, EXP)
                          VALUES (191, 67, NULL, NULL, 3, 171, 0.39952, 57);
INSERT INTO EMPRESA_USUARIO_ITEM (EMPUSU_ID, TECNOLOGIA_ID, DATA_INI, DATA_FIM, FREQUENCIA, CA, DET, EXP)
                          VALUES (191, 14, NULL, NULL, 2, 151.62, 0.333472, 57);
INSERT INTO EMPRESA_USUARIO_ITEM (EMPUSU_ID, TECNOLOGIA_ID, DATA_INI, DATA_FIM, FREQUENCIA, CA, DET, EXP)
                          VALUES (191, 3, NULL, NULL, 4, 189.81, 0.467584, 57);
INSERT INTO EMPRESA_USUARIO_ITEM (EMPUSU_ID, TECNOLOGIA_ID, DATA_INI, DATA_FIM, FREQUENCIA, CA, DET, EXP)
                          VALUES (191, 16, NULL, NULL, 4, 189.81, 0.467584, 57);
INSERT INTO EMPRESA_USUARIO_ITEM (EMPUSU_ID, TECNOLOGIA_ID, DATA_INI, DATA_FIM, FREQUENCIA, CA, DET, EXP)
                          VALUES (191, 38, NULL, NULL, 4, 189.81, 0.467584, 57);
INSERT INTO EMPRESA_USUARIO_ITEM (EMPUSU_ID, TECNOLOGIA_ID, DATA_INI, DATA_FIM, FREQUENCIA, CA, DET, EXP)
                          VALUES (179, 16, NULL, NULL, 5, 296, 0, 74);
INSERT INTO EMPRESA_USUARIO_ITEM (EMPUSU_ID, TECNOLOGIA_ID, DATA_INI, DATA_FIM, FREQUENCIA, CA, DET, EXP)
                          VALUES (180, 13, NULL, NULL, 5, 93.2, 0.744884, 20);
INSERT INTO EMPRESA_USUARIO_ITEM (EMPUSU_ID, TECNOLOGIA_ID, DATA_INI, DATA_FIM, FREQUENCIA, CA, DET, EXP)
                          VALUES (180, 20, NULL, NULL, 5, 93.2, 0.744884, 20);
INSERT INTO EMPRESA_USUARIO_ITEM (EMPUSU_ID, TECNOLOGIA_ID, DATA_INI, DATA_FIM, FREQUENCIA, CA, DET, EXP)
                          VALUES (180, 45, NULL, NULL, 5, 93.2, 0.744884, 20);
INSERT INTO EMPRESA_USUARIO_ITEM (EMPUSU_ID, TECNOLOGIA_ID, DATA_INI, DATA_FIM, FREQUENCIA, CA, DET, EXP)
                          VALUES (180, 35, NULL, NULL, 2, 73.2, 0.310952, 20);
INSERT INTO EMPRESA_USUARIO_ITEM (EMPUSU_ID, TECNOLOGIA_ID, DATA_INI, DATA_FIM, FREQUENCIA, CA, DET, EXP)
                          VALUES (181, 13, NULL, NULL, 5, 41.94, 0.744884, 9);
INSERT INTO EMPRESA_USUARIO_ITEM (EMPUSU_ID, TECNOLOGIA_ID, DATA_INI, DATA_FIM, FREQUENCIA, CA, DET, EXP)
                          VALUES (181, 20, NULL, NULL, 5, 41.94, 0.744884, 9);
INSERT INTO EMPRESA_USUARIO_ITEM (EMPUSU_ID, TECNOLOGIA_ID, DATA_INI, DATA_FIM, FREQUENCIA, CA, DET, EXP)
                          VALUES (181, 45, NULL, NULL, 5, 41.94, 0.744884, 9);
INSERT INTO EMPRESA_USUARIO_ITEM (EMPUSU_ID, TECNOLOGIA_ID, DATA_INI, DATA_FIM, FREQUENCIA, CA, DET, EXP)
                          VALUES (180, 7, NULL, NULL, 5, 93.2, 0.713236, 20);
INSERT INTO EMPRESA_USUARIO_ITEM (EMPUSU_ID, TECNOLOGIA_ID, DATA_INI, DATA_FIM, FREQUENCIA, CA, DET, EXP)
                          VALUES (192, 1, NULL, NULL, 5, 208, 0.533632, 52);
INSERT INTO EMPRESA_USUARIO_ITEM (EMPUSU_ID, TECNOLOGIA_ID, DATA_INI, DATA_FIM, FREQUENCIA, CA, DET, EXP)
                          VALUES (192, 5, NULL, NULL, 3, 173.16, 0.467584, 52);
INSERT INTO EMPRESA_USUARIO_ITEM (EMPUSU_ID, TECNOLOGIA_ID, DATA_INI, DATA_FIM, FREQUENCIA, CA, DET, EXP)
                          VALUES (193, 1, NULL, NULL, 5, 329.4, 0.533632, 90);
INSERT INTO EMPRESA_USUARIO_ITEM (EMPUSU_ID, TECNOLOGIA_ID, DATA_INI, DATA_FIM, FREQUENCIA, CA, DET, EXP)
                          VALUES (193, 6, NULL, NULL, 3, 270, 0.39952, 90);
INSERT INTO EMPRESA_USUARIO_ITEM (EMPUSU_ID, TECNOLOGIA_ID, DATA_INI, DATA_FIM, FREQUENCIA, CA, DET, EXP)
                          VALUES (193, 5, NULL, NULL, 4, 299.7, 0.467584, 90);
INSERT INTO EMPRESA_USUARIO_ITEM (EMPUSU_ID, TECNOLOGIA_ID, DATA_INI, DATA_FIM, FREQUENCIA, CA, DET, EXP)
                          VALUES (193, 26, NULL, NULL, 2, 239.4, 0.333472, 90);
INSERT INTO EMPRESA_USUARIO_ITEM (EMPUSU_ID, TECNOLOGIA_ID, DATA_INI, DATA_FIM, FREQUENCIA, CA, DET, EXP)
                          VALUES (193, 4, '2015-03-01', NULL, 3, 60, 0.4996, 20);
INSERT INTO EMPRESA_USUARIO_ITEM (EMPUSU_ID, TECNOLOGIA_ID, DATA_INI, DATA_FIM, FREQUENCIA, CA, DET, EXP)
                          VALUES (193, 19, '2015-03-01', NULL, 3, 60, 0.4996, 20);
INSERT INTO EMPRESA_USUARIO_ITEM (EMPUSU_ID, TECNOLOGIA_ID, DATA_INI, DATA_FIM, FREQUENCIA, CA, DET, EXP)
                          VALUES (193, 9, '2015-03-01', NULL, 2, 53.2, 0.44456, 20);
INSERT INTO EMPRESA_USUARIO_ITEM (EMPUSU_ID, TECNOLOGIA_ID, DATA_INI, DATA_FIM, FREQUENCIA, CA, DET, EXP)
                          VALUES (193, 10, '2015-03-01', NULL, 2, 53.2, 0.44456, 20);
INSERT INTO EMPRESA_USUARIO_ITEM (EMPUSU_ID, TECNOLOGIA_ID, DATA_INI, DATA_FIM, FREQUENCIA, CA, DET, EXP)
                          VALUES (194, 2, NULL, NULL, 5, 281.82, 0.533632, 77);
INSERT INTO EMPRESA_USUARIO_ITEM (EMPUSU_ID, TECNOLOGIA_ID, DATA_INI, DATA_FIM, FREQUENCIA, CA, DET, EXP)
                          VALUES (194, 38, NULL, NULL, 3, 231, 0.39952, 77);
INSERT INTO EMPRESA_USUARIO_ITEM (EMPUSU_ID, TECNOLOGIA_ID, DATA_INI, DATA_FIM, FREQUENCIA, CA, DET, EXP)
                          VALUES (194, 16, NULL, NULL, 4, 256.41, 0.467584, 77);
INSERT INTO EMPRESA_USUARIO_ITEM (EMPUSU_ID, TECNOLOGIA_ID, DATA_INI, DATA_FIM, FREQUENCIA, CA, DET, EXP)
                          VALUES (194, 67, NULL, NULL, 3, 231, 0.39952, 77);
INSERT INTO EMPRESA_USUARIO_ITEM (EMPUSU_ID, TECNOLOGIA_ID, DATA_INI, DATA_FIM, FREQUENCIA, CA, DET, EXP)
                          VALUES (194, 14, NULL, NULL, 3, 231, 0.39952, 77);
INSERT INTO EMPRESA_USUARIO_ITEM (EMPUSU_ID, TECNOLOGIA_ID, DATA_INI, DATA_FIM, FREQUENCIA, CA, DET, EXP)
                          VALUES (194, 5, NULL, NULL, 2, 204.82, 0.333472, 77);
INSERT INTO EMPRESA_USUARIO_ITEM (EMPUSU_ID, TECNOLOGIA_ID, DATA_INI, DATA_FIM, FREQUENCIA, CA, DET, EXP)
                          VALUES (194, 25, NULL, NULL, 3, 231, 0.39952, 77);
INSERT INTO EMPRESA_USUARIO_ITEM (EMPUSU_ID, TECNOLOGIA_ID, DATA_INI, DATA_FIM, FREQUENCIA, CA, DET, EXP)
                          VALUES (195, 3, NULL, NULL, 5, 23.31, 0, 7);
INSERT INTO EMPRESA_USUARIO_ITEM (EMPUSU_ID, TECNOLOGIA_ID, DATA_INI, DATA_FIM, FREQUENCIA, CA, DET, EXP)
                          VALUES (195, 16, NULL, NULL, 4, 21, 0, 7);
INSERT INTO EMPRESA_USUARIO_ITEM (EMPUSU_ID, TECNOLOGIA_ID, DATA_INI, DATA_FIM, FREQUENCIA, CA, DET, EXP)
                          VALUES (196, 5, NULL, NULL, 5, 104, 0.467584, 26);
INSERT INTO EMPRESA_USUARIO_ITEM (EMPUSU_ID, TECNOLOGIA_ID, DATA_INI, DATA_FIM, FREQUENCIA, CA, DET, EXP)
                          VALUES (196, 57, NULL, NULL, 5, 104, 0, 26);
INSERT INTO EMPRESA_USUARIO_ITEM (EMPUSU_ID, TECNOLOGIA_ID, DATA_INI, DATA_FIM, FREQUENCIA, CA, DET, EXP)
                          VALUES (196, 26, NULL, NULL, 4, 95.16, 0, 26);
INSERT INTO EMPRESA_USUARIO_ITEM (EMPUSU_ID, TECNOLOGIA_ID, DATA_INI, DATA_FIM, FREQUENCIA, CA, DET, EXP)
                          VALUES (197, 4, NULL, NULL, 4, 259.86, 0.533632, 71);
INSERT INTO EMPRESA_USUARIO_ITEM (EMPUSU_ID, TECNOLOGIA_ID, DATA_INI, DATA_FIM, FREQUENCIA, CA, DET, EXP)
                          VALUES (197, 44, NULL, NULL, 4, 259.86, 0.533632, 71);
INSERT INTO EMPRESA_USUARIO_ITEM (EMPUSU_ID, TECNOLOGIA_ID, DATA_INI, DATA_FIM, FREQUENCIA, CA, DET, EXP)
                          VALUES (197, 5, NULL, NULL, 3, 236.43, 0.467584, 71);
INSERT INTO EMPRESA_USUARIO_ITEM (EMPUSU_ID, TECNOLOGIA_ID, DATA_INI, DATA_FIM, FREQUENCIA, CA, DET, EXP)
                          VALUES (197, 24, NULL, NULL, 4, 259.86, 0.533632, 71);
INSERT INTO EMPRESA_USUARIO_ITEM (EMPUSU_ID, TECNOLOGIA_ID, DATA_INI, DATA_FIM, FREQUENCIA, CA, DET, EXP)
                          VALUES (197, 43, NULL, NULL, 4, 259.86, 0.533632, 71);
INSERT INTO EMPRESA_USUARIO_ITEM (EMPUSU_ID, TECNOLOGIA_ID, DATA_INI, DATA_FIM, FREQUENCIA, CA, DET, EXP)
                          VALUES (198, 2, NULL, NULL, 5, 144, 0.59968, 36);
INSERT INTO EMPRESA_USUARIO_ITEM (EMPUSU_ID, TECNOLOGIA_ID, DATA_INI, DATA_FIM, FREQUENCIA, CA, DET, EXP)
                          VALUES (198, 38, NULL, NULL, 5, 144, 0.59968, 36);
INSERT INTO EMPRESA_USUARIO_ITEM (EMPUSU_ID, TECNOLOGIA_ID, DATA_INI, DATA_FIM, FREQUENCIA, CA, DET, EXP)
                          VALUES (198, 16, NULL, NULL, 3, 119.88, 0.467584, 36);
INSERT INTO EMPRESA_USUARIO_ITEM (EMPUSU_ID, TECNOLOGIA_ID, DATA_INI, DATA_FIM, FREQUENCIA, CA, DET, EXP)
                          VALUES (198, 36, NULL, NULL, 4, 131.76, 0.533632, 36);
INSERT INTO EMPRESA_USUARIO_ITEM (EMPUSU_ID, TECNOLOGIA_ID, DATA_INI, DATA_FIM, FREQUENCIA, CA, DET, EXP)
                          VALUES (198, 10, NULL, NULL, 3, 119.88, 0.467584, 36);
INSERT INTO EMPRESA_USUARIO_ITEM (EMPUSU_ID, TECNOLOGIA_ID, DATA_INI, DATA_FIM, FREQUENCIA, CA, DET, EXP)
                          VALUES (198, 9, NULL, NULL, 3, 119.88, 0.467584, 36);
INSERT INTO EMPRESA_USUARIO_ITEM (EMPUSU_ID, TECNOLOGIA_ID, DATA_INI, DATA_FIM, FREQUENCIA, CA, DET, EXP)
                          VALUES (198, 67, NULL, NULL, 3, 119.88, 0.467584, 36);
INSERT INTO EMPRESA_USUARIO_ITEM (EMPUSU_ID, TECNOLOGIA_ID, DATA_INI, DATA_FIM, FREQUENCIA, CA, DET, EXP)
                          VALUES (199, 4, NULL, NULL, 5, 108, 0.667744, 27);
INSERT INTO EMPRESA_USUARIO_ITEM (EMPUSU_ID, TECNOLOGIA_ID, DATA_INI, DATA_FIM, FREQUENCIA, CA, DET, EXP)
                          VALUES (199, 33, NULL, NULL, 3, 89.91, 0.59968, 27);
INSERT INTO EMPRESA_USUARIO_ITEM (EMPUSU_ID, TECNOLOGIA_ID, DATA_INI, DATA_FIM, FREQUENCIA, CA, DET, EXP)
                          VALUES (200, 33, NULL, NULL, 4, 456, 0.59968, 114);
INSERT INTO EMPRESA_USUARIO_ITEM (EMPUSU_ID, TECNOLOGIA_ID, DATA_INI, DATA_FIM, FREQUENCIA, CA, DET, EXP)
                          VALUES (200, 4, NULL, NULL, 5, 493.62, 0.667744, 114);
INSERT INTO EMPRESA_USUARIO_ITEM (EMPUSU_ID, TECNOLOGIA_ID, DATA_INI, DATA_FIM, FREQUENCIA, CA, DET, EXP)
                          VALUES (200, 11, NULL, NULL, 4, 456, 0.59968, 114);
INSERT INTO EMPRESA_USUARIO_ITEM (EMPUSU_ID, TECNOLOGIA_ID, DATA_INI, DATA_FIM, FREQUENCIA, CA, DET, EXP)
                          VALUES (201, 1, NULL, NULL, 3, 226.44, 0, 68);
INSERT INTO EMPRESA_USUARIO_ITEM (EMPUSU_ID, TECNOLOGIA_ID, DATA_INI, DATA_FIM, FREQUENCIA, CA, DET, EXP)
                          VALUES (201, 13, NULL, NULL, 4, 248.88, 0, 68);
INSERT INTO EMPRESA_USUARIO_ITEM (EMPUSU_ID, TECNOLOGIA_ID, DATA_INI, DATA_FIM, FREQUENCIA, CA, DET, EXP)
                          VALUES (201, 4, NULL, NULL, 4, 248.88, 0.533632, 68);
INSERT INTO EMPRESA_USUARIO_ITEM (EMPUSU_ID, TECNOLOGIA_ID, DATA_INI, DATA_FIM, FREQUENCIA, CA, DET, EXP)
                          VALUES (201, 9, NULL, NULL, 3, 226.44, 0, 68);
INSERT INTO EMPRESA_USUARIO_ITEM (EMPUSU_ID, TECNOLOGIA_ID, DATA_INI, DATA_FIM, FREQUENCIA, CA, DET, EXP)
                          VALUES (201, 10, NULL, NULL, 3, 226.44, 0, 68);
INSERT INTO EMPRESA_USUARIO_ITEM (EMPUSU_ID, TECNOLOGIA_ID, DATA_INI, DATA_FIM, FREQUENCIA, CA, DET, EXP)
                          VALUES (202, 5, NULL, NULL, 5, 100, 0.533632, 25);
INSERT INTO EMPRESA_USUARIO_ITEM (EMPUSU_ID, TECNOLOGIA_ID, DATA_INI, DATA_FIM, FREQUENCIA, CA, DET, EXP)
                          VALUES (202, 26, NULL, NULL, 3, 83.25, 0, 25);
INSERT INTO EMPRESA_USUARIO_ITEM (EMPUSU_ID, TECNOLOGIA_ID, DATA_INI, DATA_FIM, FREQUENCIA, CA, DET, EXP)
                          VALUES (202, 4, NULL, NULL, 3, 83.25, 0.533632, 25);
INSERT INTO EMPRESA_USUARIO_ITEM (EMPUSU_ID, TECNOLOGIA_ID, DATA_INI, DATA_FIM, FREQUENCIA, CA, DET, EXP)
                          VALUES (202, 44, NULL, NULL, 4, 91.5, 0, 25);
INSERT INTO EMPRESA_USUARIO_ITEM (EMPUSU_ID, TECNOLOGIA_ID, DATA_INI, DATA_FIM, FREQUENCIA, CA, DET, EXP)
                          VALUES (202, 24, NULL, NULL, 3, 83.25, 0, 25);
INSERT INTO EMPRESA_USUARIO_ITEM (EMPUSU_ID, TECNOLOGIA_ID, DATA_INI, DATA_FIM, FREQUENCIA, CA, DET, EXP)
                          VALUES (203, 11, NULL, NULL, 4, 288, 0.59968, 72);
INSERT INTO EMPRESA_USUARIO_ITEM (EMPUSU_ID, TECNOLOGIA_ID, DATA_INI, DATA_FIM, FREQUENCIA, CA, DET, EXP)
                          VALUES (203, 4, NULL, NULL, 3, 263.52, 0.533632, 72);
INSERT INTO EMPRESA_USUARIO_ITEM (EMPUSU_ID, TECNOLOGIA_ID, DATA_INI, DATA_FIM, FREQUENCIA, CA, DET, EXP)
                          VALUES (203, 29, NULL, NULL, 3, 263.52, 0.533632, 72);
INSERT INTO EMPRESA_USUARIO_ITEM (EMPUSU_ID, TECNOLOGIA_ID, DATA_INI, DATA_FIM, FREQUENCIA, CA, DET, EXP)
                          VALUES (203, 30, NULL, NULL, 4, 288, 0.59968, 72);
INSERT INTO EMPRESA_USUARIO_ITEM (EMPUSU_ID, TECNOLOGIA_ID, DATA_INI, DATA_FIM, FREQUENCIA, CA, DET, EXP)
                          VALUES (203, 23, NULL, NULL, 3, 263.52, 0.533632, 72);
INSERT INTO EMPRESA_USUARIO_ITEM (EMPUSU_ID, TECNOLOGIA_ID, DATA_INI, DATA_FIM, FREQUENCIA, CA, DET, EXP)
                          VALUES (203, 36, NULL, NULL, 4, 288, 0.59968, 72);
INSERT INTO EMPRESA_USUARIO_ITEM (EMPUSU_ID, TECNOLOGIA_ID, DATA_INI, DATA_FIM, FREQUENCIA, CA, DET, EXP)
                          VALUES (203, 5, NULL, NULL, 3, 263.52, 0.533632, 72);
INSERT INTO EMPRESA_USUARIO_ITEM (EMPUSU_ID, TECNOLOGIA_ID, DATA_INI, DATA_FIM, FREQUENCIA, CA, DET, EXP)
                          VALUES (203, 74, NULL, NULL, 4, 288, 0.59968, 72);
UPDATE public.empresa_usuario_item SET ca = 0.0;
UPDATE public.empresa_usuario_item SET det = 0.0;